{"version":"0.4","title":"Template &#8211; Home 10","type":"page","content":[{"id":"3ef2f3d3","settings":{"padding":{"unit":"px","top":"0","right":"0","bottom":"110","left":"0","isLinked":false},"gap":"no","padding_tablet":{"unit":"px","top":"0","right":"15","bottom":"100","left":"15","isLinked":false},"padding_mobile":{"unit":"px","top":"25","right":"0","bottom":"25","left":"0","isLinked":false}},"elements":[{"id":"4fd3dc8d","settings":{"_column_size":100,"_inline_size":null},"elements":[{"id":"3e591fe1","settings":{"revslidertitle":"Ohio Home 10","shortcode":"[rev_slider alias=\"ohio-home-10\"][\/rev_slider]"},"elements":[],"isInner":false,"widgetType":"slider_revolution","elType":"widget"}],"isInner":false,"elType":"column"}],"isInner":false,"elType":"section"},{"id":"71be37d0","settings":{"gap":"no","margin":{"unit":"px","top":"60","right":0,"bottom":"0","left":0,"isLinked":false},"margin_tablet":{"unit":"px","top":"0","right":0,"bottom":"0","left":0,"isLinked":false},"padding_tablet":{"unit":"px","top":"30","right":"0","bottom":"0","left":"0","isLinked":false},"padding_mobile":{"unit":"px","top":"25","right":"0","bottom":"0","left":"0","isLinked":false}},"elements":[{"id":"5aaf0f64","settings":{"_column_size":100,"_inline_size":null},"elements":[{"id":"7d54dba0","settings":{"heading_title":"Top Categories","heading_subtitle":"Integer ut urna eu diam rhoncus tempor eu eget lacus. Morbi vel volutpat quam."},"elements":[],"isInner":false,"widgetType":"tbay-heading","elType":"widget"}],"isInner":false,"elType":"column"}],"isInner":false,"elType":"section"},{"id":"7ba3cc6a","settings":{"structure":"20","margin":{"unit":"px","top":"0","right":0,"bottom":"30","left":0,"isLinked":false},"margin_tablet":{"unit":"px","top":"0","right":0,"bottom":"0","left":0,"isLinked":false},"margin_mobile":{"unit":"px","top":"0","right":0,"bottom":"0","left":0,"isLinked":false},"padding_tablet":{"unit":"px","top":"0","right":"0","bottom":"30","left":"0","isLinked":false},"padding_mobile":{"unit":"px","top":"0","right":"0","bottom":"0","left":"0","isLinked":false}},"elements":[{"id":"66d72697","settings":{"_column_size":50,"_inline_size":33.329999999999998,"padding_mobile":{"unit":"px","top":"0","right":"0","bottom":"0","left":"0","isLinked":false}},"elements":[{"id":"32fe8b4c","settings":{"layout_type":"single","view_all_text":"view all categories","category":"dining","images":{"url":"https:\/\/elementor.thembay.com\/puca_ohio\/wp-content\/uploads\/2018\/03\/cate-101.jpg","id":5077},"_padding_mobile":{"unit":"px","top":"0","right":"0","bottom":"0","left":"0","isLinked":false}},"elements":[],"isInner":false,"widgetType":"tbay-furniture-custom-image-list-categories","elType":"widget"}],"isInner":false,"elType":"column"},{"id":"610f7c77","settings":{"_column_size":50,"_inline_size":66.670000000000002,"padding":{"unit":"px","top":"0","right":"0","bottom":"0","left":"0","isLinked":false},"padding_mobile":{"unit":"px","top":"0","right":"0","bottom":"0","left":"0","isLinked":false}},"elements":[{"id":"ead021c","settings":{"structure":"20"},"elements":[{"id":"7c10346a","settings":{"_column_size":50,"_inline_size":null,"padding_mobile":{"unit":"px","top":"0","right":"0","bottom":"0","left":"0","isLinked":false}},"elements":[{"id":"202e7e9c","settings":{"layout_type":"single","view_all_text":"view all categories","images":{"url":"https:\/\/elementor.thembay.com\/puca_ohio\/wp-content\/uploads\/2018\/03\/cate-102.jpg","id":5078}},"elements":[],"isInner":false,"widgetType":"tbay-furniture-custom-image-list-categories","elType":"widget"}],"isInner":true,"elType":"column"},{"id":"2e7c0014","settings":{"_column_size":50,"_inline_size":null,"padding_mobile":{"unit":"px","top":"0","right":"0","bottom":"0","left":"0","isLinked":false}},"elements":[{"id":"63eb446b","settings":{"layout_type":"single","view_all_text":"view all categories","category":"lighting","images":{"url":"https:\/\/elementor.thembay.com\/puca_ohio\/wp-content\/uploads\/2018\/03\/cate-103.jpg","id":5079}},"elements":[],"isInner":false,"widgetType":"tbay-furniture-custom-image-list-categories","elType":"widget"}],"isInner":true,"elType":"column"}],"isInner":true,"elType":"section"},{"id":"11b53d57","settings":{"structure":"20"},"elements":[{"id":"32cea898","settings":{"_column_size":50,"_inline_size":null,"padding_mobile":{"unit":"px","top":"0","right":"0","bottom":"0","left":"0","isLinked":false}},"elements":[{"id":"607adf9d","settings":{"layout_type":"single","view_all_text":"view all categories","category":"bedroom","images":{"url":"https:\/\/elementor.thembay.com\/puca_ohio\/wp-content\/uploads\/2018\/03\/cate-104.jpg","id":5080}},"elements":[],"isInner":false,"widgetType":"tbay-furniture-custom-image-list-categories","elType":"widget"}],"isInner":true,"elType":"column"},{"id":"7fda520e","settings":{"_column_size":50,"_inline_size":null,"padding_mobile":{"unit":"px","top":"0","right":"0","bottom":"0","left":"0","isLinked":false}},"elements":[{"id":"15c4a407","settings":{"layout_type":"single","view_all_text":"view all categories","category":"accessories","images":{"url":"https:\/\/elementor.thembay.com\/puca_ohio\/wp-content\/uploads\/2018\/03\/cate-105.jpg","id":5081}},"elements":[],"isInner":false,"widgetType":"tbay-furniture-custom-image-list-categories","elType":"widget"}],"isInner":true,"elType":"column"}],"isInner":true,"elType":"section"}],"isInner":false,"elType":"column"}],"isInner":false,"elType":"section"},{"id":"16e493c3","settings":{"padding":{"unit":"px","top":"60","right":"0","bottom":"60","left":"0","isLinked":false},"padding_tablet":{"unit":"px","top":"30","right":"0","bottom":"30","left":"0","isLinked":false},"padding_mobile":{"unit":"px","top":"25","right":"0","bottom":"25","left":"0","isLinked":false}},"elements":[{"id":"4cbc8971","settings":{"_column_size":100,"_inline_size":null,"padding_mobile":{"unit":"px","top":"0","right":"0","bottom":"0","left":"0","isLinked":false}},"elements":[{"id":"6ef8c123","settings":{"heading_title":"New Arrivals","heading_subtitle":"Donec iaculis ornare purus in pulvinar. Cras metus sem, egestas ac urna vitae.","product_type":"random_product","layout_type":"carousel","show_view_all":"","view_all_text":"View All","categories":[{"category":"living","category_type":"icon","category_icon":{"value":"","library":""},"category_image":{"url":"","id":""},"thumbnail_size":"full","thumbnail_custom_dimension":{"width":"","height":""},"_id":"5e07c7c"},{"category":"bedroom","category_type":"icon","category_icon":{"value":"","library":""},"category_image":{"url":"","id":""},"thumbnail_size":"full","thumbnail_custom_dimension":{"width":"","height":""},"_id":"a1f7aec"},{"category":"dining","category_type":"icon","category_icon":{"value":"","library":""},"category_image":{"url":"","id":""},"thumbnail_size":"full","thumbnail_custom_dimension":{"width":"","height":""},"_id":"2ad7b7a"},{"category":"office","category_type":"icon","category_icon":{"value":"","library":""},"category_image":{"url":"","id":""},"thumbnail_size":"full","thumbnail_custom_dimension":{"width":"","height":""},"_id":"1e1d252"}],"column":"4","col_desktop":"4","col_desktopsmall":"3","col_landscape":"2","pagination":"yes","column_tablet":"2"},"elements":[],"isInner":false,"widgetType":"tbay-product-categories-tabs","elType":"widget"}],"isInner":false,"elType":"column"}],"isInner":false,"elType":"section"},{"id":"130a0b6b","settings":{"stretch_section":"section-stretched","gap":"no","background_background":"classic","background_image":{"url":"https:\/\/elementor.thembay.com\/puca_ohio\/wp-content\/uploads\/2018\/03\/testimonial_bg.jpg","id":5088},"background_position":"center center","background_repeat":"no-repeat","background_size":"contain","margin":{"unit":"px","top":"60","right":0,"bottom":"60","left":0,"isLinked":true},"margin_tablet":{"unit":"px","top":"0","right":0,"bottom":"0","left":0,"isLinked":false},"padding_tablet":{"unit":"px","top":"30","right":"0","bottom":"30","left":"0","isLinked":false},"padding_mobile":{"unit":"px","top":"25","right":"0","bottom":"25","left":"0","isLinked":false},"margin_mobile":{"unit":"px","top":"0","right":0,"bottom":"0","left":0,"isLinked":false}},"elements":[{"id":"129c66c7","settings":{"_column_size":100,"_inline_size":null},"elements":[{"id":"4b7f4e15","settings":{"structure":"30","background_background":"classic","margin":{"unit":"px","top":"0","right":0,"bottom":"60","left":0,"isLinked":false},"margin_mobile":{"unit":"px","top":"0","right":0,"bottom":"0","left":0,"isLinked":false}},"elements":[{"id":"348e213","settings":{"_column_size":33,"_inline_size":null,"padding_mobile":{"unit":"px","top":"0","right":"0","bottom":"0","left":"0","isLinked":false}},"elements":[{"id":"8f8ea1c","settings":{"image":{"url":"https:\/\/elementor.thembay.com\/puca_ohio\/wp-content\/uploads\/2018\/03\/h4_banner_01.jpg","id":4976}},"elements":[],"isInner":false,"widgetType":"image","elType":"widget"}],"isInner":true,"elType":"column"},{"id":"22884df2","settings":{"_column_size":33,"_inline_size":null,"padding_mobile":{"unit":"px","top":"0","right":"0","bottom":"0","left":"0","isLinked":false}},"elements":[{"id":"3df2f3cb","settings":{"image":{"url":"https:\/\/elementor.thembay.com\/puca_ohio\/wp-content\/uploads\/2018\/03\/h4_banner_02.jpg","id":4977}},"elements":[],"isInner":false,"widgetType":"image","elType":"widget"}],"isInner":true,"elType":"column"},{"id":"2eb07a07","settings":{"_column_size":33,"_inline_size":null,"padding_mobile":{"unit":"px","top":"0","right":"0","bottom":"0","left":"0","isLinked":false}},"elements":[{"id":"2ca01023","settings":{"image":{"url":"https:\/\/elementor.thembay.com\/puca_ohio\/wp-content\/uploads\/2018\/03\/h4_banner_03.jpg","id":4978}},"elements":[],"isInner":false,"widgetType":"image","elType":"widget"}],"isInner":true,"elType":"column"}],"isInner":true,"elType":"section"},{"id":"74bfd736","settings":{"margin":{"unit":"px","top":"","right":0,"bottom":"","left":0,"isLinked":true},"margin_tablet":{"unit":"px","top":"","right":0,"bottom":"","left":0,"isLinked":true},"padding_tablet":{"unit":"px","top":"60","right":"0","bottom":"70","left":"0","isLinked":false},"padding_mobile":{"unit":"px","top":"25","right":"0","bottom":"25","left":"0","isLinked":false},"margin_mobile":{"unit":"px","top":"0","right":0,"bottom":"0","left":0,"isLinked":false}},"elements":[{"id":"7ce9ea7e","settings":{"_column_size":100,"_inline_size":null,"padding_mobile":{"unit":"px","top":"0","right":"0","bottom":"0","left":"0","isLinked":false}},"elements":[{"id":"f518be6","settings":{"heading_title":"Happy Clients Say","heading_subtitle":"Donec iaculis ornare purus in pulvinar","heading_style_padding":{"unit":"px","top":"60","right":"0","bottom":"70","left":"0","isLinked":false},"column":"1","col_desktop":"1","col_desktopsmall":"1","col_landscape":"1","navigation":"","pagination":"yes","column_tablet":"1","column_mobile":"1","disable_mobile":"","heading_style_padding_mobile":{"unit":"px","top":"25","right":"0","bottom":"0","left":"0","isLinked":false}},"elements":[],"isInner":false,"widgetType":"tbay-testimonials","elType":"widget"}],"isInner":true,"elType":"column"}],"isInner":true,"elType":"section"},{"id":"780e8f91","settings":{"margin":{"unit":"px","top":"85","right":0,"bottom":"0","left":0,"isLinked":false},"padding":{"unit":"px","top":"0","right":"0","bottom":"25","left":"0","isLinked":false},"margin_tablet":{"unit":"px","top":"","right":0,"bottom":"","left":0,"isLinked":true},"margin_mobile":{"unit":"px","top":"0","right":0,"bottom":"0","left":0,"isLinked":false},"padding_mobile":{"unit":"px","top":"25","right":"0","bottom":"0","left":"0","isLinked":false}},"elements":[{"id":"f00ca23","settings":{"_column_size":100,"_inline_size":null,"padding_mobile":{"unit":"px","top":"0","right":"0","bottom":"0","left":"0","isLinked":false}},"elements":[{"id":"41162a64","settings":{"heading_title":"Recent News","heading_subtitle":"In dapibus vel ante in auctor. Suspendisse nec nisi vel lorem vulputate elementum.","layout_type":"carousel-v2","thumbnail_size":"thumbnail","column":"3","col_desktop":"3","col_desktopsmall":"2","pagination":"yes","categories":["fashion","gaming","news"],"column_tablet":"2","column_mobile":"1","navigation":"","_padding_mobile":{"unit":"px","top":"0","right":"0","bottom":"0","left":"0","isLinked":false},"_css_classes":"widget-blog"},"elements":[],"isInner":false,"widgetType":"tbay-posts-grid","elType":"widget"}],"isInner":true,"elType":"column"}],"isInner":true,"elType":"section"}],"isInner":false,"elType":"column"}],"isInner":false,"elType":"section"},{"id":"f201538","settings":{"margin":{"unit":"px","top":"","right":0,"bottom":"","left":0,"isLinked":true},"padding":{"unit":"px","top":"30","right":"0","bottom":"30","left":"0","isLinked":false},"padding_tablet":{"unit":"px","top":"30","right":"0","bottom":"30","left":"0","isLinked":false},"padding_mobile":{"unit":"px","top":"25","right":"0","bottom":"25","left":"0","isLinked":false}},"elements":[{"id":"fe57dc2","settings":{"_column_size":100,"_inline_size":null,"padding_mobile":{"unit":"px","top":"0","right":"0","bottom":"0","left":"0","isLinked":false}},"elements":[{"id":"1e08b453","settings":{"layout_type":"carousel","column":"6","col_desktop":"6","col_desktopsmall":"4","col_landscape":"3","disable_mobile":"","column_mobile":"3","_padding_mobile":{"unit":"px","top":"0","right":"0","bottom":"0","left":"0","isLinked":false}},"elements":[],"isInner":false,"widgetType":"tbay-brands","elType":"widget"}],"isInner":false,"elType":"column"}],"isInner":false,"elType":"section"},{"id":"313fb5fe","settings":{"gap":"no","margin":{"unit":"px","top":"","right":0,"bottom":"","left":0,"isLinked":true},"padding":{"unit":"px","top":"60","right":"0","bottom":"0","left":"0","isLinked":false},"padding_tablet":{"unit":"px","top":"30","right":"0","bottom":"0","left":"0","isLinked":false},"padding_mobile":{"unit":"px","top":"25","right":"0","bottom":"0","left":"0","isLinked":false}},"elements":[{"id":"4f7a9b3b","settings":{"_column_size":100,"_inline_size":null,"padding_mobile":{"unit":"px","top":"0","right":"0","bottom":"0","left":"0","isLinked":false}},"elements":[{"id":"41756cb9","settings":{"heading_title":"Our Newsletter","heading_subtitle":"Be the first to hear about our latest products & offers. As a welcome gift, we'll email you a 20% OFF discount code.","_margin":{"unit":"px","top":"0","right":"0","bottom":"40","left":"0","isLinked":false},"_margin_mobile":{"unit":"px","top":"0","right":"0","bottom":"0","left":"0","isLinked":false},"_padding_mobile":{"unit":"px","top":"0","right":"0","bottom":"25","left":"0","isLinked":false}},"elements":[],"isInner":false,"widgetType":"tbay-newsletter","elType":"widget"},{"id":"21fac773","settings":{"social_icon_list":[{"social_icon":{"value":"icon- icon-social-facebook","library":"simple-line-icons"},"_id":"a0aae4c","link":{"url":"#","is_external":"true","nofollow":""}},{"social_icon":{"value":"icon- icon-social-twitter","library":"simple-line-icons"},"_id":"f2649f2","link":{"url":"#","is_external":"true","nofollow":""}},{"social_icon":{"value":"icon- icon-social-youtube","library":"simple-line-icons"},"_id":"5d62901","link":{"url":"#","is_external":"true","nofollow":""}},{"social_icon":{"value":"icon- icon-social-instagram","library":"simple-line-icons"},"link":{"url":"#","is_external":"true","nofollow":""},"_id":"5d1e49e"},{"social_icon":{"value":"icon- icon-social-pinterest","library":"simple-line-icons"},"link":{"url":"#","is_external":"true","nofollow":""},"_id":"c868379"}],"styles":"style2"},"elements":[],"isInner":false,"widgetType":"tbay-social-icons","elType":"widget"}],"isInner":false,"elType":"column"}],"isInner":false,"elType":"section"}]}