{"version":"0.4","title":"Template &#8211; Home 4","type":"page","content":[{"id":"7613e92f","settings":{"stretch_section":"section-stretched","layout":"full_width","gap":"no","padding":{"unit":"px","top":"0","right":"50","bottom":"60","left":"50","isLinked":false},"padding_tablet":{"unit":"px","top":"0","right":"15","bottom":"30","left":"15","isLinked":false},"padding_mobile":{"unit":"px","top":"25","right":"0","bottom":"25","left":"0","isLinked":false}},"elements":[{"id":"13ebdac4","settings":{"_column_size":100,"_inline_size":null},"elements":[{"id":"217fc167","settings":{"revslidertitle":"Ohio Home 04","shortcode":"[rev_slider alias=\"ohio-home-04\"][\/rev_slider]"},"elements":[],"isInner":false,"widgetType":"slider_revolution","elType":"widget"}],"isInner":false,"elType":"column"}],"isInner":false,"elType":"section"},{"id":"132c09b","settings":{"gap":"no","padding":{"unit":"px","top":"60","right":"0","bottom":"60","left":"0","isLinked":false},"padding_tablet":{"unit":"px","top":"30","right":"0","bottom":"30","left":"0","isLinked":false}},"elements":[{"id":"3499dfcb","settings":{"_column_size":100,"_inline_size":null},"elements":[{"id":"dbf1d3d","settings":{"heading_title":"Top Categories","heading_subtitle":"Vestibulum sed pretium massa. Quisque eleifend nisi turpis, non ultrices turpis pellentesque et.","layout_type":"carousel-v2","categoriestabs2":[{"category":"living","images":{"url":"https:\/\/elementor.thembay.com\/puca_ohio\/wp-content\/uploads\/2018\/03\/cate-21.jpg","id":4919},"_id":"3d2f3ba"},{"category":"lighting","images":{"url":"https:\/\/elementor.thembay.com\/puca_ohio\/wp-content\/uploads\/2018\/03\/cate-24.jpg","id":4922},"_id":"93ef45f"},{"category":"bedroom","images":{"url":"https:\/\/elementor.thembay.com\/puca_ohio\/wp-content\/uploads\/2018\/03\/cate-22.jpg","id":4920},"_id":"4e17f30"},{"category":"dining","images":{"url":"https:\/\/elementor.thembay.com\/puca_ohio\/wp-content\/uploads\/2018\/03\/cate-25.jpg","id":4923},"_id":"23bc72b"},{"category":"office","images":{"url":"https:\/\/elementor.thembay.com\/puca_ohio\/wp-content\/uploads\/2018\/03\/cate-27.jpg","id":4925},"_id":"9294389"},{"category":"accents","images":{"url":"https:\/\/elementor.thembay.com\/puca_ohio\/wp-content\/uploads\/2018\/03\/cate-23.jpg","id":4921},"_id":"ee3ef48"}],"view_all_text":"view all categories","column":"3","col_desktop":"3","col_desktopsmall":"3","pagination":"yes","column_tablet":"2","show_view_all":""},"elements":[],"isInner":false,"widgetType":"tbay-furniture-custom-image-list-categories","elType":"widget"}],"isInner":false,"elType":"column"}],"isInner":false,"elType":"section"},{"id":"5a3bfb1e","settings":{"gap":"no","margin":{"unit":"px","top":"60","right":0,"bottom":"60","left":0,"isLinked":true},"margin_tablet":{"unit":"px","top":"0","right":0,"bottom":"0","left":0,"isLinked":false},"margin_mobile":{"unit":"px","top":"0","right":0,"bottom":"0","left":0,"isLinked":false},"padding_tablet":{"unit":"px","top":"30","right":"0","bottom":"30","left":"0","isLinked":false},"padding_mobile":{"unit":"px","top":"25","right":"0","bottom":"25","left":"0","isLinked":false}},"elements":[{"id":"22c6bd11","settings":{"_column_size":100,"_inline_size":null},"elements":[{"id":"7166c112","settings":{"heading_title":"Today Deals","heading_subtitle":"Hodilay gifts for everyone. Choose two favorites and enjoy 70% off for all products only today.","layout_type":"inner-countdown","products":["388","2255","2313","2315","2317","2355","2356","2357","2362"],"column":"3","col_desktop":"3","col_desktopsmall":"3","pagination":"yes","column_tablet":"2"},"elements":[],"isInner":false,"widgetType":"tbay-product-count-down","elType":"widget"}],"isInner":false,"elType":"column"}],"isInner":false,"elType":"section"},{"id":"450a4679","settings":{"gap":"no","padding":{"unit":"px","top":"60","right":"0","bottom":"30","left":"0","isLinked":false},"padding_tablet":{"unit":"px","top":"30","right":"0","bottom":"30","left":"0","isLinked":false},"padding_mobile":{"unit":"px","top":"25","right":"0","bottom":"25","left":"0","isLinked":false}},"elements":[{"id":"19183fd1","settings":{"_column_size":100,"_inline_size":null},"elements":[{"id":"1e73e121","settings":{"heading_title":"About Ohio Furniture","heading_subtitle":"\u201cAenean fringilla eget erat aliquet bibendum. Curabitur ullamcorper semper magna, non facilisis augue sodales vitae. Quisque at sodales diam, eu cursus est. Etiam hendrerit metus magna, a pulvinar nibh placa\u201d","hide_mobile":"hidden-phone"},"elements":[],"isInner":false,"widgetType":"tbay-heading","elType":"widget"},{"id":"48758bd7","settings":{"image":{"url":"https:\/\/elementor.thembay.com\/puca_ohio\/wp-content\/uploads\/2018\/03\/signatuture.png","id":4975},"image_size":"full","hide_mobile":"hidden-phone"},"elements":[],"isInner":false,"widgetType":"image","elType":"widget"}],"isInner":false,"elType":"column"}],"isInner":false,"elType":"section"},{"id":"62c9f90a","settings":{"structure":"30","margin":{"unit":"px","top":"60","right":0,"bottom":"30","left":0,"isLinked":false},"margin_tablet":{"unit":"px","top":"0","right":0,"bottom":"0","left":0,"isLinked":false},"padding_tablet":{"unit":"px","top":"30","right":"0","bottom":"30","left":"0","isLinked":false},"padding_mobile":{"unit":"px","top":"25","right":"0","bottom":"25","left":"0","isLinked":false}},"elements":[{"id":"10ae1f2c","settings":{"_column_size":33,"_inline_size":null,"padding_tablet":{"unit":"px","top":"0","right":"15","bottom":"0","left":"0","isLinked":false},"padding_mobile":{"unit":"px","top":"0","right":"0","bottom":"0","left":"0","isLinked":false}},"elements":[{"id":"2c365676","settings":{"image":{"url":"https:\/\/elementor.thembay.com\/puca_ohio\/wp-content\/uploads\/2018\/03\/h4_banner_01.jpg","id":4976},"link_to":"custom","link":{"url":"#","is_external":"","nofollow":""},"image_size":"full","align_mobile":"center"},"elements":[],"isInner":false,"widgetType":"image","elType":"widget"}],"isInner":false,"elType":"column"},{"id":"144d5209","settings":{"_column_size":33,"_inline_size":null,"padding_tablet":{"unit":"px","top":"0","right":"0","bottom":"0","left":"0","isLinked":false},"padding_mobile":{"unit":"px","top":"0","right":"0","bottom":"0","left":"0","isLinked":false}},"elements":[{"id":"1909d5d7","settings":{"image":{"url":"https:\/\/elementor.thembay.com\/puca_ohio\/wp-content\/uploads\/2018\/03\/h4_banner_02.jpg","id":4977},"align_tablet":"center","link_to":"custom","link":{"url":"#","is_external":"","nofollow":""},"_padding":{"unit":"px","top":"0","right":"0","bottom":"0","left":"0","isLinked":false},"_padding_tablet":{"unit":"px","top":"0","right":"8","bottom":"0","left":"8","isLinked":false},"image_size":"full","align_mobile":"center"},"elements":[],"isInner":false,"widgetType":"image","elType":"widget"}],"isInner":false,"elType":"column"},{"id":"477beaf7","settings":{"_column_size":33,"_inline_size":null,"padding_tablet":{"unit":"px","top":"0","right":"0","bottom":"0","left":"15","isLinked":false},"padding_mobile":{"unit":"px","top":"0","right":"0","bottom":"0","left":"0","isLinked":false}},"elements":[{"id":"2c3aba57","settings":{"image":{"url":"https:\/\/elementor.thembay.com\/puca_ohio\/wp-content\/uploads\/2018\/03\/h4_banner_03.jpg","id":4978},"link_to":"custom","link":{"url":"#","is_external":"","nofollow":""},"image_size":"full","align_mobile":"center"},"elements":[],"isInner":false,"widgetType":"image","elType":"widget"}],"isInner":false,"elType":"column"}],"isInner":false,"elType":"section"},{"id":"238a67d3","settings":{"gap":"no","padding":{"unit":"px","top":"40","right":"0","bottom":"30","left":"0","isLinked":false},"padding_tablet":{"unit":"px","top":"30","right":"0","bottom":"0","left":"0","isLinked":false},"padding_mobile":{"unit":"px","top":"25","right":"0","bottom":"0","left":"0","isLinked":false}},"elements":[{"id":"624a1dc3","settings":{"_column_size":100,"_inline_size":null},"elements":[{"id":"73041422","settings":{"editor":"<p style=\"text-align: center;\"><i class=\"icons icon-note\"><\/i>How\u2018re we doing?\u00a0<strong><a class=\"color2\" href=\"https:\/\/elementor.thembay.com\/puca_ohio\/\">Give us a feedback.<\/a><\/strong><br \/>It\u2019s very important to us to improve your experiences, many thanks for your contributions.<\/p>","_margin":{"unit":"px","top":"0","right":"0","bottom":"30","left":"0","isLinked":false},"_css_classes":"feedback"},"elements":[],"isInner":false,"widgetType":"text-editor","elType":"widget"}],"isInner":false,"elType":"column"}],"isInner":false,"elType":"section"}]}