{"version":"0.4","title":"Template &#8211; Home 16","type":"page","content":[{"id":"37d8fbd3","settings":{"padding":{"unit":"px","top":"0","right":"15","bottom":"60","left":"15","isLinked":false},"stretch_section":"section-stretched","layout":"full_width","css_classes":"tb-full","padding_tablet":{"unit":"px","top":"0","right":"0","bottom":"30","left":"0","isLinked":false},"padding_mobile":{"unit":"px","top":"25","right":"0","bottom":"25","left":"0","isLinked":false}},"elements":[{"id":"5c9a1eb8","settings":{"_column_size":100,"_inline_size":100},"elements":[{"id":"5002d7b1","settings":{"revslidertitle":"Ohio Home 16","shortcode":"[rev_slider alias=\"ohio-home-16\"][\/rev_slider]"},"elements":[],"isInner":false,"widgetType":"slider_revolution","elType":"widget"}],"isInner":false,"elType":"column"}],"isInner":false,"elType":"section"},{"id":"bc5a148","settings":{"padding":{"unit":"px","top":"30","right":"0","bottom":"30","left":"0","isLinked":false},"gap":"no","padding_tablet":{"unit":"px","top":"30","right":"0","bottom":"30","left":"0","isLinked":false},"padding_mobile":{"unit":"px","top":"25","right":"0","bottom":"25","left":"0","isLinked":false}},"elements":[{"id":"225b3cb1","settings":{"_column_size":100,"_inline_size":null},"elements":[{"id":"141689ec","settings":{"number":5,"column":"5","col_desktop":"5","col_desktopsmall":"4","col_landscape":"2","column_tablet":"3","layout_type":"carousel","column_mobile":"2","navigation":""},"elements":[],"isInner":false,"widgetType":"tbay-brands","elType":"widget"}],"isInner":false,"elType":"column"}],"isInner":false,"elType":"section"},{"id":"4dda14a2","settings":{"gap":"no","padding":{"unit":"px","top":"60","right":"0","bottom":"60","left":"0","isLinked":false},"padding_tablet":{"unit":"px","top":"30","right":"0","bottom":"30","left":"0","isLinked":false},"padding_mobile":{"unit":"px","top":"25","right":"0","bottom":"25","left":"0","isLinked":false}},"elements":[{"id":"495c0a60","settings":{"_column_size":100,"_inline_size":null},"elements":[{"id":"5b5748cf","settings":{"heading_title":"Top Categories","heading_subtitle":"Hodilay gifts for everyone. Choose two favorites and enjoy 70% off for all products only today.","layout_type":"carousel-v3","categoriestabs3":[{"category":"living","nav_menu":"custom-menu-category-01","images":{"url":"https:\/\/elementor.thembay.com\/puca_ohio\/wp-content\/uploads\/2018\/03\/cate-32.jpg","id":5011},"_id":"bcb50ff"},{"category":"bedroom","nav_menu":"custom-menu-category-02","images":{"url":"https:\/\/elementor.thembay.com\/puca_ohio\/wp-content\/uploads\/2018\/03\/cate-36.jpg","id":5015},"_id":"b27e5d9"},{"category":"dining","nav_menu":"custom-menu-category-03","images":{"url":"https:\/\/elementor.thembay.com\/puca_ohio\/wp-content\/uploads\/2018\/03\/cate-35.jpg","id":5014},"_id":"4114a09"},{"category":"office","nav_menu":"custom-menu-category-02","images":{"url":"https:\/\/elementor.thembay.com\/puca_ohio\/wp-content\/uploads\/2018\/03\/cate-36.jpg","id":5015},"_id":"f9acfc1"},{"category":"lighting","nav_menu":"custom-menu-category-03","images":{"url":"https:\/\/elementor.thembay.com\/puca_ohio\/wp-content\/uploads\/2018\/03\/cate-34.jpg","id":5013},"_id":"195bf8c"},{"category":"accents","nav_menu":"custom-menu-category-01","images":{"url":"https:\/\/elementor.thembay.com\/puca_ohio\/wp-content\/uploads\/2018\/03\/cate-31.jpg","id":5010},"_id":"d91bf48"}],"view_all_text":"all categories","column":"3","col_desktop":"3","col_desktopsmall":"3","categoriestabs2":[{"category":"living","images":{"url":"https:\/\/elementor.thembay.com\/puca_ohio\/wp-content\/plugins\/elementor\/assets\/images\/placeholder.png","id":""},"_id":"bf26fdd"},{"category":"living","images":{"url":"https:\/\/elementor.thembay.com\/puca_ohio\/wp-content\/plugins\/elementor\/assets\/images\/placeholder.png","id":""},"_id":"d3e6834"},{"category":"living","images":{"url":"https:\/\/elementor.thembay.com\/puca_ohio\/wp-content\/plugins\/elementor\/assets\/images\/placeholder.png","id":""},"_id":"1ff992e"},{"category":"living","images":{"url":"https:\/\/elementor.thembay.com\/puca_ohio\/wp-content\/plugins\/elementor\/assets\/images\/placeholder.png","id":""},"_id":"6743835"},{"category":"living","images":{"url":"https:\/\/elementor.thembay.com\/puca_ohio\/wp-content\/plugins\/elementor\/assets\/images\/placeholder.png","id":""},"_id":"5ca64e4"}],"column_tablet":"2","column_mobile":"1","col_landscape":"1"},"elements":[],"isInner":false,"widgetType":"tbay-furniture-custom-image-list-categories","elType":"widget"}],"isInner":false,"elType":"column"}],"isInner":false,"elType":"section"},{"id":"6ba42617","settings":{"structure":"20","margin":{"unit":"px","top":"","right":0,"bottom":"","left":0,"isLinked":true},"padding":{"unit":"px","top":"60","right":"0","bottom":"30","left":"0","isLinked":false},"padding_tablet":{"unit":"px","top":"30","right":"0","bottom":"30","left":"0","isLinked":false},"padding_mobile":{"unit":"px","top":"25","right":"0","bottom":"25","left":"0","isLinked":false}},"elements":[{"id":"6585f2c3","settings":{"_column_size":50,"_inline_size":33.329999999999998,"padding_mobile":{"unit":"px","top":"0","right":"0","bottom":"0","left":"0","isLinked":false}},"elements":[{"id":"4132b87f","settings":{"image":{"url":"https:\/\/elementor.thembay.com\/puca_ohio\/wp-content\/uploads\/2018\/03\/h14_banner_04.jpg","id":5131},"image_size":"full","link_to":"custom","link":{"url":"#","is_external":"","nofollow":""},"align_mobile":"center"},"elements":[],"isInner":false,"widgetType":"image","elType":"widget"}],"isInner":false,"elType":"column"},{"id":"651eb51","settings":{"_column_size":50,"_inline_size":66.670000000000002,"padding":{"unit":"px","top":"0","right":"0","bottom":"0","left":"0","isLinked":false}},"elements":[{"id":"6d7aefa8","settings":{"margin":{"unit":"px","top":"0","right":0,"bottom":"0","left":0,"isLinked":true}},"elements":[{"id":"53513f76","settings":{"_column_size":100,"_inline_size":null,"padding_mobile":{"unit":"px","top":"0","right":"0","bottom":"0","left":"0","isLinked":false},"hide_mobile":"hidden-phone"},"elements":[{"id":"2ce229bb","settings":{"image":{"url":"https:\/\/elementor.thembay.com\/puca_ohio\/wp-content\/uploads\/2018\/03\/h14_banner_01.jpg","id":5128},"image_size":"full","link_to":"custom","link":{"url":"#","is_external":"","nofollow":""},"_margin":{"unit":"px","top":"0","right":"0","bottom":"30","left":"0","isLinked":false},"css_filters_hover_css_filter":"custom","align_mobile":"center","_margin_mobile":{"unit":"px","top":"0","right":"0","bottom":"0","left":"0","isLinked":false}},"elements":[],"isInner":false,"widgetType":"image","elType":"widget"}],"isInner":true,"elType":"column"}],"isInner":true,"elType":"section"},{"id":"1f8ce078","settings":{"structure":"20"},"elements":[{"id":"351e0d32","settings":{"_column_size":50,"_inline_size":null,"padding_mobile":{"unit":"px","top":"0","right":"0","bottom":"0","left":"0","isLinked":false}},"elements":[{"id":"69e9c1f1","settings":{"image":{"url":"https:\/\/elementor.thembay.com\/puca_ohio\/wp-content\/uploads\/2018\/03\/h14_banner_02.jpg","id":5129},"image_size":"full","link_to":"custom","link":{"url":"#","is_external":"","nofollow":""},"align":"left","_padding":{"unit":"px","top":"0","right":"0","bottom":"0","left":"0","isLinked":false},"align_mobile":"center"},"elements":[],"isInner":false,"widgetType":"image","elType":"widget"}],"isInner":true,"elType":"column"},{"id":"665cf89d","settings":{"_column_size":50,"_inline_size":null,"padding_mobile":{"unit":"px","top":"0","right":"0","bottom":"0","left":"0","isLinked":false}},"elements":[{"id":"2c5d9ad9","settings":{"image":{"url":"https:\/\/elementor.thembay.com\/puca_ohio\/wp-content\/uploads\/2018\/03\/h14_banner_03.jpg","id":5130},"image_size":"full","link_to":"custom","link":{"url":"#","is_external":"","nofollow":""},"align":"right","align_mobile":"center"},"elements":[],"isInner":false,"widgetType":"image","elType":"widget"}],"isInner":true,"elType":"column"}],"isInner":true,"elType":"section"}],"isInner":false,"elType":"column"}],"isInner":false,"elType":"section"},{"id":"6ea32429","settings":{"gap":"no","padding":{"unit":"px","top":"60","right":"0","bottom":"60","left":"0","isLinked":false},"padding_tablet":{"unit":"px","top":"30","right":"0","bottom":"30","left":"0","isLinked":false},"padding_mobile":{"unit":"px","top":"25","right":"0","bottom":"25","left":"0","isLinked":false}},"elements":[{"id":"1f41743e","settings":{"_column_size":100,"_inline_size":null},"elements":[{"id":"7eb21805","settings":{"heading_title":"Top Selling","heading_subtitle":"Donec iaculis ornare purus in pulvinar. Cras metus sem.","layout_type":"carousel-special","categories":["living","lighting","accessories","recommended"],"product_type":"random_product","text_button":"show more","column":"3","col_desktop":"3","col_desktopsmall":"3","rows":"2","navigation":"","pagination":"yes","limit":12,"show_more":"","column_tablet":"2"},"elements":[],"isInner":false,"widgetType":"tbay-products","elType":"widget"}],"isInner":false,"elType":"column"}],"isInner":false,"elType":"section"},{"id":"7d3609d7","settings":{"gap":"no","margin":{"unit":"px","top":"60","right":0,"bottom":"90","left":0,"isLinked":false},"margin_tablet":{"unit":"px","top":"0","right":0,"bottom":"0","left":0,"isLinked":false},"padding_tablet":{"unit":"px","top":"30","right":"0","bottom":"0","left":"0","isLinked":false},"padding_mobile":{"unit":"px","top":"25","right":"0","bottom":"0","left":"0","isLinked":false}},"elements":[{"id":"37212c54","settings":{"_column_size":100,"_inline_size":null},"elements":[{"id":"544ce7ac","settings":{"editor":"<p style=\"text-align: center;\"><i class=\"icons icon-note\"><\/i> How\u2018re we doing?\u00a0<strong><a class=\"color2\" href=\"https:\/\/elementor.thembay.com\/puca_ohio\">Give us a feedback.<\/a><\/strong><br \/>It\u2019s very important to us to improve your experiences, many thanks for your contributions.<\/p>","_margin":{"unit":"px","top":"0","right":"0","bottom":"30","left":"0","isLinked":false},"_css_classes":"feedback"},"elements":[],"isInner":false,"widgetType":"text-editor","elType":"widget"}],"isInner":false,"elType":"column"}],"isInner":false,"elType":"section"}]}