{"version":"0.4","title":"Template &#8211; Home 14","type":"page","content":[{"id":"4fad3941","settings":{"stretch_section":"section-stretched","layout":"full_width","gap":"no","padding":{"unit":"px","top":"0","right":"0","bottom":"60","left":"0","isLinked":false},"padding_tablet":{"unit":"px","top":"0","right":"0","bottom":"30","left":"0","isLinked":false},"padding_mobile":{"unit":"px","top":"0","right":"0","bottom":"25","left":"0","isLinked":false}},"elements":[{"id":"1b732435","settings":{"_column_size":100,"_inline_size":null},"elements":[{"id":"759dc796","settings":{"revslidertitle":"Ohio Home 14","shortcode":"[rev_slider alias=\"ohio-home-14\"][\/rev_slider]"},"elements":[],"isInner":false,"widgetType":"slider_revolution","elType":"widget"}],"isInner":false,"elType":"column"}],"isInner":false,"elType":"section"},{"id":"2d00a890","settings":{"padding":{"unit":"px","top":"60","right":"0","bottom":"60","left":"0","isLinked":false},"padding_tablet":{"unit":"px","top":"30","right":"0","bottom":"30","left":"0","isLinked":false},"padding_mobile":{"unit":"px","top":"25","right":"0","bottom":"25","left":"0","isLinked":false}},"elements":[{"id":"27ba7e68","settings":{"_column_size":100,"_inline_size":null},"elements":[{"id":"3f1fa0fc","settings":{"heading_title":"Top Categories","heading_subtitle":"Hodilay gifts for everyone. Choose two favorites and enjoy 70% off for all products only today.","layout_type":"carousel-v3","categoriestabs3":[{"category":"living","nav_menu":"custom-menu-category-01","images":{"url":"https:\/\/elementor.thembay.com\/puca_ohio\/wp-content\/uploads\/2018\/03\/cate-35.jpg","id":5014},"_id":"bcb50ff"},{"category":"bedroom","nav_menu":"custom-menu-category-02","images":{"url":"https:\/\/elementor.thembay.com\/puca_ohio\/wp-content\/uploads\/2018\/03\/cate-32.jpg","id":5011},"_id":"b27e5d9"},{"category":"dining","nav_menu":"custom-menu-category-03","images":{"url":"https:\/\/elementor.thembay.com\/puca_ohio\/wp-content\/uploads\/2018\/03\/cate-33.jpg","id":5012},"_id":"4114a09"},{"category":"office","nav_menu":"custom-menu-category-02","images":{"url":"https:\/\/elementor.thembay.com\/puca_ohio\/wp-content\/uploads\/2018\/03\/cate-36.jpg","id":5015},"_id":"f9acfc1"},{"category":"lighting","nav_menu":"custom-menu-category-03","images":{"url":"https:\/\/elementor.thembay.com\/puca_ohio\/wp-content\/uploads\/2018\/03\/cate-34.jpg","id":5013},"_id":"195bf8c"},{"category":"accents","nav_menu":"custom-menu-category-01","images":{"url":"https:\/\/elementor.thembay.com\/puca_ohio\/wp-content\/uploads\/2018\/03\/cate-31.jpg","id":5010},"_id":"d91bf48"}],"view_all_text":"all categories","column":"3","col_desktop":"3","col_desktopsmall":"3","display_count":"","column_tablet":"2","column_mobile":"1","col_landscape":"1"},"elements":[],"isInner":false,"widgetType":"tbay-furniture-custom-image-list-categories","elType":"widget"}],"isInner":false,"elType":"column"}],"isInner":false,"elType":"section"},{"id":"600da1f6","settings":{"structure":"20","margin":{"unit":"px","top":"","right":0,"bottom":"","left":0,"isLinked":true},"padding":{"unit":"px","top":"60","right":"0","bottom":"30","left":"0","isLinked":false},"padding_tablet":{"unit":"px","top":"30","right":"0","bottom":"30","left":"0","isLinked":false},"padding_mobile":{"unit":"px","top":"25","right":"0","bottom":"25","left":"0","isLinked":false}},"elements":[{"id":"116220ce","settings":{"_column_size":50,"_inline_size":66.670000000000002,"padding":{"unit":"px","top":"0","right":"0","bottom":"0","left":"0","isLinked":false}},"elements":[{"id":"55cf7364","settings":{"margin":{"unit":"px","top":"0","right":0,"bottom":"0","left":0,"isLinked":false},"hide_mobile":"hidden-phone"},"elements":[{"id":"6ade6102","settings":{"_column_size":100,"_inline_size":null,"padding_mobile":{"unit":"px","top":"0","right":"0","bottom":"0","left":"0","isLinked":false},"animation":"fadeInLeft"},"elements":[{"id":"58a5da25","settings":{"image":{"url":"https:\/\/elementor.thembay.com\/puca_ohio\/wp-content\/uploads\/2018\/03\/h14_banner_01.jpg","id":5128},"image_size":"full","link_to":"custom","link":{"url":"#","is_external":"","nofollow":""},"_margin":{"unit":"px","top":"0","right":"0","bottom":"30","left":"0","isLinked":false}},"elements":[],"isInner":false,"widgetType":"image","elType":"widget"}],"isInner":true,"elType":"column"}],"isInner":true,"elType":"section"},{"id":"4048e3de","settings":{"structure":"20","animation":"fadeInLeft"},"elements":[{"id":"2892e626","settings":{"_column_size":50,"_inline_size":null,"padding_mobile":{"unit":"px","top":"0","right":"0","bottom":"0","left":"0","isLinked":false}},"elements":[{"id":"124a627c","settings":{"image":{"url":"https:\/\/elementor.thembay.com\/puca_ohio\/wp-content\/uploads\/2018\/03\/h14_banner_02.jpg","id":5129},"image_size":"full","link_to":"custom","link":{"url":"#","is_external":"","nofollow":""}},"elements":[],"isInner":false,"widgetType":"image","elType":"widget"}],"isInner":true,"elType":"column"},{"id":"69cce059","settings":{"_column_size":50,"_inline_size":null,"padding_mobile":{"unit":"px","top":"0","right":"0","bottom":"0","left":"0","isLinked":false}},"elements":[{"id":"5f9286e1","settings":{"image":{"url":"https:\/\/elementor.thembay.com\/puca_ohio\/wp-content\/uploads\/2018\/03\/h14_banner_03.jpg","id":5130},"image_size":"full","link_to":"custom","link":{"url":"#","is_external":"","nofollow":""}},"elements":[],"isInner":false,"widgetType":"image","elType":"widget"}],"isInner":true,"elType":"column"}],"isInner":true,"elType":"section"}],"isInner":false,"elType":"column"},{"id":"67528dc9","settings":{"_column_size":50,"_inline_size":33.329999999999998,"padding_mobile":{"unit":"px","top":"0","right":"0","bottom":"0","left":"0","isLinked":false},"animation":"fadeInRight"},"elements":[{"id":"39e1b011","settings":{"image":{"url":"https:\/\/elementor.thembay.com\/puca_ohio\/wp-content\/uploads\/2018\/03\/h14_banner_04.jpg","id":5131},"link_to":"custom","link":{"url":"#","is_external":"","nofollow":"","custom_attributes":""}},"elements":[],"isInner":false,"widgetType":"image","elType":"widget"}],"isInner":false,"elType":"column"}],"isInner":false,"elType":"section"},{"id":"6d5ab991","settings":{"margin":{"unit":"px","top":"60","right":0,"bottom":"60","left":0,"isLinked":true},"margin_tablet":{"unit":"px","top":"0","right":0,"bottom":"0","left":0,"isLinked":false},"padding_tablet":{"unit":"px","top":"30","right":"0","bottom":"30","left":"0","isLinked":false},"padding_mobile":{"unit":"px","top":"25","right":"0","bottom":"25","left":"0","isLinked":false}},"elements":[{"id":"167b1115","settings":{"_column_size":100,"_inline_size":null,"padding_mobile":{"unit":"px","top":"0","right":"0","bottom":"0","left":"0","isLinked":false}},"elements":[{"id":"5fdc3be9","settings":{"heading_title":"Featured Items","heading_subtitle":"Hodilay gifts for everyone. Choose two favorites and enjoy 70% off for all products only today.","layout_type":"carousel","categories":[],"product_type":"random_product","text_button":"show more","column":"3","col_desktop":"3","col_desktopsmall":"3","pagination":"yes","limit":9,"col_landscape":"3","navigation":"","column_tablet":"2"},"elements":[],"isInner":false,"widgetType":"tbay-products","elType":"widget"}],"isInner":false,"elType":"column"}],"isInner":false,"elType":"section"},{"id":"19f0f061","settings":{"margin":{"unit":"px","top":"","right":0,"bottom":"","left":0,"isLinked":true},"padding":{"unit":"px","top":"30","right":"0","bottom":"30","left":"0","isLinked":false},"padding_mobile":{"unit":"px","top":"25","right":"0","bottom":"25","left":"0","isLinked":false}},"elements":[{"id":"396c8be2","settings":{"_column_size":100,"_inline_size":null,"padding_mobile":{"unit":"px","top":"0","right":"0","bottom":"0","left":"0","isLinked":false}},"elements":[{"id":"419cc56","settings":{"layout_type":"carousel","column":"6","col_desktop":"6","col_desktopsmall":"4","col_landscape":"2","column_mobile":"3","disable_mobile":""},"elements":[],"isInner":false,"widgetType":"tbay-brands","elType":"widget"}],"isInner":false,"elType":"column"}],"isInner":false,"elType":"section"},{"id":"48b4922","settings":{"gap":"no","margin":{"unit":"px","top":"60","right":0,"bottom":"30","left":0,"isLinked":false},"margin_tablet":{"unit":"px","top":"0","right":0,"bottom":"0","left":0,"isLinked":false},"padding_tablet":{"unit":"px","top":"30","right":"0","bottom":"30","left":"0","isLinked":false},"padding_mobile":{"unit":"px","top":"25","right":"0","bottom":"25","left":"0","isLinked":false}},"elements":[{"id":"6e4589f6","settings":{"_column_size":100,"_inline_size":null},"elements":[{"id":"2375fc25","settings":{"editor":"<p style=\"text-align: center;\"><i class=\"icons icon-note\"><\/i> How\u2018re we doing?\u00a0<strong><a class=\"color2\" href=\"https:\/\/elementor.thembay.com\/puca_ohio\">Give us a feedback.<\/a><\/strong><br \/>It\u2019s very important to us to improve your experiences, many thanks for your contributions.<\/p>","_margin":{"unit":"px","top":"0","right":"0","bottom":"30","left":"0","isLinked":false},"_css_classes":"feedback"},"elements":[],"isInner":false,"widgetType":"text-editor","elType":"widget"}],"isInner":false,"elType":"column"}],"isInner":false,"elType":"section"},{"id":"2577068d","settings":{"stretch_section":"section-stretched","structure":"34","padding":{"unit":"px","top":"60","right":"0","bottom":"0","left":"0","isLinked":false},"padding_tablet":{"unit":"px","top":"30","right":"0","bottom":"0","left":"0","isLinked":false}},"elements":[{"id":"19eabd62","settings":{"_column_size":16,"_inline_size":null,"hide_mobile":"hidden-phone"},"elements":[],"isInner":false,"elType":"column"},{"id":"24f61ed2","settings":{"_column_size":66,"_inline_size":null},"elements":[{"id":"464b16ae","settings":{"heading_title":"Subscribe Newsletter","heading_subtitle":"Be the first to hear about our latest products & offers. As a welcome gift, we'll email you a 20% OFF discount code."},"elements":[],"isInner":false,"widgetType":"tbay-newsletter","elType":"widget"}],"isInner":false,"elType":"column"},{"id":"2fad8dbd","settings":{"_column_size":16,"_inline_size":null,"hide_mobile":"hidden-phone"},"elements":[],"isInner":false,"elType":"column"}],"isInner":false,"elType":"section"}]}