{"version":"0.4","title":"Template &#8211; About Us","type":"page","content":[{"id":"7d735d18","settings":{"padding_mobile":{"unit":"px","top":"0","right":"0","bottom":"0","left":"0","isLinked":false}},"elements":[{"id":"11a17ff8","settings":{"_column_size":100,"_inline_size":null},"elements":[{"id":"74b8aa0d","settings":{"heading_title":"About Puca Fashion","heading_title_tag":"h1","heading_title_size":{"unit":"px","size":30,"sizes":[]},"heading_title_color":"#000000","_css_classes":"title-about"},"elements":[],"isInner":false,"widgetType":"tbay-heading","elType":"widget"}],"isInner":false,"elType":"column"}],"isInner":false,"elType":"section"},{"id":"2ebd871b","settings":{"structure":"34","padding":{"unit":"px","top":"0","right":"0","bottom":"20","left":"0","isLinked":false}},"elements":[{"id":"19535643","settings":{"_column_size":16,"_inline_size":null},"elements":[],"isInner":false,"elType":"column"},{"id":"2467f66f","settings":{"_column_size":66,"_inline_size":null,"padding_mobile":{"unit":"px","top":"0","right":"0","bottom":"0","left":"0","isLinked":false}},"elements":[{"id":"47613414","settings":{"editor":"<p>Nulla tristique ipsum vitae urna pellentesque, sit amet tincidunt ex consequat. Praesent nibh ipsum, blandit eu nisi simet,\u00a0<a href=\"https:\/\/elementor.thembay.com\/puca\/about-us\/#\">varius consequat ligula.<\/a><\/p>","align":"center","text_color":"#333333","column_gap":{"unit":"px","size":0,"sizes":[]}},"elements":[],"isInner":false,"widgetType":"text-editor","elType":"widget"}],"isInner":false,"elType":"column"},{"id":"1fab2297","settings":{"_column_size":16,"_inline_size":null},"elements":[],"isInner":false,"elType":"column"}],"isInner":false,"elType":"section"},{"id":"4607d379","settings":{"padding":{"unit":"px","top":"0","right":"0","bottom":"30","left":"0","isLinked":false}},"elements":[{"id":"48fe162f","settings":{"_column_size":100,"_inline_size":null,"padding_mobile":{"unit":"px","top":"0","right":"0","bottom":"0","left":"0","isLinked":false}},"elements":[{"id":"4be9a90e","settings":{"youtube_url":"https:\/\/www.youtube.com\/watch?v=hjgGtW85in8","vimeo_url":"https:\/\/vimeo.com\/235215203","dailymotion_url":"https:\/\/www.dailymotion.com\/video\/x6tqhqb","image_overlay":{"id":6209,"url":"https:\/\/elementor.thembay.com\/puca_ohio\/wp-content\/uploads\/2020\/01\/placeholder.png"}},"elements":[],"isInner":false,"widgetType":"video","elType":"widget"}],"isInner":false,"elType":"column"}],"isInner":false,"elType":"section"},{"id":"753da755","settings":{"background_background":"classic"},"elements":[{"id":"5902a9bf","settings":{"_column_size":100,"_inline_size":null,"padding_mobile":{"unit":"px","top":"0","right":"0","bottom":"0","left":"0","isLinked":false}},"elements":[{"id":"3bcd4af1","settings":{"editor":"<div class=\"wpb_text_column wpb_content_element  wpb_animate_when_almost_visible wpb_fadeInUp fadeInUp vc_custom_1509766148852 text-center wpb_start_animation animated\"><div class=\"wpb_wrapper\"><p>Vestibulum luctus sem sit amet ipsum pharetra ullamcorper. Curabitur sit amet leo quis ante mattis luctus a in ligula. Maecenas consequat feugiat con sequat. Morbi imperdiet metus eget tellus consectetur, nec viverra tellus dignissim. Integer ullamcorper quis diam eget rhoncus. Vivamus aliquet puru nec tempor dapibus. Sed suscipit lacus commodo blandit dapibus. Mauris eu finibus tellus.<\/p><\/div><\/div>"},"elements":[],"isInner":false,"widgetType":"text-editor","elType":"widget"}],"isInner":false,"elType":"column"}],"isInner":false,"elType":"section"},{"id":"f8a73a0","settings":[],"elements":[{"id":"1bdc3dc8","settings":{"_column_size":100,"_inline_size":null},"elements":[{"id":"2e8b7f13","settings":{"image":{"id":6210,"url":"https:\/\/elementor.thembay.com\/puca_ohio\/wp-content\/uploads\/2020\/01\/sign-about.png"}},"elements":[],"isInner":false,"widgetType":"image","elType":"widget"}],"isInner":false,"elType":"column"}],"isInner":false,"elType":"section"},{"id":"6733afea","settings":{"padding":{"unit":"px","top":"0","right":"0","bottom":"30","left":"0","isLinked":false}},"elements":[{"id":"2ac1742","settings":{"_column_size":100,"_inline_size":null},"elements":[{"id":"61c3ab86","settings":{"editor":"<p><strong>Alan. Manez \u2013\u00a0<\/strong> CEO of MegaBuy<\/p>","align":"center"},"elements":[],"isInner":false,"widgetType":"text-editor","elType":"widget"}],"isInner":false,"elType":"column"}],"isInner":false,"elType":"section"},{"id":"1da83d7f","settings":{"background_background":"classic","stretch_section":"section-stretched"},"elements":[{"id":"5c064bc7","settings":{"_column_size":100,"_inline_size":null,"padding_mobile":{"unit":"px","top":"0","right":"0","bottom":"0","left":"0","isLinked":false}},"elements":[{"id":"5dc9ffdc","settings":{"column":"1","col_desktop":"1","col_desktopsmall":"1","col_landscape":"1","navigation":"","column_tablet":"1","column_mobile":"1","disable_mobile":""},"elements":[],"isInner":false,"widgetType":"tbay-testimonials","elType":"widget"}],"isInner":false,"elType":"column"}],"isInner":false,"elType":"section"},{"id":"a6e7f83","settings":{"padding":{"unit":"px","top":"70","right":"0","bottom":"0","left":"0","isLinked":false},"padding_mobile":{"unit":"px","top":"0","right":"0","bottom":"0","left":"0","isLinked":false}},"elements":[{"id":"2bba03b9","settings":{"_column_size":100,"_inline_size":null},"elements":[{"id":"2a79f531","settings":{"heading_title":"#meet the people","heading_subtitle":"Our Team member"},"elements":[],"isInner":false,"widgetType":"tbay-heading","elType":"widget"}],"isInner":false,"elType":"column"}],"isInner":false,"elType":"section"},{"id":"66b63c72","settings":{"padding":{"unit":"px","top":"0","right":"0","bottom":"0","left":"0","isLinked":false}},"elements":[{"id":"5357af0b","settings":{"_column_size":100,"_inline_size":null,"padding_mobile":{"unit":"px","top":"0","right":"0","bottom":"0","left":"0","isLinked":false}},"elements":[{"id":"57589de","settings":{"editor":"<p>Lorem ipsum dolor sit amet, consectetur adipiscing elit. Aenean eu libero a risus aliquet euismod porttitor sed dolor. Cras non magna facilisis, mollis velit at, suscipit urna. Vivamus auctor fringilla felis at tincidunt.<\/p>","align":"center"},"elements":[],"isInner":false,"widgetType":"text-editor","elType":"widget"}],"isInner":false,"elType":"column"}],"isInner":false,"elType":"section"},{"id":"71a360f2","settings":[],"elements":[{"id":"28c0e379","settings":{"_column_size":100,"_inline_size":null,"padding_mobile":{"unit":"px","top":"0","right":"0","bottom":"0","left":"0","isLinked":false}},"elements":[{"id":"16c63623","settings":{"layout_type":"carousel","our_team":[{"our_team_name":"Tran Tung Kerry","our_team_job":"Web Research","our_team_image":{"id":"6089","url":"https:\/\/elementor.thembay.com\/puca_ohio\/wp-content\/uploads\/2020\/01\/team-1.jpg"},"our_team_link_fb":{"url":"#","is_external":true,"nofollow":true},"our_team_link_tw":{"url":"","is_external":true,"nofollow":true},"our_team_link_gg":{"url":"","is_external":true,"nofollow":true},"our_team_link_linkin":{"url":"","is_external":true,"nofollow":true},"our_team_link_instaram":{"url":"#","is_external":true,"nofollow":true},"_id":"971e8db"},{"our_team_name":"Alan Manez","our_team_job":"Artist","our_team_image":{"id":"6090","url":"https:\/\/elementor.thembay.com\/puca_ohio\/wp-content\/uploads\/2020\/01\/team-4.jpg"},"our_team_link_fb":{"url":"#","is_external":true,"nofollow":true},"our_team_link_tw":{"url":"#","is_external":true,"nofollow":true},"our_team_link_gg":{"url":"","is_external":true,"nofollow":true},"our_team_link_linkin":{"url":"","is_external":true,"nofollow":true},"our_team_link_instaram":{"url":"","is_external":true,"nofollow":true},"_id":"a0ff8e7"},{"our_team_name":"John Cenan","our_team_job":"Web Designer","our_team_image":{"id":"6091","url":"https:\/\/elementor.thembay.com\/puca_ohio\/wp-content\/uploads\/2020\/01\/team-2.jpg"},"our_team_link_fb":{"url":"#","is_external":true,"nofollow":true},"our_team_link_tw":{"url":"#","is_external":true,"nofollow":true},"our_team_link_gg":{"url":"","is_external":true,"nofollow":true},"our_team_link_linkin":{"url":"","is_external":true,"nofollow":true},"our_team_link_instaram":{"url":"","is_external":true,"nofollow":true},"_id":"9d2a595"},{"our_team_name":"May Weather","our_team_job":"Front-end Developer","our_team_image":{"id":"6092","url":"https:\/\/elementor.thembay.com\/puca_ohio\/wp-content\/uploads\/2020\/01\/team-3.jpg"},"our_team_link_fb":{"url":"","is_external":true,"nofollow":true},"our_team_link_tw":{"url":"#","is_external":true,"nofollow":true},"our_team_link_gg":{"url":"","is_external":true,"nofollow":true},"our_team_link_linkin":{"url":"","is_external":true,"nofollow":true},"our_team_link_instaram":{"url":"#","is_external":true,"nofollow":true},"_id":"254f903"},{"our_team_name":"Tran Tung Kerry","our_team_job":"Web Research","our_team_image":{"id":"6089","url":"https:\/\/elementor.thembay.com\/puca_ohio\/wp-content\/uploads\/2020\/01\/team-1.jpg"},"our_team_link_fb":{"url":"#","is_external":true,"nofollow":true},"our_team_link_tw":{"url":"","is_external":true,"nofollow":true},"our_team_link_gg":{"url":"","is_external":true,"nofollow":true},"our_team_link_linkin":{"url":"","is_external":true,"nofollow":true},"our_team_link_instaram":{"url":"#","is_external":true,"nofollow":true},"_id":"1aa19d2"},{"our_team_name":"John Cenan","our_team_job":"Web Designer","our_team_image":{"id":"6091","url":"https:\/\/elementor.thembay.com\/puca_ohio\/wp-content\/uploads\/2020\/01\/team-2.jpg"},"our_team_link_fb":{"url":"#","is_external":true,"nofollow":true},"our_team_link_tw":{"url":"#","is_external":true,"nofollow":true},"our_team_link_gg":{"url":"","is_external":true,"nofollow":true},"our_team_link_linkin":{"url":"","is_external":true,"nofollow":true},"our_team_link_instaram":{"url":"","is_external":true,"nofollow":true},"_id":"b332c09"}],"navigation":"","pagination":"yes","col_desktopsmall":"3"},"elements":[],"isInner":false,"widgetType":"tbay-our-team","elType":"widget"}],"isInner":false,"elType":"column"}],"isInner":false,"elType":"section"},{"id":"5d906085","settings":{"padding":{"unit":"px","top":"30","right":"0","bottom":"50","left":"0","isLinked":false}},"elements":[{"id":"10185ac4","settings":{"_column_size":100,"_inline_size":null,"padding_mobile":{"unit":"px","top":"0","right":"0","bottom":"0","left":"0","isLinked":false}},"elements":[{"id":"1e10dbbb","settings":{"editor":"<p>How\u2018re we doing?\u00a0<a href=\"https:\/\/elementor.thembay.com\/puca\/about-us\/#\">Give us a feedback.<\/a><br \/>It\u2019s very important to us to improve your experiences, many thanks for your contributions.<\/p>","align":"center"},"elements":[],"isInner":false,"widgetType":"text-editor","elType":"widget"}],"isInner":false,"elType":"column"}],"isInner":false,"elType":"section"}]}