{"version":"0.4","title":"Template &#8211; Home 24","type":"page","content":[{"id":"27785aea","settings":{"structure":"20","stretch_section":"section-stretched","margin":{"unit":"px","top":"","right":0,"bottom":"","left":0,"isLinked":true},"padding":{"unit":"px","top":"30","right":"0","bottom":"60","left":"0","isLinked":false},"margin_mobile":{"unit":"px","top":"0","right":0,"bottom":"0","left":0,"isLinked":false},"padding_mobile":{"unit":"px","top":"25","right":"0","bottom":"25","left":"0","isLinked":false},"padding_tablet":{"unit":"px","top":"65","right":"0","bottom":"60","left":"0","isLinked":false}},"elements":[{"id":"23904786","settings":{"_column_size":50,"_inline_size":75,"margin":{"unit":"px","top":"0","right":"0","bottom":"30","left":"0","isLinked":false},"_inline_size_tablet":66.670000000000002,"margin_mobile":{"unit":"px","top":"0","right":"0","bottom":"0","left":"0","isLinked":false},"padding_mobile":{"unit":"px","top":"0","right":"0","bottom":"0","left":"0","isLinked":false}},"elements":[{"id":"30decbe7","settings":{"structure":"20","margin":{"unit":"px","top":"0","right":0,"bottom":"60","left":0,"isLinked":false},"margin_mobile":{"unit":"px","top":"0","right":0,"bottom":"0","left":0,"isLinked":false}},"elements":[{"id":"3cb90d69","settings":{"_column_size":50,"_inline_size":33.329999999999998,"padding":{"unit":"px","top":"0","right":"15","bottom":"0","left":"0","isLinked":false},"hide_tablet":"hidden-tablet","hide_mobile":"hidden-phone","margin_mobile":{"unit":"px","top":"0","right":"0","bottom":"0","left":"0","isLinked":false},"padding_mobile":{"unit":"px","top":"0","right":"0","bottom":"0","left":"0","isLinked":false}},"elements":[{"id":"70344b46","settings":{"heading_title":"All department","_css_classes":"widget_nav_menu","heading_title_tag":"h2","_margin_mobile":{"unit":"px","top":"0","right":"0","bottom":"0","left":"0","isLinked":false}},"elements":[],"isInner":false,"widgetType":"tbay-nav-menu","elType":"widget"}],"isInner":true,"elType":"column"},{"id":"70010","settings":{"_column_size":50,"_inline_size":66.670000000000002,"padding":{"unit":"px","top":"0","right":"0","bottom":"0","left":"15","isLinked":false},"_inline_size_tablet":100,"margin_mobile":{"unit":"px","top":"0","right":"0","bottom":"0","left":"0","isLinked":false},"padding_mobile":{"unit":"px","top":"0","right":"0","bottom":"0","left":"0","isLinked":false}},"elements":[{"id":"2ac0536e","settings":{"revslidertitle":"Ohio Home 24","shortcode":"[rev_slider alias=\"ohio-home-24\"][\/rev_slider]","_margin_mobile":{"unit":"px","top":"0","right":"0","bottom":"0","left":"0","isLinked":false},"_padding_mobile":{"unit":"px","top":"0","right":"0","bottom":"25","left":"0","isLinked":false}},"elements":[],"isInner":false,"widgetType":"slider_revolution","elType":"widget"}],"isInner":true,"elType":"column"}],"isInner":true,"elType":"section"},{"id":"1dccf83b","settings":{"heading_title":"DEAL OF THE DAY","layout_type":"inner-countdown-v3","products":["388","2313","2315","2317","2355","2362"],"column":"3","col_desktop":"3","col_desktopsmall":"2","col_landscape":"3","_css_classes":"style-2 nav-top","pagination":"yes","_padding":{"unit":"px","top":"0","right":"0","bottom":"60","left":"0","isLinked":false},"column_tablet":"2","_margin_mobile":{"unit":"px","top":"0","right":"0","bottom":"0","left":"0","isLinked":false},"_padding_mobile":{"unit":"px","top":"25","right":"0","bottom":"0","left":"0","isLinked":false}},"elements":[],"isInner":false,"widgetType":"tbay-product-count-down","elType":"widget"},{"id":"1b1fc5cf","settings":{"image":{"url":"https:\/\/elementor.thembay.com\/puca_ohio\/wp-content\/uploads\/2018\/04\/h20_banner_06.jpg","id":5201},"image_size":"full","link_to":"custom","link":{"url":"#","is_external":"","nofollow":""},"_padding":{"unit":"px","top":"60","right":"0","bottom":"30","left":"0","isLinked":false},"_padding_mobile":{"unit":"px","top":"25","right":"0","bottom":"25","left":"0","isLinked":false}},"elements":[],"isInner":false,"widgetType":"image","elType":"widget"},{"id":"2e02a82d","settings":{"heading_title":"NEW ARRIVALS","layout_type":"carousel","text_button":"show more","_css_classes":"style-2 nav-top","limit":18,"column":"3","col_desktop":"3","col_desktopsmall":"2","col_landscape":"3","rows":"2","pagination":"yes","_margin":{"unit":"px","top":"60","right":"0","bottom":"60","left":"0","isLinked":false},"column_tablet":"2","_margin_mobile":{"unit":"px","top":"0","right":"0","bottom":"0","left":"0","isLinked":false},"_padding_mobile":{"unit":"px","top":"25","right":"0","bottom":"25","left":"0","isLinked":false}},"elements":[],"isInner":false,"widgetType":"tbay-products","elType":"widget"},{"id":"3a973d0e","settings":{"heading_title":"THE BLOG","column":"3","col_desktop":"3","col_desktopsmall":"2","col_landscape":"2","_padding":{"unit":"px","top":"60","right":"0","bottom":"0","left":"0","isLinked":false},"_css_classes":"style-2 nav-top widget-blog","pagination":"yes","column_tablet":"2","column_mobile":"1","_margin_mobile":{"unit":"px","top":"0","right":"0","bottom":"0","left":"0","isLinked":false},"_padding_mobile":{"unit":"px","top":"25","right":"0","bottom":"25","left":"0","isLinked":false}},"elements":[],"isInner":false,"widgetType":"tbay-posts-grid","elType":"widget"}],"isInner":false,"elType":"column"},{"id":"3272fd63","settings":{"_column_size":50,"_inline_size":25,"margin":{"unit":"px","top":"0","right":"0","bottom":"30","left":"0","isLinked":false},"_inline_size_tablet":33.329999999999998,"padding_mobile":{"unit":"px","top":"0","right":"0","bottom":"0","left":"0","isLinked":false}},"elements":[{"id":"4f307128","settings":{"image":{"url":"https:\/\/elementor.thembay.com\/puca_ohio\/wp-content\/uploads\/2018\/04\/h24_banner_01.jpg","id":5252},"_margin":{"unit":"px","top":"0","right":"0","bottom":"30","left":"0","isLinked":false},"image_size":"full","link_to":"custom","link":{"url":"#","is_external":"","nofollow":""},"hide_mobile":"hidden-phone"},"elements":[],"isInner":false,"widgetType":"image","elType":"widget"},{"id":"452c8fef","settings":{"styles":"style2","features":[{"feature_title":"We Save You More","feature_desc":"","feature_type":"image","selected_icon":{"value":"linear-icon-gift","library":"linear-icon"},"type_image":{"url":"https:\/\/elementor.thembay.com\/puca_ohio\/wp-content\/uploads\/2018\/04\/feature-5.png","id":5247},"feature_margin_icon":{"unit":"px","top":"","right":"","bottom":"","left":"","isLinked":true},"feature_margin_icon_tablet":{"unit":"px","top":"","right":"","bottom":"","left":"","isLinked":true},"feature_margin_icon_mobile":{"unit":"px","top":"","right":"","bottom":"","left":"","isLinked":true},"_id":"f60a04b"},{"feature_title":"14 Days Product Returns","feature_desc":"","feature_type":"image","selected_icon":{"value":"linear-icon-gift","library":"linear-icon"},"type_image":{"url":"https:\/\/elementor.thembay.com\/puca_ohio\/wp-content\/uploads\/2018\/04\/feature-6.png","id":5248},"feature_margin_icon":{"unit":"px","top":"","right":"","bottom":"","left":"","isLinked":true},"feature_margin_icon_tablet":{"unit":"px","top":"","right":"","bottom":"","left":"","isLinked":true},"feature_margin_icon_mobile":{"unit":"px","top":"","right":"","bottom":"","left":"","isLinked":true},"_id":"d76b6bb"},{"feature_title":"Card Payment Accepted","feature_desc":"","feature_type":"image","selected_icon":{"value":"linear-icon-gift","library":"linear-icon"},"type_image":{"url":"https:\/\/elementor.thembay.com\/puca_ohio\/wp-content\/uploads\/2018\/04\/feature-7.png","id":5249},"feature_margin_icon":{"unit":"px","top":"","right":"","bottom":"","left":"","isLinked":true},"feature_margin_icon_tablet":{"unit":"px","top":"","right":"","bottom":"","left":"","isLinked":true},"feature_margin_icon_mobile":{"unit":"px","top":"","right":"","bottom":"","left":"","isLinked":true},"_id":"bb75533"}],"_margin":{"unit":"px","top":"0","right":"0","bottom":"40","left":"0","isLinked":false},"_margin_mobile":{"unit":"px","top":"0","right":"0","bottom":"0","left":"0","isLinked":false},"_padding_mobile":{"unit":"px","top":"25","right":"0","bottom":"25","left":"0","isLinked":false}},"elements":[],"isInner":false,"widgetType":"tbay-features","elType":"widget"},{"id":"30555cad","settings":{"heading_title":"COMING SOON","layout_type":"carousel-special","show_more":"","text_button":"show more","column":"1","col_desktop":"1","col_desktopsmall":"1","col_landscape":"2","rows":"3","navigation":"","_css_classes":"style-2 single","_margin":{"unit":"px","top":"0","right":"0","bottom":"40","left":"0","isLinked":false},"_padding":{"unit":"px","top":"30","right":"0","bottom":"0","left":"0","isLinked":false},"_margin_mobile":{"unit":"px","top":"0","right":"0","bottom":"0","left":"0","isLinked":false},"_padding_mobile":{"unit":"px","top":"25","right":"0","bottom":"25","left":"0","isLinked":false},"column_tablet":"1"},"elements":[],"isInner":false,"widgetType":"tbay-products","elType":"widget"},{"id":"2586678d","settings":{"heading_title":"HOT TAGS","_padding":{"unit":"px","top":"30","right":"0","bottom":"40","left":"0","isLinked":false},"_css_classes":"style-2","_padding_mobile":{"unit":"px","top":"25","right":"0","bottom":"0","left":"0","isLinked":false}},"elements":[],"isInner":false,"widgetType":"tbay-woocommerce-tags","elType":"widget"},{"id":"253249be","settings":{"heading_title":"TESTIMONIALS","styles":"v2","column":"1","col_desktop":"1","col_desktopsmall":"1","_padding":{"unit":"px","top":"30","right":"0","bottom":"40","left":"0","isLinked":false},"_css_classes":"style-2 nav-top","col_landscape":"2","navigation":"","column_tablet":"1","column_mobile":"1","disable_mobile":"","_padding_mobile":{"unit":"px","top":"25","right":"0","bottom":"0","left":"0","isLinked":false}},"elements":[],"isInner":false,"widgetType":"tbay-testimonials","elType":"widget"},{"id":"274267cc","settings":{"image":{"url":"https:\/\/elementor.thembay.com\/puca_ohio\/wp-content\/uploads\/2018\/04\/h22_banner_04.jpg","id":5221},"image_size":"full","link_to":"custom","link":{"url":"#","is_external":"","nofollow":""},"_padding":{"unit":"px","top":"30","right":"0","bottom":"0","left":"0","isLinked":false},"hide_mobile":"hidden-phone"},"elements":[],"isInner":false,"widgetType":"image","elType":"widget"}],"isInner":false,"elType":"column"}],"isInner":false,"elType":"section"},{"id":"7988fb6a","settings":{"gap":"no","margin":{"unit":"px","top":"60","right":0,"bottom":"30","left":0,"isLinked":false},"margin_mobile":{"unit":"px","top":"0","right":0,"bottom":"0","left":0,"isLinked":false},"hide_mobile":"hidden-phone"},"elements":[{"id":"2a3b2cd5","settings":{"_column_size":100,"_inline_size":null},"elements":[{"id":"17f32f79","settings":{"editor":"<p style=\"text-align: center;\"><i class=\"icons icon-note\"><\/i>How\u2018re we doing?\u00a0<strong><a class=\"color2\" href=\"https:\/\/elementor.thembay.com\/puca_ohio\/\">Give us a feedback.<\/a><\/strong><br \/>It\u2019s very important to us to improve your experiences, many thanks for your contributions.<\/p>","_margin":{"unit":"px","top":"0","right":"0","bottom":"30","left":"0","isLinked":false},"_css_classes":"feedback"},"elements":[],"isInner":false,"widgetType":"text-editor","elType":"widget"}],"isInner":false,"elType":"column"}],"isInner":false,"elType":"section"},{"id":"6ccdf9c8","settings":{"margin":{"unit":"px","top":"","right":0,"bottom":"","left":0,"isLinked":true},"padding":{"unit":"px","top":"30","right":"0","bottom":"30","left":"0","isLinked":false},"padding_mobile":{"unit":"px","top":"25","right":"0","bottom":"25","left":"0","isLinked":false}},"elements":[{"id":"3e855946","settings":{"_column_size":100,"_inline_size":null,"padding_tablet":{"unit":"px","top":"0","right":"0","bottom":"0","left":"0","isLinked":false}},"elements":[{"id":"7cca87e0","settings":{"layout_type":"carousel","column":"6","col_desktop":"6","col_desktopsmall":"4","col_landscape":"2","column_mobile":"3","disable_mobile":""},"elements":[],"isInner":false,"widgetType":"tbay-brands","elType":"widget"}],"isInner":false,"elType":"column"}],"isInner":false,"elType":"section"},{"id":"d3d214c","settings":{"gap":"no","margin":{"unit":"px","top":"60","right":0,"bottom":"0","left":0,"isLinked":false},"margin_mobile":{"unit":"px","top":"0","right":0,"bottom":"0","left":0,"isLinked":false},"padding_mobile":{"unit":"px","top":"25","right":"0","bottom":"0","left":"0","isLinked":false}},"elements":[{"id":"4f4a8f79","settings":{"_column_size":100,"_inline_size":null},"elements":[{"id":"167fa9c5","settings":{"heading_title":"Our Newsletter","heading_subtitle":"Be the first to hear about our latest products & offers. As a welcome gift, we'll email you a 20% OFF discount code.","_margin":{"unit":"px","top":"0","right":"0","bottom":"40","left":"0","isLinked":false},"_margin_mobile":{"unit":"px","top":"0","right":"0","bottom":"25","left":"0","isLinked":false}},"elements":[],"isInner":false,"widgetType":"tbay-newsletter","elType":"widget"},{"id":"2c0d7e68","settings":{"social_icon_list":[{"social_icon":{"value":"icon- icon-social-facebook","library":"simple-line-icons"},"_id":"48339fd","link":{"url":"#","is_external":"true","nofollow":""}},{"social_icon":{"value":"icon- icon-social-twitter","library":"simple-line-icons"},"_id":"1e5e8d8","link":{"url":"#","is_external":"true","nofollow":""}},{"social_icon":{"value":"icon- icon-social-youtube","library":"simple-line-icons"},"_id":"7367e04","link":{"url":"#","is_external":"true","nofollow":""}},{"social_icon":{"value":"icon- icon-social-instagram","library":"simple-line-icons"},"link":{"url":"#","is_external":"true","nofollow":""},"_id":"ea280f0"},{"social_icon":{"value":"icon- icon-social-pinterest","library":"simple-line-icons"},"link":{"url":"#","is_external":"true","nofollow":""},"_id":"1bd8590"}],"styles":"style2"},"elements":[],"isInner":false,"widgetType":"tbay-social-icons","elType":"widget"}],"isInner":false,"elType":"column"}],"isInner":false,"elType":"section"}]}