{"version":"0.4","title":"Template &#8211; Home 1","type":"page","content":[{"id":"333455de","settings":{"stretch_section":"section-stretched","padding":{"unit":"px","top":"0","right":"50","bottom":"90","left":"50","isLinked":false},"layout":"full_width","padding_tablet":{"unit":"px","top":"65","right":"15","bottom":"90","left":"15","isLinked":false},"padding_mobile":{"unit":"px","top":"0","right":"0","bottom":"0","left":"0","isLinked":false}},"elements":[{"id":"74a19031","settings":{"_column_size":100,"_inline_size":null,"padding":{"unit":"px","top":"0","right":"0","bottom":"0","left":"0","isLinked":false}},"elements":[{"id":"9949a97","settings":{"revslidertitle":"Ohio Home 01","shortcode":"[rev_slider alias=\"ohio_home_01\"][\/rev_slider]","_padding_mobile":{"unit":"px","top":"0","right":"0","bottom":"50","left":"0","isLinked":false}},"elements":[],"isInner":false,"widgetType":"slider_revolution","elType":"widget"}],"isInner":false,"elType":"column"}],"isInner":false,"elType":"section"},{"id":"33530d82","settings":{"margin":{"unit":"px","top":"","right":0,"bottom":"","left":0,"isLinked":true},"padding":{"unit":"px","top":"60","right":"0","bottom":"60","left":"0","isLinked":false},"gap":"no","padding_mobile":{"unit":"px","top":"25","right":"0","bottom":"25","left":"0","isLinked":false}},"elements":[{"id":"7bc11bb5","settings":{"_column_size":100,"_inline_size":null},"elements":[{"id":"6dcf1f8c","settings":{"heading_title":"New Arrivals","heading_subtitle":"Hodilay gifts for everyone. Choose two favorites and enjoy 70% off for all products only today.","layout_type":"carousel","product_type":"random_product","text_button":"show more","limit":9,"column":"3","col_desktop":"3","col_desktopsmall":"3","pagination":"yes","column_tablet":"2"},"elements":[],"isInner":false,"widgetType":"tbay-products","elType":"widget"}],"isInner":false,"elType":"column"}],"isInner":false,"elType":"section"},{"id":"48a8c9e3","settings":{"stretch_section":"section-stretched","gap":"no","padding":{"unit":"px","top":"60","right":"50","bottom":"70","left":"50","isLinked":false},"layout":"full_width","padding_mobile":{"unit":"px","top":"25","right":"0","bottom":"25","left":"0","isLinked":false}},"elements":[{"id":"26262cf5","settings":{"_column_size":100,"_inline_size":100},"elements":[{"id":"331f53b8","settings":{"heading_title":"About Ohio","heading_subtitle":"Aenean fringilla eget erat aliquet bibendum. Curabitur ullamcorper semper magna, non facilisis augue sodales vitae. Quisque at sodales diam, eu cursus est. Etiam hendrerit metus magna, a pulvinar nibh placerat et."},"elements":[],"isInner":false,"widgetType":"tbay-heading","elType":"widget"},{"id":"741a1de9","settings":{"btn_align":"center","text_button":"VIEW MORE","link_button":{"url":"https:\/\/elementor.thembay.com\/puca_ohio\/about-us\/","is_external":"","nofollow":""},"add_icon":""},"elements":[],"isInner":false,"widgetType":"tbay-button","elType":"widget"},{"id":"760cd171","settings":{"image":{"url":"https:\/\/elementor.thembay.com\/puca_ohio\/wp-content\/uploads\/2018\/03\/banner_sofa.png","id":4795},"image_size":"full","align":"center","_padding":{"unit":"px","top":"60","right":"0","bottom":"0","left":"0","isLinked":false},"_background_background":"classic","_background_image":{"url":"https:\/\/elementor.thembay.com\/puca_ohio\/wp-content\/uploads\/2018\/03\/banner_bg.jpg","id":4794}},"elements":[],"isInner":false,"widgetType":"image","elType":"widget"}],"isInner":false,"elType":"column"}],"isInner":false,"elType":"section"},{"id":"2f9670b5","settings":{"gap":"no","padding":{"unit":"px","top":"50","right":"0","bottom":"60","left":"0","isLinked":false},"hide_mobile":"hidden-phone"},"elements":[{"id":"30606253","settings":{"_column_size":100,"_inline_size":null},"elements":[{"id":"63d22199","settings":{"column":"1","col_desktop":"1","col_desktopsmall":"1","col_landscape":"1","navigation":"","pagination":"yes","column_tablet":"1","column_mobile":"1","disable_mobile":""},"elements":[],"isInner":false,"widgetType":"tbay-testimonials","elType":"widget"}],"isInner":false,"elType":"column"}],"isInner":false,"elType":"section"},{"id":"1b862207","settings":{"gap":"no","padding_mobile":{"unit":"px","top":"25","right":"0","bottom":"25","left":"0","isLinked":false}},"elements":[{"id":"44d684bd","settings":{"_column_size":100,"_inline_size":null},"elements":[{"id":"18a65636","settings":{"heading_title":"Recent Blog","heading_subtitle":"In dapibus vel ante in auctor. Suspendisse nec nisi vel lorem vulputate elementum.","categories":[],"thumbnail_size":"thumbnail","column":"3","col_desktop":"3","col_desktopsmall":"3","navigation":"","pagination":"yes","column_tablet":"2","column_mobile":"1","_css_classes":"widget-blog"},"elements":[],"isInner":false,"widgetType":"tbay-posts-grid","elType":"widget"}],"isInner":false,"elType":"column"}],"isInner":false,"elType":"section"},{"id":"39f340a8","settings":{"padding":{"unit":"px","top":"60","right":"0","bottom":"0","left":"0","isLinked":false},"gap":"no","padding_mobile":{"unit":"px","top":"25","right":"0","bottom":"0","left":"0","isLinked":false}},"elements":[{"id":"3280b74f","settings":{"_column_size":100,"_inline_size":null},"elements":[{"id":"35603129","settings":{"heading_title":"Subscribe Newsletter","heading_subtitle":"Be the first to hear about our latest products & offers. As a welcome gift, we'll email you a 20% OFF discount code."},"elements":[],"isInner":false,"widgetType":"tbay-newsletter","elType":"widget"}],"isInner":false,"elType":"column"}],"isInner":false,"elType":"section"}]}