{"version":"0.4","title":"Template &#8211; Home 23","type":"page","content":[{"id":"12b150f","settings":{"stretch_section":"section-stretched","padding":{"unit":"px","top":"10","right":"0","bottom":"10","left":"0","isLinked":false},"hide_mobile":"hidden-phone"},"elements":[{"id":"7f31f3a0","settings":{"_column_size":100,"_inline_size":null},"elements":[{"id":"196566a1","settings":{"editor":"<p>Hodilay gifts for everyone. Enjoy 70% off for all products only today.<a href=\"https:\/\/demo.thembay.com\/puca_ohio\/home-22\/#\">View details<\/a><\/p>","_css_classes":"top-info"},"elements":[],"isInner":false,"widgetType":"text-editor","elType":"widget"}],"isInner":false,"elType":"column"}],"isInner":false,"elType":"section"},{"id":"7f282f0b","settings":{"margin":{"unit":"px","top":"","right":0,"bottom":"","left":0,"isLinked":true},"padding":{"unit":"px","top":"0","right":"0","bottom":"60","left":"0","isLinked":false},"padding_mobile":{"unit":"px","top":"25","right":"0","bottom":"25","left":"0","isLinked":false},"gap":"no"},"elements":[{"id":"269d7f4","settings":{"_column_size":100,"_inline_size":null,"padding_mobile":{"unit":"px","top":"0","right":"0","bottom":"0","left":"0","isLinked":false}},"elements":[{"id":"5da7d997","settings":{"revslidertitle":"Ohio Home 23","shortcode":"[rev_slider alias=\"ohio-home-23\"][\/rev_slider]"},"elements":[],"isInner":false,"widgetType":"slider_revolution","elType":"widget"},{"id":"1a457f31","settings":{"structure":"20","css_classes":"cate-h23","layout":"full_width","hide_tablet":"hidden-tablet","hide_mobile":"hidden-phone"},"elements":[{"id":"52ad8298","settings":{"_column_size":50,"_inline_size":25,"margin":{"unit":"px","top":"0","right":"0","bottom":"0","left":"-15","isLinked":false}},"elements":[{"id":"eb15714","settings":[],"elements":[],"isInner":false,"widgetType":"tbay-nav-menu","elType":"widget"}],"isInner":true,"elType":"column"},{"id":"4602921b","settings":{"_column_size":50,"_inline_size":75},"elements":[],"isInner":true,"elType":"column"}],"isInner":true,"elType":"section"}],"isInner":false,"elType":"column"}],"isInner":false,"elType":"section"},{"id":"68c54448","settings":{"gap":"no","margin":{"unit":"px","top":"60","right":0,"bottom":"0","left":0,"isLinked":false},"margin_mobile":{"unit":"px","top":"0","right":0,"bottom":"0","left":0,"isLinked":false},"padding_mobile":{"unit":"px","top":"25","right":"0","bottom":"25","left":"0","isLinked":false}},"elements":[{"id":"55471ba6","settings":{"_column_size":100,"_inline_size":null},"elements":[{"id":"86e3a4f","settings":{"heading_title":"Top Month Categories","heading_subtitle":"Hodilay gifts for everyone. Choose two favorites and enjoy 70% off for all products only today.","categoriestabs":[{"category":"accents","images":{"url":"https:\/\/elementor.thembay.com\/puca_ohio\/wp-content\/uploads\/2018\/03\/table_watch.jpg","id":5036},"check_custom_link":"no","custom_link":{"url":"","is_external":"","nofollow":""},"display_count":"yes","_id":"7a94dce"},{"category":"accessories","images":{"url":"https:\/\/elementor.thembay.com\/puca_ohio\/wp-content\/uploads\/2018\/03\/accessories.jpg","id":5030},"check_custom_link":"no","custom_link":{"url":"","is_external":"","nofollow":""},"display_count":"yes","_id":"7a96974"},{"category":"bedroom","images":{"url":"https:\/\/elementor.thembay.com\/puca_ohio\/wp-content\/uploads\/2018\/03\/bedroom.jpg","id":5031},"check_custom_link":"no","custom_link":{"url":"","is_external":"","nofollow":""},"display_count":"yes","_id":"7f0104f"},{"category":"chair","images":{"url":"https:\/\/elementor.thembay.com\/puca_ohio\/wp-content\/uploads\/2018\/03\/dining.jpg","id":5032},"check_custom_link":"no","custom_link":{"url":"","is_external":"","nofollow":""},"display_count":"yes","_id":"18c04a3"},{"category":"clocks","images":{"url":"https:\/\/elementor.thembay.com\/puca_ohio\/wp-content\/uploads\/2018\/03\/table_watch.jpg","id":5036},"check_custom_link":"no","custom_link":{"url":"","is_external":"","nofollow":""},"display_count":"yes","_id":"1d4c68f"},{"category":"dining","images":{"url":"https:\/\/elementor.thembay.com\/puca_ohio\/wp-content\/uploads\/2018\/03\/dining.jpg","id":5032},"check_custom_link":"no","custom_link":{"url":"","is_external":"","nofollow":""},"display_count":"yes","_id":"0d6c5e2"}],"show_more":"yes","text_button":"All Categories","column":"6","col_desktop":"6","col_desktopsmall":"6","col_landscape":"3","navigation":"","display_count":"yes"},"elements":[],"isInner":false,"widgetType":"tbay-custom-image-list-categories","elType":"widget"}],"isInner":false,"elType":"column"}],"isInner":false,"elType":"section"},{"id":"5bc16332","settings":{"stretch_section":"section-stretched"},"elements":[{"id":"145d0592","settings":{"_column_size":100,"_inline_size":null,"padding_mobile":{"unit":"px","top":"0","right":"0","bottom":"0","left":"0","isLinked":false}},"elements":[{"id":"52608050","settings":{"structure":"30","background_background":"classic","margin":{"unit":"px","top":"","right":0,"bottom":"","left":0,"isLinked":true},"padding":{"unit":"px","top":"60","right":"0","bottom":"30","left":"0","isLinked":false},"padding_mobile":{"unit":"px","top":"25","right":"0","bottom":"25","left":"0","isLinked":false}},"elements":[{"id":"21a35b8f","settings":{"_column_size":33,"_inline_size":null,"padding_mobile":{"unit":"px","top":"0","right":"0","bottom":"0","left":"0","isLinked":false}},"elements":[{"id":"236920f7","settings":{"image":{"url":"https:\/\/elementor.thembay.com\/puca_ohio\/wp-content\/uploads\/2018\/03\/h4_banner_01.jpg","id":4976},"link_to":"custom","link":{"url":"#","is_external":"","nofollow":"","custom_attributes":""}},"elements":[],"isInner":false,"widgetType":"image","elType":"widget"}],"isInner":true,"elType":"column"},{"id":"70f44fa8","settings":{"_column_size":33,"_inline_size":null,"padding_mobile":{"unit":"px","top":"0","right":"0","bottom":"0","left":"0","isLinked":false}},"elements":[{"id":"7c37c859","settings":{"image":{"url":"https:\/\/elementor.thembay.com\/puca_ohio\/wp-content\/uploads\/2018\/03\/h4_banner_02.jpg","id":4977},"link_to":"custom","link":{"url":"#","is_external":"","nofollow":"","custom_attributes":""}},"elements":[],"isInner":false,"widgetType":"image","elType":"widget"}],"isInner":true,"elType":"column"},{"id":"473976e9","settings":{"_column_size":33,"_inline_size":null,"padding_mobile":{"unit":"px","top":"0","right":"0","bottom":"0","left":"0","isLinked":false}},"elements":[{"id":"314eed0d","settings":{"image":{"url":"https:\/\/elementor.thembay.com\/puca_ohio\/wp-content\/uploads\/2018\/03\/h4_banner_03.jpg","id":4978},"link_to":"custom","link":{"url":"#","is_external":"","nofollow":"","custom_attributes":""}},"elements":[],"isInner":false,"widgetType":"image","elType":"widget"}],"isInner":true,"elType":"column"}],"isInner":true,"elType":"section"}],"isInner":false,"elType":"column"}],"isInner":false,"elType":"section"},{"id":"433b225","settings":{"gap":"no","margin":{"unit":"px","top":"60","right":0,"bottom":"0","left":0,"isLinked":false},"margin_mobile":{"unit":"px","top":"0","right":0,"bottom":"0","left":0,"isLinked":false},"padding_mobile":{"unit":"px","top":"25","right":"0","bottom":"25","left":"0","isLinked":false}},"elements":[{"id":"564b8bb8","settings":{"_column_size":100,"_inline_size":null},"elements":[{"id":"3386606f","settings":{"heading_title":"Deal Of The Day","heading_subtitle":"Hodilay gifts for favorites and enjoy 70% off for all products only today.","layout_type":"inner-countdown-vertical","products":["388","2255","2313","2315","2355","2356"],"column":"2","col_desktop":"2","navigation":"","pagination":"yes","column_tablet":"2","column_mobile":"2"},"elements":[],"isInner":false,"widgetType":"tbay-product-count-down","elType":"widget"}],"isInner":false,"elType":"column"}],"isInner":false,"elType":"section"},{"id":"535aa8d3","settings":{"margin":{"unit":"px","top":"","right":0,"bottom":"","left":0,"isLinked":true},"padding":{"unit":"px","top":"30","right":"0","bottom":"30","left":"0","isLinked":false},"padding_mobile":{"unit":"px","top":"25","right":"0","bottom":"25","left":"0","isLinked":false}},"elements":[{"id":"3055c64e","settings":{"_column_size":100,"_inline_size":null,"padding_mobile":{"unit":"px","top":"0","right":"0","bottom":"0","left":"0","isLinked":false}},"elements":[{"id":"7a752b2d","settings":{"layout_type":"carousel","column":"6","col_desktop":"6","col_desktopsmall":"4","col_landscape":"2","column_mobile":"3","disable_mobile":""},"elements":[],"isInner":false,"widgetType":"tbay-brands","elType":"widget"}],"isInner":false,"elType":"column"}],"isInner":false,"elType":"section"},{"id":"654de00e","settings":{"stretch_section":"section-stretched","background_background":"classic","margin":{"unit":"px","top":"60","right":0,"bottom":"60","left":0,"isLinked":true},"margin_mobile":{"unit":"px","top":"0","right":0,"bottom":"0","left":0,"isLinked":false},"padding_mobile":{"unit":"px","top":"25","right":"0","bottom":"25","left":"0","isLinked":false}},"elements":[{"id":"10744266","settings":{"_column_size":100,"_inline_size":null,"padding_mobile":{"unit":"px","top":"0","right":"0","bottom":"0","left":"0","isLinked":false}},"elements":[{"id":"625e65c4","settings":{"heading_title":"Our Products","heading_subtitle":"Donec iaculis ornare purus in pulvinar. Cras metus sem, egestas ac urna vita enatation.","limit":12,"layout_type":"carousel-special","categories":["living","lighting","accessories","recommended"],"list_product_tabs":[{"product_tabs_title":"BestSeller Products","product_tabs":"best_selling","_id":"e486139"},{"product_tabs_title":"","product_tabs":"on_sale","_id":"7b54e7d"},{"product_tabs_title":"Latest Products","product_tabs":"random_product","_id":"63ec09f"}],"show_more":"","text_button":"show more","column":"3","col_desktop":"3","col_desktopsmall":"3","rows":"2","navigation":"","pagination":"yes","_background_background":"classic","column_tablet":"2"},"elements":[],"isInner":false,"widgetType":"tbay-product-tabs","elType":"widget"}],"isInner":false,"elType":"column"}],"isInner":false,"elType":"section"},{"id":"38bb4873","settings":{"padding":{"unit":"px","top":"60","right":"0","bottom":"60","left":"0","isLinked":false},"padding_mobile":{"unit":"px","top":"25","right":"0","bottom":"0","left":"0","isLinked":false}},"elements":[{"id":"63469729","settings":{"_column_size":100,"_inline_size":null,"padding_mobile":{"unit":"px","top":"0","right":"0","bottom":"0","left":"0","isLinked":false}},"elements":[{"id":"7b461c62","settings":{"heading_title":"Recent News","column":"3","col_desktop":"3","col_desktopsmall":"2","col_landscape":"2","_padding":{"unit":"px","top":"30","right":"0","bottom":"30","left":"0","isLinked":false},"heading_subtitle":"In dapibus vel ante in auctor. Suspendisse nec nisi vel lorem vulputate elementum.","layout_type":"carousel-v2","column_tablet":"2","column_mobile":"1","_css_classes":"widget-blog"},"elements":[],"isInner":false,"widgetType":"tbay-posts-grid","elType":"widget"}],"isInner":false,"elType":"column"}],"isInner":false,"elType":"section"},{"id":"28fd4532","settings":{"gap":"no","margin":{"unit":"px","top":"60","right":0,"bottom":"30","left":0,"isLinked":false},"margin_mobile":{"unit":"px","top":"0","right":0,"bottom":"0","left":0,"isLinked":false},"hide_mobile":"hidden-phone"},"elements":[{"id":"5bc48d77","settings":{"_column_size":100,"_inline_size":null},"elements":[{"id":"57ef0322","settings":{"editor":"<p style=\"text-align: center;\"><i class=\"icons icon-note\"><\/i>How\u2018re we doing?\u00a0<strong><a class=\"color2\" href=\"https:\/\/elementor.thembay.com\/puca_ohio\/\">Give us a feedback.<\/a><\/strong><br \/>It\u2019s very important to us to improve your experiences, many thanks for your contributions.<\/p>","_margin":{"unit":"px","top":"0","right":"0","bottom":"30","left":"0","isLinked":false},"_css_classes":"feedback"},"elements":[],"isInner":false,"widgetType":"text-editor","elType":"widget"}],"isInner":false,"elType":"column"}],"isInner":false,"elType":"section"},{"id":"277791b7","settings":{"gap":"no","margin":{"unit":"px","top":"","right":0,"bottom":"","left":0,"isLinked":true},"padding":{"unit":"px","top":"60","right":"0","bottom":"0","left":"0","isLinked":false},"padding_mobile":{"unit":"px","top":"25","right":"0","bottom":"0","left":"0","isLinked":false}},"elements":[{"id":"29013a5e","settings":{"_column_size":100,"_inline_size":null},"elements":[{"id":"7c0b2e44","settings":{"heading_title":"Our Newsletter","heading_subtitle":"Be the first to hear about our latest products & offers. As a welcome gift, we'll email you a 20% OFF discount code.","_margin":{"unit":"px","top":"0","right":"0","bottom":"40","left":"0","isLinked":false},"_margin_mobile":{"unit":"px","top":"0","right":"0","bottom":"25","left":"0","isLinked":false}},"elements":[],"isInner":false,"widgetType":"tbay-newsletter","elType":"widget"},{"id":"61fc39ac","settings":{"social_icon_list":[{"social_icon":{"value":"icon- icon-social-facebook","library":"simple-line-icons"},"_id":"3f6fa60","link":{"url":"#","is_external":"true","nofollow":""}},{"social_icon":{"value":"icon- icon-social-twitter","library":"simple-line-icons"},"_id":"b75ff06","link":{"url":"#","is_external":"true","nofollow":""}},{"social_icon":{"value":"icon- icon-social-youtube","library":"simple-line-icons"},"_id":"a46c1a5","link":{"url":"#","is_external":"true","nofollow":""}},{"social_icon":{"value":"icon- icon-social-instagram","library":"simple-line-icons"},"link":{"url":"#","is_external":"true","nofollow":""},"_id":"55ba728"},{"social_icon":{"value":"icon- icon-social-google","library":"simple-line-icons"},"link":{"url":"#","is_external":"true","nofollow":""},"_id":"342ccd8"}],"styles":"style2"},"elements":[],"isInner":false,"widgetType":"tbay-social-icons","elType":"widget"}],"isInner":false,"elType":"column"}],"isInner":false,"elType":"section"}]}