{"version":"0.4","title":"Template &#8211; Contact Us","type":"page","content":[{"id":"3b847b72","settings":{"stretch_section":"section-stretched","structure":"30","padding":{"unit":"px","top":"50","right":"0","bottom":"0","left":"0","isLinked":false}},"elements":[{"id":"51e1852a","settings":{"_column_size":33,"_inline_size":null,"padding_mobile":{"unit":"px","top":"0","right":"0","bottom":"0","left":"0","isLinked":false}},"elements":[{"id":"6ac858b2","settings":{"html":"<div class=\"contact-info\">\n    <span class=\"head\"><i class=\"icons icon-location-pin\"><\/i>Store Address:<\/span>\n    <p>70 St. South Windsor, CT 06074, Ohio, U.S.A<\/p>\n<\/div>","_padding_mobile":{"unit":"px","top":"0","right":"0","bottom":"15","left":"0","isLinked":false}},"elements":[],"isInner":false,"widgetType":"html","elType":"widget"}],"isInner":false,"elType":"column"},{"id":"47fc863d","settings":{"_column_size":33,"_inline_size":null,"padding_mobile":{"unit":"px","top":"0","right":"0","bottom":"0","left":"0","isLinked":false}},"elements":[{"id":"1930269e","settings":{"html":"<div class=\"contact-info\">\n    <span class=\"head\"><i class=\"icons icon-call-end\"><\/i>Phone Number:<\/span>\n    <p>(+001) 123 456 78<\/p>\n<\/div>","_padding_mobile":{"unit":"px","top":"15","right":"0","bottom":"15","left":"0","isLinked":false}},"elements":[],"isInner":false,"widgetType":"html","elType":"widget"}],"isInner":false,"elType":"column"},{"id":"1170dfb1","settings":{"_column_size":33,"_inline_size":null,"padding_mobile":{"unit":"px","top":"0","right":"0","bottom":"0","left":"0","isLinked":false}},"elements":[{"id":"4de61419","settings":{"html":"<div class=\"contact-info\">\n    <span class=\"head\"><i class=\"icons icon-envelope\"><\/i>Email Support:<\/span>\n    <p>example_mail@gmail.com<\/p>\n<\/div>","_padding_mobile":{"unit":"px","top":"15","right":"0","bottom":"15","left":"0","isLinked":false}},"elements":[],"isInner":false,"widgetType":"html","elType":"widget"}],"isInner":false,"elType":"column"}],"isInner":false,"elType":"section"},{"id":"e387cf3","settings":{"stretch_section":"section-stretched","padding":{"unit":"px","top":"60","right":"0","bottom":"60","left":"0","isLinked":false},"padding_mobile":{"unit":"px","top":"25","right":"0","bottom":"25","left":"0","isLinked":false}},"elements":[{"id":"77127f72","settings":{"_column_size":100,"_inline_size":null,"padding_mobile":{"unit":"px","top":"0","right":"0","bottom":"0","left":"0","isLinked":false}},"elements":[{"id":"49fad08d","settings":{"address":"London Eye, London, United Kingdom","height":{"unit":"px","size":450,"sizes":[]},"css_filters_css_filter":"custom","css_filters_contrast":{"unit":"px","size":90,"sizes":[]},"_padding":{"unit":"px","top":"5","right":"5","bottom":"5","left":"5","isLinked":true},"_background_background":"classic","_background_color":"#F7F7F7"},"elements":[],"isInner":false,"widgetType":"google_maps","elType":"widget"}],"isInner":false,"elType":"column"}],"isInner":false,"elType":"section"},{"id":"179a2e35","settings":{"structure":"20","padding":{"unit":"px","top":"20","right":"0","bottom":"60","left":"0","isLinked":false},"css_classes":"contact-form1","stretch_section":"section-stretched"},"elements":[{"id":"6777d2cd","settings":{"_column_size":50,"_inline_size":null,"_inline_size_tablet":100,"padding_mobile":{"unit":"px","top":"0","right":"0","bottom":"0","left":"0","isLinked":false},"css_classes":"contact-detail"},"elements":[{"id":"73045696","settings":{"heading_subtitle":"Social","social_icon_list":[{"social_icon":{"value":"icon- icon-social-facebook","library":"simple-line-icons"},"_id":"69cecbc","link":{"url":"#","is_external":"true","nofollow":""}},{"social_icon":{"value":"icon- icon-social-twitter","library":"simple-line-icons"},"_id":"2d4b04a","link":{"url":"#","is_external":"true","nofollow":""}},{"social_icon":{"value":"icon- icon-social-youtube","library":"simple-line-icons"},"_id":"8204b78","link":{"url":"#","is_external":"true","nofollow":""}},{"social_icon":{"value":"icon- icon-social-instagram","library":"simple-line-icons"},"link":{"url":"#","is_external":"true","nofollow":""},"_id":"d1f118e"},{"social_icon":{"value":"icon- icon-social-google","library":"simple-line-icons"},"link":{"url":"#","is_external":"true","nofollow":""},"_id":"11d51c7"}],"styles":"style2","_margin":{"unit":"px","top":"0","right":"0","bottom":"40","left":"0","isLinked":false}},"elements":[],"isInner":false,"widgetType":"tbay-social-icons","elType":"widget"},{"id":"588280d2","settings":[],"elements":[{"id":"285699c3","settings":{"_column_size":100,"_inline_size":null,"padding_tablet":{"unit":"px","top":"0","right":"0","bottom":"0","left":"0","isLinked":false},"padding":{"unit":"px","top":"0","right":"0","bottom":"0","left":"0","isLinked":true}},"elements":[{"id":"26b5ef30","settings":{"heading_title":"contact form","heading_title_size":{"unit":"px","size":16,"sizes":[]},"heading_title_line_height":{"unit":"px","size":26,"sizes":[]},"heading_subtitle_size":{"unit":"px","size":13,"sizes":[]},"heading_title_color":"#000000","heading_subtitle_color":"#575353","heading_title_bottom_space":{"unit":"px","size":0,"sizes":[]}},"elements":[],"isInner":false,"widgetType":"tbay-heading","elType":"widget"}],"isInner":true,"elType":"column"}],"isInner":true,"elType":"section"},{"id":"5fc0aee2","settings":[],"elements":[{"id":"7397880e","settings":{"_column_size":100,"_inline_size":null,"padding_tablet":{"unit":"px","top":"0","right":"0","bottom":"0","left":"0","isLinked":false},"padding":{"unit":"px","top":"0","right":"0","bottom":"0","left":"0","isLinked":true}},"elements":[{"id":"4c607de7","settings":{"shortcode":"[contact-form-7 id=\"559\" title=\"Contact form 1\"]"},"elements":[],"isInner":false,"widgetType":"shortcode","elType":"widget"}],"isInner":true,"elType":"column"}],"isInner":true,"elType":"section"}],"isInner":false,"elType":"column"},{"id":"760a6f51","settings":{"_column_size":50,"_inline_size":null,"hide_tablet":"hidden-tablet","hide_mobile":"hidden-phone"},"elements":[],"isInner":false,"elType":"column"}],"isInner":false,"elType":"section"}]}