{"version":"0.4","title":"Template &#8211; Home 19","type":"page","content":[{"id":"78b24fa6","settings":{"stretch_section":"section-stretched","layout":"full_width","gap":"no","padding":{"unit":"px","top":"0","right":"0","bottom":"100","left":"0","isLinked":false},"padding_mobile":{"unit":"px","top":"25","right":"0","bottom":"25","left":"0","isLinked":false}},"elements":[{"id":"222eebfc","settings":{"_column_size":100,"_inline_size":null},"elements":[{"id":"34e4d98a","settings":{"revslidertitle":"Ohio Home 19","shortcode":"[rev_slider alias=\"ohio-home-19\"][\/rev_slider]"},"elements":[],"isInner":false,"widgetType":"slider_revolution","elType":"widget"}],"isInner":false,"elType":"column"}],"isInner":false,"elType":"section"},{"id":"37b329ff","settings":{"stretch_section":"section-stretched","structure":"30","margin":{"unit":"px","top":"60","right":0,"bottom":"30","left":0,"isLinked":false},"padding_mobile":{"unit":"px","top":"25","right":"0","bottom":"25","left":"0","isLinked":false}},"elements":[{"id":"6d56032d","settings":{"_column_size":33,"_inline_size":null,"padding_mobile":{"unit":"px","top":"0","right":"0","bottom":"0","left":"0","isLinked":false}},"elements":[{"id":"45b926d7","settings":{"image":{"url":"https:\/\/elementor.thembay.com\/puca_ohio\/wp-content\/uploads\/2018\/03\/h4_banner_01.jpg","id":4976},"link_to":"custom","link":{"url":"#","is_external":"","nofollow":"","custom_attributes":""}},"elements":[],"isInner":false,"widgetType":"image","elType":"widget"}],"isInner":false,"elType":"column"},{"id":"4eedc255","settings":{"_column_size":33,"_inline_size":null,"padding_mobile":{"unit":"px","top":"0","right":"0","bottom":"0","left":"0","isLinked":false}},"elements":[{"id":"38554adb","settings":{"image":{"url":"https:\/\/elementor.thembay.com\/puca_ohio\/wp-content\/uploads\/2018\/03\/h4_banner_02.jpg","id":4977},"link_to":"custom","link":{"url":"#","is_external":"","nofollow":"","custom_attributes":""}},"elements":[],"isInner":false,"widgetType":"image","elType":"widget"}],"isInner":false,"elType":"column"},{"id":"3701dc77","settings":{"_column_size":33,"_inline_size":null,"padding_mobile":{"unit":"px","top":"0","right":"0","bottom":"0","left":"0","isLinked":false}},"elements":[{"id":"210422d7","settings":{"image":{"url":"https:\/\/elementor.thembay.com\/puca_ohio\/wp-content\/uploads\/2018\/03\/h4_banner_03.jpg","id":4978},"link_to":"custom","link":{"url":"#","is_external":"","nofollow":"","custom_attributes":""}},"elements":[],"isInner":false,"widgetType":"image","elType":"widget"}],"isInner":false,"elType":"column"}],"isInner":false,"elType":"section"},{"id":"7d64d735","settings":{"gap":"no","margin":{"unit":"px","top":"60","right":0,"bottom":"60","left":0,"isLinked":true},"padding":{"unit":"px","top":"60","right":"0","bottom":"60","left":"0","isLinked":false},"padding_mobile":{"unit":"px","top":"25","right":"0","bottom":"25","left":"0","isLinked":false}},"elements":[{"id":"161fdf4b","settings":{"_column_size":100,"_inline_size":null},"elements":[{"id":"578a4066","settings":{"heading_title":"Featured Items","heading_subtitle":"Hodilay gifts for everyone. Choose two favorites and enjoy 70% off for all products only today.","categories":["lighting","accessories","recommended"],"product_type":"random_product","text_button":"show more","column":"4","col_desktop":"4","col_desktopsmall":"3","pagination":"yes","limit":8,"col_landscape":"3","navigation":"","show_more":"yes","selected_icon":{"value":"icon- icon-grid","library":"simple-line-icons"},"column_tablet":"2"},"elements":[],"isInner":false,"widgetType":"tbay-products","elType":"widget"}],"isInner":false,"elType":"column"}],"isInner":false,"elType":"section"},{"id":"2a790227","settings":{"gap":"no","margin":{"unit":"px","top":"30","right":0,"bottom":"30","left":0,"isLinked":true},"margin_mobile":{"unit":"px","top":"0","right":0,"bottom":"0","left":0,"isLinked":false},"padding_mobile":{"unit":"px","top":"25","right":"0","bottom":"25","left":"0","isLinked":false}},"elements":[{"id":"5ba609a8","settings":{"_column_size":100,"_inline_size":null},"elements":[{"id":"7ea36e41","settings":{"layout_type":"carousel","column":"5","col_desktop":"5","col_desktopsmall":"4","col_landscape":"2","column_mobile":"3","disable_mobile":""},"elements":[],"isInner":false,"widgetType":"tbay-brands","elType":"widget"}],"isInner":false,"elType":"column"}],"isInner":false,"elType":"section"},{"id":"1ef2c4bf","settings":{"gap":"no","padding":{"unit":"px","top":"60","right":"0","bottom":"60","left":"0","isLinked":false},"padding_mobile":{"unit":"px","top":"25","right":"0","bottom":"25","left":"0","isLinked":false}},"elements":[{"id":"4194797d","settings":{"_column_size":100,"_inline_size":null},"elements":[{"id":"46f5f12e","settings":{"heading_title":"Top Month Selling","heading_subtitle":"Donec iaculis ornare purus in pulvinar. Cras metus sem.","layout_type":"carousel-special","categories":["living","lighting","accessories","recommended"],"product_type":"random_product","text_button":"show more","column":"3","col_desktop":"3","col_desktopsmall":"3","rows":"2","navigation":"","pagination":"yes","limit":12,"show_more":"","column_tablet":"2"},"elements":[],"isInner":false,"widgetType":"tbay-products","elType":"widget"}],"isInner":false,"elType":"column"}],"isInner":false,"elType":"section"},{"id":"74b30881","settings":{"margin":{"unit":"px","top":"60","right":0,"bottom":"60","left":0,"isLinked":true},"margin_mobile":{"unit":"px","top":"0","right":0,"bottom":"0","left":0,"isLinked":false},"padding_mobile":{"unit":"px","top":"25","right":"0","bottom":"25","left":"0","isLinked":false}},"elements":[{"id":"3712e204","settings":{"_column_size":100,"_inline_size":null},"elements":[{"id":"c71ac69","settings":{"heading_title":"Recent News","heading_subtitle":"In dapibus vel ante in auctor. Suspendisse nec nisi vel lorem vulputate elementum.","layout_type":"carousel-v2","thumbnail_size":"thumbnail","column":"3","col_desktop":"3","col_desktopsmall":"2","pagination":"yes","column_tablet":"2","column_mobile":"1","col_landscape":"1","_css_classes":"widget-blog"},"elements":[],"isInner":false,"widgetType":"tbay-posts-grid","elType":"widget"}],"isInner":false,"elType":"column"}],"isInner":false,"elType":"section"},{"id":"5daedbeb","settings":{"gap":"no","margin":{"unit":"px","top":"","right":0,"bottom":"","left":0,"isLinked":true},"padding":{"unit":"px","top":"60","right":"0","bottom":"0","left":"0","isLinked":false},"padding_mobile":{"unit":"px","top":"25","right":"0","bottom":"0","left":"0","isLinked":false}},"elements":[{"id":"180acd1c","settings":{"_column_size":100,"_inline_size":null},"elements":[{"id":"3a0d63a5","settings":{"heading_title":"Our Newsletter","heading_subtitle":"Be the first to hear about our latest products & offers. As a welcome gift, we'll email you a 20% OFF discount code.","_margin":{"unit":"px","top":"0","right":"0","bottom":"40","left":"0","isLinked":false},"_margin_mobile":{"unit":"px","top":"0","right":"0","bottom":"25","left":"0","isLinked":false}},"elements":[],"isInner":false,"widgetType":"tbay-newsletter","elType":"widget"},{"id":"3086b153","settings":{"social_icon_list":[{"social_icon":{"value":"icon- icon-social-facebook","library":"simple-line-icons"},"_id":"e09f551","link":{"url":"#","is_external":"true","nofollow":""}},{"social_icon":{"value":"icon- icon-social-twitter","library":"simple-line-icons"},"_id":"5af1ec5","link":{"url":"#","is_external":"true","nofollow":""}},{"social_icon":{"value":"icon- icon-social-youtube","library":"simple-line-icons"},"_id":"1fe8e54","link":{"url":"#","is_external":"true","nofollow":""}},{"social_icon":{"value":"icon- icon-social-instagram","library":"simple-line-icons"},"link":{"url":"#","is_external":"true","nofollow":""},"_id":"0ffa8e9"},{"social_icon":{"value":"icon- icon-social-pinterest","library":"simple-line-icons"},"link":{"url":"#","is_external":"true","nofollow":""},"_id":"8096632"}],"styles":"style2"},"elements":[],"isInner":false,"widgetType":"tbay-social-icons","elType":"widget"}],"isInner":false,"elType":"column"}],"isInner":false,"elType":"section"}]}