{"version":"0.4","title":"Template &#8211; Home 9","type":"page","content":[{"id":"557cf952","settings":{"stretch_section":"section-stretched","layout":"full_width","gap":"no","padding":{"unit":"px","top":"0","right":"0","bottom":"60","left":"0","isLinked":false},"padding_tablet":{"unit":"px","top":"0","right":"0","bottom":"30","left":"0","isLinked":false},"padding_mobile":{"unit":"px","top":"25","right":"0","bottom":"25","left":"0","isLinked":false}},"elements":[{"id":"75296bbe","settings":{"_column_size":100,"_inline_size":null},"elements":[{"id":"4d6dd46d","settings":{"revslidertitle":"Ohio Home 09","shortcode":"[rev_slider alias=\"ohio-home-09\"][\/rev_slider]"},"elements":[],"isInner":false,"widgetType":"slider_revolution","elType":"widget"}],"isInner":false,"elType":"column"}],"isInner":false,"elType":"section"},{"id":"3d705b8d","settings":{"gap":"no","margin":{"unit":"px","top":"","right":0,"bottom":"","left":0,"isLinked":true},"padding":{"unit":"px","top":"60","right":"0","bottom":"60","left":"0","isLinked":false},"padding_tablet":{"unit":"px","top":"30","right":"0","bottom":"30","left":"0","isLinked":false},"padding_mobile":{"unit":"px","top":"25","right":"0","bottom":"25","left":"0","isLinked":false}},"elements":[{"id":"4c76be25","settings":{"_column_size":100,"_inline_size":null},"elements":[{"id":"46a69591","settings":{"heading_title":"Top Categories","heading_subtitle":"Aenean fringilla eget erat aliquet bibendum. Curabitur ullamcorper semper maga lorem","categoriestabs":[{"category":"accents","images":{"url":"https:\/\/elementor.thembay.com\/puca_ohio\/wp-content\/uploads\/2018\/03\/cate-37.jpg","id":5016},"check_custom_link":"no","custom_link":{"url":"","is_external":"","nofollow":""},"display_count":"yes","_id":"7681fe2"},{"category":"accessories","images":{"url":"https:\/\/elementor.thembay.com\/puca_ohio\/wp-content\/uploads\/2018\/03\/cate-31.jpg","id":5010},"check_custom_link":"no","custom_link":{"url":"","is_external":"","nofollow":""},"display_count":"yes","_id":"5ba0f28"},{"category":"bedroom","images":{"url":"https:\/\/elementor.thembay.com\/puca_ohio\/wp-content\/uploads\/2018\/03\/cate-32.jpg","id":5011},"check_custom_link":"no","custom_link":{"url":"","is_external":"","nofollow":""},"display_count":"yes","_id":"dee1cb3"},{"category":"chair","images":{"url":"https:\/\/elementor.thembay.com\/puca_ohio\/wp-content\/uploads\/2018\/03\/cate-33.jpg","id":5012},"check_custom_link":"no","custom_link":{"url":"","is_external":"","nofollow":""},"display_count":"yes","_id":"209dcb4"},{"category":"living","images":{"url":"https:\/\/elementor.thembay.com\/puca_ohio\/wp-content\/uploads\/2018\/03\/cate-32.jpg","id":5011},"check_custom_link":"no","custom_link":{"url":"","is_external":"","nofollow":""},"display_count":"yes","_id":"982018c"},{"category":"recommended","images":{"url":"https:\/\/elementor.thembay.com\/puca_ohio\/wp-content\/uploads\/2018\/03\/cate-31.jpg","id":5010},"check_custom_link":"no","custom_link":{"url":"","is_external":"","nofollow":""},"display_count":"yes","_id":"c33424f"}],"show_more":"yes","text_button":"All Categories","column":"3","column_tablet":"2","col_desktop":"3","col_desktopsmall":"2","col_landscape":"2"},"elements":[],"isInner":false,"widgetType":"tbay-custom-image-list-categories","elType":"widget"}],"isInner":false,"elType":"column"}],"isInner":false,"elType":"section"},{"id":"386b3fc3","settings":{"stretch_section":"section-stretched","background_background":"classic","background_image":{"url":"https:\/\/elementor.thembay.com\/puca_ohio\/wp-content\/uploads\/2018\/03\/banner_bg.jpg","id":4794},"background_position":"top center","background_repeat":"no-repeat","background_bg_width":{"unit":"px","size":1820,"sizes":[]},"margin":{"unit":"px","top":"60","right":0,"bottom":"60","left":0,"isLinked":true},"padding":{"unit":"px","top":"0","right":"50","bottom":"0","left":"50","isLinked":false},"margin_tablet":{"unit":"px","top":"0","right":0,"bottom":"0","left":0,"isLinked":false},"padding_tablet":{"unit":"px","top":"30","right":"0","bottom":"30","left":"0","isLinked":false},"padding_mobile":{"unit":"px","top":"25","right":"0","bottom":"25","left":"0","isLinked":false}},"elements":[{"id":"4465b6fd","settings":{"_column_size":100,"_inline_size":null,"padding_mobile":{"unit":"px","top":"0","right":"0","bottom":"0","left":"0","isLinked":false}},"elements":[{"id":"204e9b1a","settings":{"heading_title":"Expert's Impression","heading_subtitle":"\u201cAenean fringilla eget erat aliquet bibendum. Curabitur ullamcorper semper magna, non facilisis augue sodales vitae. Quisque at sodales diam, eu cursus est. Etiam hendrerit metus magna, a pulvinar nibh placa\u201d"},"elements":[],"isInner":false,"widgetType":"tbay-heading","elType":"widget"},{"id":"14f81a14","settings":{"image":{"url":"https:\/\/elementor.thembay.com\/puca_ohio\/wp-content\/uploads\/2018\/03\/signatuture.png","id":4975},"image_size":"full","_margin":{"unit":"px","top":"0","right":"0","bottom":"100","left":"0","isLinked":false},"_margin_mobile":{"unit":"px","top":"0","right":"0","bottom":"10","left":"0","isLinked":false}},"elements":[],"isInner":false,"widgetType":"image","elType":"widget"},{"id":"3dd21b36","settings":{"heading_title":"New Arrivals","heading_subtitle":"Donec iaculis ornare purus in pulvinar. Cras metus sem, egestas ac urna vitae.","product_type":"random_product","layout_type":"carousel","show_view_all":"","view_all_text":"View All","categories":[{"category":"living","category_type":"icon","category_icon":{"value":"","library":""},"category_image":{"url":"","id":""},"thumbnail_size":"full","thumbnail_custom_dimension":{"width":"","height":""},"_id":"5e07c7c"},{"category":"bedroom","category_type":"icon","category_icon":{"value":"","library":""},"category_image":{"url":"","id":""},"thumbnail_size":"full","thumbnail_custom_dimension":{"width":"","height":""},"_id":"a1f7aec"},{"category":"dining","category_type":"icon","category_icon":{"value":"","library":""},"category_image":{"url":"","id":""},"thumbnail_size":"full","thumbnail_custom_dimension":{"width":"","height":""},"_id":"2ad7b7a"},{"category":"office","category_type":"icon","category_icon":{"value":"","library":""},"category_image":{"url":"","id":""},"thumbnail_size":"full","thumbnail_custom_dimension":{"width":"","height":""},"_id":"1e1d252"}],"column":"3","col_desktop":"3","col_desktopsmall":"3","column_tablet":"2","navigation":""},"elements":[],"isInner":false,"widgetType":"tbay-product-categories-tabs","elType":"widget"}],"isInner":false,"elType":"column"}],"isInner":false,"elType":"section"},{"id":"1363755e","settings":{"gap":"no","margin":{"unit":"px","top":"","right":0,"bottom":"","left":0,"isLinked":true},"padding":{"unit":"px","top":"30","right":"0","bottom":"30","left":"0","isLinked":false},"margin_tablet":{"unit":"px","top":"0","right":0,"bottom":"0","left":0,"isLinked":false},"padding_tablet":{"unit":"px","top":"30","right":"0","bottom":"30","left":"0","isLinked":false},"padding_mobile":{"unit":"px","top":"25","right":"0","bottom":"25","left":"0","isLinked":false}},"elements":[{"id":"45e5da73","settings":{"_column_size":100,"_inline_size":null},"elements":[{"id":"1587b895","settings":{"layout_type":"carousel","column":"6","col_desktop":"6","col_desktopsmall":"4","col_landscape":"3","disable_mobile":"","column_mobile":"3"},"elements":[],"isInner":false,"widgetType":"tbay-brands","elType":"widget"}],"isInner":false,"elType":"column"}],"isInner":false,"elType":"section"},{"id":"7c46a36","settings":{"gap":"no","margin":{"unit":"px","top":"60","right":0,"bottom":"0","left":0,"isLinked":false},"margin_tablet":{"unit":"px","top":"0","right":0,"bottom":"0","left":0,"isLinked":false},"padding_tablet":{"unit":"px","top":"30","right":"0","bottom":"0","left":"0","isLinked":false},"padding_mobile":{"unit":"px","top":"25","right":"0","bottom":"0","left":"0","isLinked":false}},"elements":[{"id":"16e1d6ff","settings":{"_column_size":100,"_inline_size":null},"elements":[{"id":"f1332ad","settings":{"heading_title":"Our Newsletter","heading_subtitle":"Be the first to hear about our latest products & offers. As a welcome gift, we'll email you a 20% OFF discount code.","_margin":{"unit":"px","top":"0","right":"0","bottom":"40","left":"0","isLinked":false}},"elements":[],"isInner":false,"widgetType":"tbay-newsletter","elType":"widget"},{"id":"597fb202","settings":{"social_icon_list":[{"social_icon":{"value":"fab fa-facebook","library":"fa-brands"},"_id":"a0aae4c","link":{"url":"#","is_external":"true","nofollow":""}},{"social_icon":{"value":"fab fa-twitter","library":"fa-brands"},"_id":"f2649f2","link":{"url":"#","is_external":"true","nofollow":""}},{"social_icon":{"value":"fab fa-youtube","library":"fa-brands"},"_id":"5d62901","link":{"url":"#","is_external":"true","nofollow":""}},{"social_icon":{"value":"fab fa-instagram","library":"fa-brands"},"link":{"url":"#","is_external":"true","nofollow":""},"_id":"5d1e49e"},{"social_icon":{"value":"fab fa-pinterest","library":"fa-brands"},"link":{"url":"#","is_external":"true","nofollow":""},"_id":"c868379"}],"styles":"style2"},"elements":[],"isInner":false,"widgetType":"tbay-social-icons","elType":"widget"}],"isInner":false,"elType":"column"}],"isInner":false,"elType":"section"}]}