{"version":"0.4","title":"Template &#8211; Home 7","type":"page","content":[{"id":"3196e3a4","settings":{"stretch_section":"section-stretched","layout":"full_width","gap":"no","padding":{"unit":"px","top":"0","right":"0","bottom":"120","left":"0","isLinked":false}},"elements":[{"id":"72b80a55","settings":{"_column_size":100,"_inline_size":null},"elements":[{"id":"1e16ad0c","settings":{"revslidertitle":"Ohio Home 07","shortcode":"[rev_slider alias=\"ohio-home-07\"][\/rev_slider]"},"elements":[],"isInner":false,"widgetType":"slider_revolution","elType":"widget"}],"isInner":false,"elType":"column"}],"isInner":false,"elType":"section"},{"id":"2b74cd07","settings":{"gap":"no","margin":{"unit":"px","top":"60","right":0,"bottom":"60","left":0,"isLinked":true},"margin_tablet":{"unit":"px","top":"0","right":0,"bottom":"0","left":0,"isLinked":false},"padding_tablet":{"unit":"px","top":"30","right":"0","bottom":"30","left":"0","isLinked":false},"padding_mobile":{"unit":"px","top":"25","right":"0","bottom":"25","left":"0","isLinked":false}},"elements":[{"id":"5329e521","settings":{"_column_size":100,"_inline_size":null},"elements":[{"id":"7d4011bf","settings":{"categoriestabs":[{"category":"accents","images":{"url":"https:\/\/elementor.thembay.com\/puca_ohio\/wp-content\/uploads\/2018\/03\/table_watch.jpg","id":5036},"check_custom_link":"","custom_link":{"url":"","is_external":"","nofollow":""},"display_count":"yes","_id":"f28a1c8"},{"category":"accessories","images":{"url":"https:\/\/elementor.thembay.com\/puca_ohio\/wp-content\/uploads\/2018\/03\/accessories.jpg","id":5030},"check_custom_link":"no","custom_link":{"url":"","is_external":"","nofollow":""},"display_count":"yes","_id":"fd9fc91"},{"category":"bedroom","images":{"url":"https:\/\/elementor.thembay.com\/puca_ohio\/wp-content\/uploads\/2018\/03\/bedroom.jpg","id":5031},"check_custom_link":"no","custom_link":{"url":"","is_external":"","nofollow":""},"display_count":"yes","_id":"96738d3"},{"category":"chair","images":{"url":"https:\/\/elementor.thembay.com\/puca_ohio\/wp-content\/uploads\/2018\/03\/dining.jpg","id":5032},"check_custom_link":"no","custom_link":{"url":"","is_external":"","nofollow":""},"display_count":"yes","_id":"83e417d"}],"column":"4","col_desktop":"4","col_desktopsmall":"4","heading_title":"Top Categories","heading_subtitle":"Aenean fringilla eget erat aliquet bibendum. Curabitur ullamcorper semper maga lorem","text_button":"show more"},"elements":[],"isInner":false,"widgetType":"tbay-custom-image-list-categories","elType":"widget"},{"id":"338ab124","settings":{"btn_align":"center","text_button":"All Categories","link_button":{"url":"https:\/\/elementor.thembay.com\/puca_ohio\/shop\/","is_external":"","nofollow":""},"add_icon":"yes","icon_button":{"value":"icon- icon-grid","library":"simple-line-icons"},"_margin":{"unit":"px","top":"50","right":"0","bottom":"0","left":"0","isLinked":false}},"elements":[],"isInner":false,"widgetType":"tbay-button","elType":"widget"}],"isInner":false,"elType":"column"}],"isInner":false,"elType":"section"},{"id":"2a938215","settings":{"gap":"no","padding":{"unit":"px","top":"60","right":"0","bottom":"30","left":"0","isLinked":false},"padding_tablet":{"unit":"px","top":"30","right":"0","bottom":"30","left":"0","isLinked":false},"padding_mobile":{"unit":"px","top":"25","right":"0","bottom":"25","left":"0","isLinked":false},"hide_mobile":"hidden-phone"},"elements":[{"id":"459f2b97","settings":{"_column_size":100,"_inline_size":null},"elements":[{"id":"5e44accd","settings":{"heading_title":"Impression From Experts","heading_subtitle":"\u201cAenean fringilla eget erat aliquet bibendum. Curabitur ullamcorper semper magna, non facilisis augue sodales vitae. Quisque at sodales diam, eu cursus est. Etiam hendrerit metus magna, a pulvinar nibh placa\u201d"},"elements":[],"isInner":false,"widgetType":"tbay-heading","elType":"widget"},{"id":"217b3f8f","settings":{"image":{"url":"https:\/\/elementor.thembay.com\/puca_ohio\/wp-content\/uploads\/2018\/03\/signatuture.png","id":4975},"image_size":"full"},"elements":[],"isInner":false,"widgetType":"image","elType":"widget"}],"isInner":false,"elType":"column"}],"isInner":false,"elType":"section"},{"id":"3f9b237a","settings":{"stretch_section":"section-stretched","layout":"full_width","gap":"no","margin":{"unit":"px","top":"30","right":0,"bottom":"30","left":0,"isLinked":true},"padding":{"unit":"px","top":"0","right":"50","bottom":"0","left":"50","isLinked":false},"padding_mobile":{"unit":"px","top":"25","right":"0","bottom":"25","left":"0","isLinked":false}},"elements":[{"id":"5996baa","settings":{"_column_size":100,"_inline_size":null},"elements":[{"id":"1069a622","settings":{"image":{"url":"https:\/\/elementor.thembay.com\/puca_ohio\/wp-content\/uploads\/2018\/03\/icon-video.png","id":4891},"image_size":"full"},"elements":[],"isInner":false,"widgetType":"image","elType":"widget"},{"id":"2ae9ba01","settings":{"heading_title":"Video show","video_image":{"url":"https:\/\/elementor.thembay.com\/puca_ohio\/wp-content\/uploads\/2018\/04\/bg_video.jpg","id":5324},"video_url":"https:\/\/youtu.be\/Im2q_ri-7AM","video_btn_text":"Play video"},"elements":[],"isInner":false,"widgetType":"tbay-video","elType":"widget"}],"isInner":false,"elType":"column"}],"isInner":false,"elType":"section"},{"id":"54b33c0d","settings":{"gap":"no","margin":{"unit":"px","top":"","right":0,"bottom":"","left":0,"isLinked":true},"padding":{"unit":"px","top":"30","right":"0","bottom":"60","left":"0","isLinked":false},"padding_tablet":{"unit":"px","top":"30","right":"0","bottom":"30","left":"0","isLinked":false},"padding_mobile":{"unit":"px","top":"25","right":"0","bottom":"25","left":"0","isLinked":false}},"elements":[{"id":"42d7b04d","settings":{"_column_size":100,"_inline_size":null},"elements":[{"id":"17809cf2","settings":{"layout_type":"carousel","categories":[],"product_type":"random_product","text_button":"show more","column":"4","col_desktop":"4","col_desktopsmall":"3","heading_title":"Featured Items","heading_subtitle":"Hodilay gifts for everyone. Choose two favorites and enjoy 70% off for all products only today.","pagination":"yes","col_landscape":"3"},"elements":[],"isInner":false,"widgetType":"tbay-products","elType":"widget"}],"isInner":false,"elType":"column"}],"isInner":false,"elType":"section"},{"id":"3ab188f4","settings":{"gap":"no","margin":{"unit":"px","top":"60","right":0,"bottom":"0","left":0,"isLinked":false},"margin_tablet":{"unit":"px","top":"0","right":0,"bottom":"0","left":0,"isLinked":false},"padding_tablet":{"unit":"px","top":"30","right":"0","bottom":"0","left":"0","isLinked":false},"padding_mobile":{"unit":"px","top":"25","right":"0","bottom":"0","left":"0","isLinked":false}},"elements":[{"id":"73bb260","settings":{"_column_size":100,"_inline_size":null},"elements":[{"id":"2dd64c10","settings":{"heading_title":"Our Newsletter","heading_subtitle":"Be the first to hear about our latest products & offers. As a welcome gift, we'll email you a 20% OFF discount code."},"elements":[],"isInner":false,"widgetType":"tbay-newsletter","elType":"widget"}],"isInner":false,"elType":"column"}],"isInner":false,"elType":"section"}]}