{"version":"0.4","title":"Template &#8211; Home 15","type":"page","content":[{"id":"3e7a2849","settings":{"stretch_section":"section-stretched","layout":"full_width","gap":"no","padding":{"unit":"px","top":"0","right":"50","bottom":"60","left":"50","isLinked":false},"padding_tablet":{"unit":"px","top":"0","right":"0","bottom":"30","left":"0","isLinked":false},"padding_mobile":{"unit":"px","top":"25","right":"0","bottom":"25","left":"0","isLinked":false}},"elements":[{"id":"42865723","settings":{"_column_size":100,"_inline_size":null},"elements":[{"id":"2a529120","settings":{"revslidertitle":"Ohio Home 15","shortcode":"[rev_slider alias=\"ohio-home-15\"][\/rev_slider]"},"elements":[],"isInner":false,"widgetType":"slider_revolution","elType":"widget"}],"isInner":false,"elType":"column"}],"isInner":false,"elType":"section"},{"id":"3b51d496","settings":{"gap":"no","padding":{"unit":"px","top":"60","right":"0","bottom":"60","left":"0","isLinked":false},"padding_tablet":{"unit":"px","top":"30","right":"0","bottom":"30","left":"0","isLinked":false},"padding_mobile":{"unit":"px","top":"25","right":"0","bottom":"25","left":"0","isLinked":false}},"elements":[{"id":"3e0b6efb","settings":{"_column_size":100,"_inline_size":null},"elements":[{"id":"172c4ab2","settings":{"features":[{"feature_title":"Better Saving Money","feature_desc":"","feature_type":"image","selected_icon":{"value":"linear-icon-gift","library":"linear-icon"},"type_image":{"url":"https:\/\/elementor.thembay.com\/puca_ohio\/wp-content\/uploads\/2018\/03\/feature-1.png","id":5139},"feature_margin_icon":{"unit":"px","top":"","right":"","bottom":"","left":"","isLinked":true},"feature_margin_icon_tablet":{"unit":"px","top":"","right":"","bottom":"","left":"","isLinked":true},"feature_margin_icon_mobile":{"unit":"px","top":"","right":"","bottom":"","left":"","isLinked":true},"_id":"74bf866"},{"feature_title":"7 Days Products Return","feature_desc":"","feature_type":"image","selected_icon":{"value":"linear-icon-gift","library":"linear-icon"},"type_image":{"url":"https:\/\/elementor.thembay.com\/puca_ohio\/wp-content\/uploads\/2018\/03\/feature-2.png","id":5140},"feature_margin_icon":{"unit":"px","top":"","right":"","bottom":"","left":"","isLinked":true},"feature_margin_icon_tablet":{"unit":"px","top":"","right":"","bottom":"","left":"","isLinked":true},"feature_margin_icon_mobile":{"unit":"px","top":"","right":"","bottom":"","left":"","isLinked":true},"_id":"daaa568"},{"feature_title":"Safe Online Payment","feature_desc":"","feature_type":"image","selected_icon":{"value":"linear-icon-gift","library":"linear-icon"},"type_image":{"url":"https:\/\/elementor.thembay.com\/puca_ohio\/wp-content\/uploads\/2018\/03\/feature-3.png","id":5141},"feature_margin_icon":{"unit":"px","top":"","right":"","bottom":"","left":"","isLinked":true},"feature_margin_icon_tablet":{"unit":"px","top":"","right":"","bottom":"","left":"","isLinked":true},"feature_margin_icon_mobile":{"unit":"px","top":"","right":"","bottom":"","left":"","isLinked":true},"_id":"52a1d3f"},{"feature_title":"Multi Currency","feature_desc":"","feature_type":"image","selected_icon":{"value":"linear-icon-gift","library":"linear-icon"},"type_image":{"url":"https:\/\/elementor.thembay.com\/puca_ohio\/wp-content\/uploads\/2018\/03\/feature-4.png","id":5142},"feature_margin_icon":{"unit":"px","top":"","right":"","bottom":"","left":"","isLinked":true},"feature_margin_icon_tablet":{"unit":"px","top":"","right":"","bottom":"","left":"","isLinked":true},"feature_margin_icon_mobile":{"unit":"px","top":"","right":"","bottom":"","left":"","isLinked":true},"_id":"d8a8f6a"}]},"elements":[],"isInner":false,"widgetType":"tbay-features","elType":"widget"}],"isInner":false,"elType":"column"}],"isInner":false,"elType":"section"},{"id":"2c1ac177","settings":{"stretch_section":"section-stretched","padding":{"unit":"px","top":"0","right":"100","bottom":"0","left":"100","isLinked":false},"background_background":"classic","background_image":{"url":"https:\/\/elementor.thembay.com\/puca_ohio\/wp-content\/uploads\/2018\/03\/categories_bg15.png","id":5153},"margin":{"unit":"px","top":"60","right":0,"bottom":"0","left":0,"isLinked":false},"background_position":"initial","background_ypos":{"unit":"px","size":100,"sizes":[]},"background_repeat":"no-repeat","margin_tablet":{"unit":"px","top":"0","right":0,"bottom":"0","left":0,"isLinked":false},"padding_tablet":{"unit":"px","top":"30","right":"0","bottom":"30","left":"0","isLinked":false},"padding_mobile":{"unit":"px","top":"25","right":"0","bottom":"25","left":"0","isLinked":false}},"elements":[{"id":"2edf52b7","settings":{"_column_size":100,"_inline_size":null,"padding":{"unit":"px","top":"0","right":"0","bottom":"0","left":"0","isLinked":false}},"elements":[{"id":"1256e06d","settings":{"heading_title":"Top Categories","heading_subtitle":"Hodilay gifts for everyone. Choose two favorites and enjoy 70% off for all products only today.","layout_type":"carousel","categoriestabs":[{"category":"accents","images":{"url":"https:\/\/elementor.thembay.com\/puca_ohio\/wp-content\/uploads\/2018\/03\/table_watch.jpg","id":5036},"check_custom_link":"no","custom_link":{"url":"","is_external":"","nofollow":""},"display_count":"yes","_id":"7a94dce"},{"category":"accessories","images":{"url":"https:\/\/elementor.thembay.com\/puca_ohio\/wp-content\/uploads\/2018\/03\/accessories.jpg","id":5030},"check_custom_link":"no","custom_link":{"url":"","is_external":"","nofollow":""},"display_count":"yes","_id":"7a96974"},{"category":"bedroom","images":{"url":"https:\/\/elementor.thembay.com\/puca_ohio\/wp-content\/uploads\/2018\/03\/bedroom.jpg","id":5031},"check_custom_link":"no","custom_link":{"url":"","is_external":"","nofollow":""},"display_count":"yes","_id":"7f0104f"},{"category":"chair","images":{"url":"https:\/\/elementor.thembay.com\/puca_ohio\/wp-content\/uploads\/2018\/03\/dining.jpg","id":5032},"check_custom_link":"no","custom_link":{"url":"","is_external":"","nofollow":""},"display_count":"yes","_id":"18c04a3"},{"category":"clocks","images":{"url":"https:\/\/elementor.thembay.com\/puca_ohio\/wp-content\/uploads\/2018\/03\/table_watch.jpg","id":5036},"check_custom_link":"no","custom_link":{"url":"","is_external":"","nofollow":""},"display_count":"yes","_id":"1d4c68f"},{"category":"dining","images":{"url":"https:\/\/elementor.thembay.com\/puca_ohio\/wp-content\/uploads\/2018\/03\/dining.jpg","id":5032},"check_custom_link":"no","custom_link":{"url":"","is_external":"","nofollow":""},"display_count":"yes","_id":"0d6c5e2"},{"category":"lighting","images":{"url":"https:\/\/elementor.thembay.com\/puca_ohio\/wp-content\/uploads\/2018\/03\/lighting.jpg","id":5033},"check_custom_link":"no","custom_link":{"url":"","is_external":"","nofollow":""},"display_count":"yes","_id":"0d8ba80"},{"category":"office","images":{"url":"https:\/\/elementor.thembay.com\/puca_ohio\/wp-content\/uploads\/2018\/03\/office.jpg","id":5035},"check_custom_link":"no","custom_link":{"url":"","is_external":"","nofollow":""},"display_count":"yes","_id":"1184e02"}],"show_more":"","text_button":"All Categories","column":"4","col_desktop":"4","col_desktopsmall":"4","col_landscape":"3","_animation":"slideInUp","pagination":"yes","_padding_tablet":{"unit":"px","top":"0","right":"15","bottom":"0","left":"15","isLinked":false},"_padding_mobile":{"unit":"px","top":"0","right":"0","bottom":"0","left":"0","isLinked":false},"_css_classes":"style-3"},"elements":[],"isInner":false,"widgetType":"tbay-custom-image-list-categories","elType":"widget"},{"id":"aea1b3d","settings":{"structure":"20","padding":{"unit":"px","top":"285","right":"0","bottom":"0","left":"0","isLinked":false},"hide_mobile":"hidden-phone"},"elements":[{"id":"5351d04f","settings":{"_column_size":50,"_inline_size":null},"elements":[{"id":"39120c17","settings":{"image":{"url":"https:\/\/elementor.thembay.com\/puca_ohio\/wp-content\/uploads\/2018\/03\/h15_about.png","id":5145},"image_size":"full","link_to":"custom","link":{"url":"#","is_external":"","nofollow":""}},"elements":[],"isInner":false,"widgetType":"image","elType":"widget"}],"isInner":true,"elType":"column"},{"id":"72b1da77","settings":{"_column_size":50,"_inline_size":null},"elements":[{"id":"77b46a76","settings":{"editor":"<p class=\"widget-title\">We are the best for a\u00a0<a class=\"color\" href=\"https:\/\/demo.thembay.com\/puca_ohio\/home-15\/#\">furniture<\/a> <br \/>shop &amp; <a class=\"color\" href=\"https:\/\/demo.thembay.com\/puca_ohio\/home-15\/#\">decor<\/a>\u00a0provider.<\/p>","align":"left","typography_typography":"custom","typography_font_size":{"unit":"px","size":34,"sizes":[]},"typography_font_weight":"800","typography_line_height":{"unit":"px","size":42,"sizes":[]},"_margin":{"unit":"px","top":"0","right":"0","bottom":"30","left":"0","isLinked":false},"_css_classes":"about-15"},"elements":[],"isInner":false,"widgetType":"text-editor","elType":"widget"},{"id":"7689a6c0","settings":{"editor":"<p>Aenean fringilla eget erat aliquet bibendum. Curabitur ullamcorper semper magna, non fac ilisis augue sodales vitae. Quisque at sodales diam, eu cursus est. Etiam hendrerit metus magna, a pulvinar nibh placerat et.<\/p>","_margin":{"unit":"px","top":"0","right":"0","bottom":"30","left":"0","isLinked":false}},"elements":[],"isInner":false,"widgetType":"text-editor","elType":"widget"},{"id":"76fe9af4","settings":{"image":{"url":"https:\/\/elementor.thembay.com\/puca_ohio\/wp-content\/uploads\/2018\/03\/signatuture.png","id":4975},"image_size":"full","align":"left"},"elements":[],"isInner":false,"widgetType":"image","elType":"widget"}],"isInner":true,"elType":"column"}],"isInner":true,"elType":"section"}],"isInner":false,"elType":"column"}],"isInner":false,"elType":"section"},{"id":"49eba91b","settings":{"padding":{"unit":"px","top":"60","right":"0","bottom":"60","left":"0","isLinked":false},"padding_mobile":{"unit":"px","top":"25","right":"0","bottom":"25","left":"0","isLinked":false}},"elements":[{"id":"1756a3a3","settings":{"_column_size":100,"_inline_size":null,"padding_mobile":{"unit":"px","top":"0","right":"0","bottom":"0","left":"0","isLinked":false}},"elements":[{"id":"71e8aea3","settings":{"heading_title":"Featured Products","heading_subtitle":"Donec iaculis ornare purus in pulvinar. Cras metus sem, egestas ac urna vitae.","categories":["living","lighting","accessories","recommended"],"product_type":"random_product","show_more":"","text_button":"show more","selected_icon":{"value":"icon- icon-grid","library":"simple-line-icons"},"column":"4","col_desktop":"4","col_desktopsmall":"3","col_landscape":"3","layout_type":"carousel","navigation":"","pagination":"yes","column_tablet":"2"},"elements":[],"isInner":false,"widgetType":"tbay-products","elType":"widget"}],"isInner":false,"elType":"column"}],"isInner":false,"elType":"section"},{"id":"39099f83","settings":{"gap":"no","padding":{"unit":"px","top":"60","right":"0","bottom":"90","left":"0","isLinked":false},"padding_tablet":{"unit":"px","top":"30","right":"0","bottom":"0","left":"0","isLinked":false},"padding_mobile":{"unit":"px","top":"25","right":"0","bottom":"0","left":"0","isLinked":false}},"elements":[{"id":"5899e3f4","settings":{"_column_size":100,"_inline_size":null},"elements":[{"id":"4276f92","settings":{"editor":"<p style=\"text-align: center;\"><i class=\"icons icon-note\"><\/i> How\u2018re we doing?\u00a0<strong><a class=\"color2\" href=\"http:\/\/elementor.thembay.com\/puca_ohio\/\">Give us a feedback.<\/a><\/strong> <br \/>It\u2019s very important to us to improve your experiences, many thanks for your contributions.<\/p>","_margin":{"unit":"px","top":"0","right":"0","bottom":"30","left":"0","isLinked":false}},"elements":[],"isInner":false,"widgetType":"text-editor","elType":"widget"}],"isInner":false,"elType":"column"}],"isInner":false,"elType":"section"}]}