{"version":"0.4","title":"Template &#8211; Home 2","type":"page","content":[{"id":"3f99db6","settings":{"stretch_section":"section-stretched","padding":{"unit":"px","top":"0","right":"50","bottom":"50","left":"50","isLinked":false},"layout":"full_width","padding_mobile":{"unit":"px","top":"25","right":"0","bottom":"25","left":"0","isLinked":false}},"elements":[{"id":"6df00059","settings":{"_column_size":100,"_inline_size":null},"elements":[{"id":"29da91a0","settings":{"revslidertitle":"Ohio Home 02","shortcode":"[rev_slider alias=\"ohio-home-02\"][\/rev_slider]"},"elements":[],"isInner":false,"widgetType":"slider_revolution","elType":"widget"}],"isInner":false,"elType":"column"}],"isInner":false,"elType":"section"},{"id":"164482e3","settings":{"gap":"no","margin":{"unit":"px","top":"30","right":0,"bottom":"60","left":0,"isLinked":false},"margin_mobile":{"unit":"px","top":"0","right":0,"bottom":"0","left":0,"isLinked":true},"padding_mobile":{"unit":"px","top":"25","right":"0","bottom":"25","left":"0","isLinked":false}},"elements":[{"id":"202a373","settings":{"_column_size":100,"_inline_size":null},"elements":[{"id":"22e167b9","settings":{"layout_type":"carousel","categories":[],"product_type":"random_product","text_button":"show more","column":"3","col_desktop":"3","col_desktopsmall":"3","heading_title":"Featured Items","heading_subtitle":"Hodilay gifts for everyone. Choose two favorites and enjoy 70% off for all products only today.","navigation":"","pagination":"yes"},"elements":[],"isInner":false,"widgetType":"tbay-products","elType":"widget"}],"isInner":false,"elType":"column"}],"isInner":false,"elType":"section"},{"id":"6c820640","settings":{"gap":"no","padding":{"unit":"px","top":"60","right":"0","bottom":"60","left":"0","isLinked":false},"padding_mobile":{"unit":"px","top":"25","right":"0","bottom":"25","left":"0","isLinked":false}},"elements":[{"id":"205e9c99","settings":{"_column_size":100,"_inline_size":null},"elements":[{"id":"6b565406","settings":{"heading_title":"Top Categories","heading_subtitle":"Aenean fringilla eget erat aliquet bibendum. Curabitur ullamcorper semper maga lorem"},"elements":[],"isInner":false,"widgetType":"tbay-heading","elType":"widget"},{"id":"15e2fa23","settings":{"text_button":"VIEW ALL","_margin":{"unit":"px","top":"0","right":"0","bottom":"30","left":"0","isLinked":false},"btn_align":"center","link_button":{"url":"#","is_external":"","nofollow":"","custom_attributes":""}},"elements":[],"isInner":false,"widgetType":"tbay-button","elType":"widget"},{"id":"3916975b","settings":{"categoriestabs":[{"category":"living","label":"new is coming","images":{"url":"https:\/\/elementor.thembay.com\/puca_ohio\/wp-content\/uploads\/2018\/03\/cate-13.jpg","id":4877},"_id":"5e1084f"},{"category":"bedroom","label":"on sale","images":{"url":"https:\/\/elementor.thembay.com\/puca_ohio\/wp-content\/uploads\/2018\/03\/cate-11.jpg","id":4875},"_id":"e7afbab"},{"category":"dining","label":"hot","images":{"url":"https:\/\/elementor.thembay.com\/puca_ohio\/wp-content\/uploads\/2018\/03\/cate-12.jpg","id":4876},"_id":"15cbb75"},{"category":"office","label":"hot","images":{"url":"https:\/\/elementor.thembay.com\/puca_ohio\/wp-content\/uploads\/2018\/03\/cate-14.jpg","id":4878},"_id":"b79b488"},{"category":"lighting","label":"on sale","images":{"url":"https:\/\/elementor.thembay.com\/puca_ohio\/wp-content\/uploads\/2018\/03\/cate-13.jpg","id":4877},"_id":"42b0dbc"},{"category":"accents","label":"hot","images":{"url":"https:\/\/elementor.thembay.com\/puca_ohio\/wp-content\/uploads\/2018\/03\/cate-12.jpg","id":4876},"_id":"e1a8c82"}],"view_all_text":"view all categories","column":"3","col_desktop":"3","navigation":"","pagination":"yes","show_view_all":"","column_tablet":"2"},"elements":[],"isInner":false,"widgetType":"tbay-furniture-custom-image-list-categories","elType":"widget"}],"isInner":false,"elType":"column"}],"isInner":false,"elType":"section"},{"id":"610d57bc","settings":{"stretch_section":"section-stretched","layout":"full_width","gap":"no","margin":{"unit":"px","top":"60","right":0,"bottom":"40","left":0,"isLinked":false},"padding":{"unit":"px","top":"0","right":"50","bottom":"0","left":"50","isLinked":false},"margin_mobile":{"unit":"px","top":"0","right":0,"bottom":"0","left":0,"isLinked":true},"padding_tablet":{"unit":"px","top":"0","right":"15","bottom":"0","left":"15","isLinked":false},"padding_mobile":{"unit":"px","top":"25","right":"0","bottom":"25","left":"0","isLinked":false}},"elements":[{"id":"3448749e","settings":{"_column_size":100,"_inline_size":null},"elements":[{"id":"7417a7a4","settings":{"image":{"url":"https:\/\/elementor.thembay.com\/puca_ohio\/wp-content\/uploads\/2018\/03\/icon-video.png","id":4891},"image_size":"full","hide_mobile":"hidden-phone"},"elements":[],"isInner":false,"widgetType":"image","elType":"widget"},{"id":"6763243a","settings":{"heading_title":"Video show","video_image":{"url":"https:\/\/elementor.thembay.com\/puca_ohio\/wp-content\/uploads\/2018\/04\/bg_video.jpg","id":5324},"video_url":"https:\/\/youtu.be\/Im2q_ri-7AM","video_btn_text":"Play video","_padding_mobile":{"unit":"px","top":"0","right":"10","bottom":"0","left":"10","isLinked":false}},"elements":[],"isInner":false,"widgetType":"tbay-video","elType":"widget"}],"isInner":false,"elType":"column"}],"isInner":false,"elType":"section"},{"id":"2409002c","settings":{"gap":"no","padding":{"unit":"px","top":"40","right":"0","bottom":"0","left":"0","isLinked":false},"padding_mobile":{"unit":"px","top":"25","right":"0","bottom":"25","left":"0","isLinked":false}},"elements":[{"id":"7f78f6e9","settings":{"_column_size":100,"_inline_size":null},"elements":[{"id":"885d72c","settings":{"heading_title":"Subscribe Newsletter","heading_subtitle":"Be the first to hear about our latest products & offers. As a welcome gift, we'll email you a 20% OFF discount code."},"elements":[],"isInner":false,"widgetType":"tbay-newsletter","elType":"widget"}],"isInner":false,"elType":"column"}],"isInner":false,"elType":"section"}]}