{"version":"0.4","title":"Template &#8211; Home 18","type":"page","content":[{"id":"586c21bf","settings":{"padding":{"unit":"px","top":"0","right":"0","bottom":"60","left":"0","isLinked":false},"stretch_section":"section-stretched","layout":"full_width","css_classes":"tb-full","padding_mobile":{"unit":"px","top":"25","right":"0","bottom":"25","left":"0","isLinked":false}},"elements":[{"id":"2e2dd93c","settings":{"_column_size":100,"_inline_size":100,"padding_mobile":{"unit":"px","top":"0","right":"0","bottom":"0","left":"0","isLinked":false}},"elements":[{"id":"4eec6765","settings":{"revslidertitle":"Ohio Home 18","shortcode":"[rev_slider alias=\"ohio-home-18\"][\/rev_slider]"},"elements":[],"isInner":false,"widgetType":"slider_revolution","elType":"widget"}],"isInner":false,"elType":"column"}],"isInner":false,"elType":"section"},{"id":"5061a42c","settings":{"gap":"no","padding":{"unit":"px","top":"60","right":"0","bottom":"60","left":"0","isLinked":false},"padding_mobile":{"unit":"px","top":"25","right":"0","bottom":"25","left":"0","isLinked":false}},"elements":[{"id":"7a1c808a","settings":{"_column_size":100,"_inline_size":null},"elements":[{"id":"36998820","settings":{"features":[{"feature_title":"Better Saving Money","feature_desc":"","feature_type":"image","selected_icon":{"value":"linear-icon-gift","library":"linear-icon"},"type_image":{"url":"https:\/\/elementor.thembay.com\/puca_ohio\/wp-content\/uploads\/2018\/03\/feature-1.png","id":5139},"feature_margin_icon":{"unit":"px","top":"","right":"","bottom":"","left":"","isLinked":true},"feature_margin_icon_tablet":{"unit":"px","top":"","right":"","bottom":"","left":"","isLinked":true},"feature_margin_icon_mobile":{"unit":"px","top":"","right":"","bottom":"","left":"","isLinked":true},"_id":"74bf866"},{"feature_title":"7 Days Products Return","feature_desc":"","feature_type":"image","selected_icon":{"value":"linear-icon-gift","library":"linear-icon"},"type_image":{"url":"https:\/\/elementor.thembay.com\/puca_ohio\/wp-content\/uploads\/2018\/03\/feature-2.png","id":5140},"feature_margin_icon":{"unit":"px","top":"","right":"","bottom":"","left":"","isLinked":true},"feature_margin_icon_tablet":{"unit":"px","top":"","right":"","bottom":"","left":"","isLinked":true},"feature_margin_icon_mobile":{"unit":"px","top":"","right":"","bottom":"","left":"","isLinked":true},"_id":"daaa568"},{"feature_title":"Safe Online Payment","feature_desc":"","feature_type":"image","selected_icon":{"value":"linear-icon-gift","library":"linear-icon"},"type_image":{"url":"https:\/\/elementor.thembay.com\/puca_ohio\/wp-content\/uploads\/2018\/03\/feature-3.png","id":5141},"feature_margin_icon":{"unit":"px","top":"","right":"","bottom":"","left":"","isLinked":true},"feature_margin_icon_tablet":{"unit":"px","top":"","right":"","bottom":"","left":"","isLinked":true},"feature_margin_icon_mobile":{"unit":"px","top":"","right":"","bottom":"","left":"","isLinked":true},"_id":"52a1d3f"},{"feature_title":"Multi Currency","feature_desc":"","feature_type":"image","selected_icon":{"value":"linear-icon-gift","library":"linear-icon"},"type_image":{"url":"https:\/\/elementor.thembay.com\/puca_ohio\/wp-content\/uploads\/2018\/03\/feature-4.png","id":5142},"feature_margin_icon":{"unit":"px","top":"","right":"","bottom":"","left":"","isLinked":true},"feature_margin_icon_tablet":{"unit":"px","top":"","right":"","bottom":"","left":"","isLinked":true},"feature_margin_icon_mobile":{"unit":"px","top":"","right":"","bottom":"","left":"","isLinked":true},"_id":"d8a8f6a"}]},"elements":[],"isInner":false,"widgetType":"tbay-features","elType":"widget"}],"isInner":false,"elType":"column"}],"isInner":false,"elType":"section"},{"id":"47ba15e4","settings":{"background_background":"classic","background_image":{"url":"https:\/\/elementor.thembay.com\/puca_ohio\/wp-content\/uploads\/2018\/04\/h17_bg.jpg","id":5171},"background_position":"center center","background_xpos":{"unit":"px","size":100,"sizes":[]},"background_repeat":"no-repeat","background_size":"contain","margin":{"unit":"px","top":"60","right":0,"bottom":"60","left":0,"isLinked":true},"padding_mobile":{"unit":"px","top":"25","right":"0","bottom":"25","left":"0","isLinked":false},"stretch_section":"section-stretched","css_classes":"tb-full"},"elements":[{"id":"6e61e649","settings":{"_column_size":100,"_inline_size":100,"padding_mobile":{"unit":"px","top":"0","right":"0","bottom":"0","left":"0","isLinked":false}},"elements":[{"id":"12a3a7c0","settings":{"heading_title":"Top Categories","heading_subtitle":"Hodilay gifts for everyone. Choose two favorites and enjoy 70% off for all products only today.","layout_type":"carousel-v3","categoriestabs3":[{"category":"living","nav_menu":"custom-menu-category-01","images":{"url":"https:\/\/elementor.thembay.com\/puca_ohio\/wp-content\/uploads\/2018\/03\/cate-25.jpg","id":4923},"_id":"bcb50ff"},{"category":"bedroom","nav_menu":"custom-menu-category-02","images":{"url":"https:\/\/elementor.thembay.com\/puca_ohio\/wp-content\/uploads\/2018\/03\/cate-22.jpg","id":4920},"_id":"b27e5d9"},{"category":"dining","nav_menu":"custom-menu-category-03","images":{"url":"https:\/\/elementor.thembay.com\/puca_ohio\/wp-content\/uploads\/2018\/03\/cate-23.jpg","id":4921},"_id":"4114a09"},{"category":"office","nav_menu":"custom-menu-category-02","images":{"url":"https:\/\/elementor.thembay.com\/puca_ohio\/wp-content\/uploads\/2018\/03\/cate-26.jpg","id":4924},"_id":"f9acfc1"},{"category":"lighting","nav_menu":"custom-menu-category-03","images":{"url":"https:\/\/elementor.thembay.com\/puca_ohio\/wp-content\/uploads\/2018\/03\/cate-24.jpg","id":4922},"_id":"195bf8c"},{"category":"accents","nav_menu":"custom-menu-category-01","images":{"url":"https:\/\/elementor.thembay.com\/puca_ohio\/wp-content\/uploads\/2018\/03\/cate-21.jpg","id":4919},"_id":"d91bf48"}],"view_all_text":"all categories","column":"3","col_desktop":"3","col_desktopsmall":"3","display_count":"","column_tablet":"2","column_mobile":"1","col_landscape":"1"},"elements":[],"isInner":false,"widgetType":"tbay-furniture-custom-image-list-categories","elType":"widget"},{"id":"56f42a9e","settings":{"heading_title":"New Arrivals","heading_subtitle":"Hodilay gifts for everyone. Choose two favorites and enjoy 70% off for all products only today.","layout_type":"carousel","categories":[],"product_type":"random_product","text_button":"show more","column":"3","col_desktop":"3","col_desktopsmall":"3","pagination":"yes","limit":9,"navigation":"","_padding":{"unit":"px","top":"60","right":"0","bottom":"0","left":"0","isLinked":false},"column_tablet":"2","_padding_mobile":{"unit":"px","top":"25","right":"0","bottom":"25","left":"0","isLinked":false}},"elements":[],"isInner":false,"widgetType":"tbay-products","elType":"widget"}],"isInner":false,"elType":"column"}],"isInner":false,"elType":"section"},{"id":"1e586a7","settings":{"padding":{"unit":"px","top":"30","right":"0","bottom":"30","left":"0","isLinked":false},"gap":"no"},"elements":[{"id":"145eeeb2","settings":{"_column_size":100,"_inline_size":null},"elements":[{"id":"b90ff9d","settings":{"number":5,"column":"5","col_desktop":"5","col_desktopsmall":"4","col_landscape":"3","layout_type":"carousel","navigation":"","disable_mobile":""},"elements":[],"isInner":false,"widgetType":"tbay-brands","elType":"widget"}],"isInner":false,"elType":"column"}],"isInner":false,"elType":"section"},{"id":"608b9796","settings":{"gap":"no","margin":{"unit":"px","top":"60","right":0,"bottom":"90","left":0,"isLinked":false},"margin_mobile":{"unit":"px","top":"0","right":0,"bottom":"0","left":0,"isLinked":false},"padding_mobile":{"unit":"px","top":"25","right":"0","bottom":"0","left":"0","isLinked":false}},"elements":[{"id":"464be498","settings":{"_column_size":100,"_inline_size":null},"elements":[{"id":"8e5df34","settings":{"editor":"<p style=\"text-align: center;\"><i class=\"icons icon-note\"><\/i> How\u2018re we doing?\u00a0<strong><a class=\"color2\" href=\"https:\/\/elementor.thembay.com\/puca_ohio\/\">Give us a feedback.<\/a><\/strong><br \/>It\u2019s very important to us to improve your experiences, many thanks for your contributions.<\/p>","_margin":{"unit":"px","top":"0","right":"0","bottom":"30","left":"0","isLinked":false}},"elements":[],"isInner":false,"widgetType":"text-editor","elType":"widget"}],"isInner":false,"elType":"column"}],"isInner":false,"elType":"section"}]}