{"version":"0.4","title":"Template &#8211; Home 8","type":"page","content":[{"id":"10da8b0d","settings":{"stretch_section":"section-stretched","layout":"full_width","gap":"no","padding":{"unit":"px","top":"0","right":"0","bottom":"160","left":"0","isLinked":false},"padding_tablet":{"unit":"px","top":"0","right":"0","bottom":"25","left":"0","isLinked":false},"padding_mobile":{"unit":"px","top":"25","right":"0","bottom":"25","left":"0","isLinked":false}},"elements":[{"id":"4c3f49c0","settings":{"_column_size":100,"_inline_size":null},"elements":[{"id":"23ab425","settings":{"revslidertitle":"Ohio Home 08","shortcode":"[rev_slider alias=\"ohio-home-08\"][\/rev_slider]"},"elements":[],"isInner":false,"widgetType":"slider_revolution","elType":"widget"}],"isInner":false,"elType":"column"}],"isInner":false,"elType":"section"},{"id":"228996f5","settings":{"stretch_section":"section-stretched","layout":"full_width","structure":"30","margin":{"unit":"px","top":"60","right":0,"bottom":"30","left":0,"isLinked":false},"padding":{"unit":"px","top":"0","right":"35","bottom":"0","left":"35","isLinked":false},"padding_tablet":{"unit":"px","top":"30","right":"0","bottom":"30","left":"0","isLinked":false},"padding_mobile":{"unit":"px","top":"25","right":"0","bottom":"25","left":"0","isLinked":false}},"elements":[{"id":"5b464410","settings":{"_column_size":33,"_inline_size":null,"padding_mobile":{"unit":"px","top":"0","right":"0","bottom":"0","left":"0","isLinked":false}},"elements":[{"id":"72c36fc3","settings":{"image":{"url":"https:\/\/elementor.thembay.com\/puca_ohio\/wp-content\/uploads\/2018\/03\/h8_banner_01.jpg","id":5054},"align":"left","link_to":"custom","link":{"url":"#","is_external":"","nofollow":""},"align_mobile":"center"},"elements":[],"isInner":false,"widgetType":"image","elType":"widget"}],"isInner":false,"elType":"column"},{"id":"4d7cb44d","settings":{"_column_size":33,"_inline_size":null,"padding_mobile":{"unit":"px","top":"0","right":"0","bottom":"0","left":"0","isLinked":false}},"elements":[{"id":"dab5a3c","settings":{"image":{"url":"https:\/\/elementor.thembay.com\/puca_ohio\/wp-content\/uploads\/2018\/03\/h8_banner_02.jpg","id":5055},"align":"center","link_to":"custom","link":{"url":"#","is_external":"","nofollow":""},"align_mobile":"center"},"elements":[],"isInner":false,"widgetType":"image","elType":"widget"}],"isInner":false,"elType":"column"},{"id":"382dcc35","settings":{"_column_size":33,"_inline_size":null,"padding_mobile":{"unit":"px","top":"0","right":"0","bottom":"0","left":"0","isLinked":false}},"elements":[{"id":"26505d5e","settings":{"image":{"url":"https:\/\/elementor.thembay.com\/puca_ohio\/wp-content\/uploads\/2018\/03\/h8_banner_03.jpg","id":5056},"align":"right","link_to":"custom","link":{"url":"#","is_external":"","nofollow":""},"align_mobile":"center"},"elements":[],"isInner":false,"widgetType":"image","elType":"widget"}],"isInner":false,"elType":"column"}],"isInner":false,"elType":"section"},{"id":"44ca9d52","settings":{"padding":{"unit":"px","top":"60","right":"0","bottom":"60","left":"0","isLinked":false},"margin_tablet":{"unit":"px","top":"0","right":0,"bottom":"0","left":0,"isLinked":false},"padding_tablet":{"unit":"px","top":"30","right":"0","bottom":"30","left":"0","isLinked":false},"padding_mobile":{"unit":"px","top":"25","right":"0","bottom":"25","left":"0","isLinked":false}},"elements":[{"id":"2569fab","settings":{"_column_size":100,"_inline_size":null,"padding_mobile":{"unit":"px","top":"0","right":"0","bottom":"0","left":"0","isLinked":false}},"elements":[{"id":"6354e8d8","settings":{"heading_title":"Our Products","heading_subtitle":"Donec iaculis ornare purus in pulvinar. Cras metus sem, egestas ac urna vitae.","categories":["living","lighting","accessories","recommended"],"list_product_tabs":[{"product_tabs_title":"Top Rated Product","product_tabs":"top_rated","_id":"1ef7cfc"},{"product_tabs_title":"Bestseller Products","product_tabs":"on_sale","_id":"9dcdd43"},{"product_tabs_title":"","product_tabs":"featured","_id":"6501323"}],"column":"3","col_desktop":"3","col_desktopsmall":"3","pagination":"yes","text_button":"show more","column_tablet":"2","column_mobile":"2","col_landscape":"3","show_more":""},"elements":[],"isInner":false,"widgetType":"tbay-product-tabs","elType":"widget"}],"isInner":false,"elType":"column"}],"isInner":false,"elType":"section"},{"id":"5d9c7f5f","settings":{"margin":{"unit":"px","top":"60","right":0,"bottom":"60","left":0,"isLinked":true},"margin_tablet":{"unit":"px","top":"0","right":0,"bottom":"0","left":0,"isLinked":false},"padding_tablet":{"unit":"px","top":"30","right":"0","bottom":"30","left":"0","isLinked":false},"padding_mobile":{"unit":"px","top":"25","right":"0","bottom":"25","left":"0","isLinked":false}},"elements":[{"id":"6760ce15","settings":{"_column_size":100,"_inline_size":null,"padding_mobile":{"unit":"px","top":"0","right":"0","bottom":"0","left":"0","isLinked":false}},"elements":[{"id":"2711ebb0","settings":{"heading_title":"Recent News","heading_subtitle":"In dapibus vel ante in auctor. Suspendisse nec nisi vel lorem vulputate elementum.","layout_type":"carousel-v2","thumbnail_size":"thumbnail","column":"3","col_desktop":"3","col_desktopsmall":"2","pagination":"yes","categories":["fashion","gaming","news"],"column_tablet":"2","col_landscape":"1","_css_classes":"widget-blog","column_mobile":"1"},"elements":[],"isInner":false,"widgetType":"tbay-posts-grid","elType":"widget"}],"isInner":false,"elType":"column"}],"isInner":false,"elType":"section"},{"id":"518de689","settings":{"gap":"no","margin":{"unit":"px","top":"","right":0,"bottom":"","left":0,"isLinked":true},"padding":{"unit":"px","top":"30","right":"0","bottom":"30","left":"0","isLinked":false},"padding_tablet":{"unit":"px","top":"30","right":"0","bottom":"30","left":"0","isLinked":false}},"elements":[{"id":"5102830b","settings":{"_column_size":100,"_inline_size":null},"elements":[{"id":"1927cb69","settings":{"layout_type":"carousel","column":"6","col_desktop":"6","col_desktopsmall":"4","col_landscape":"3","disable_mobile":""},"elements":[],"isInner":false,"widgetType":"tbay-brands","elType":"widget"}],"isInner":false,"elType":"column"}],"isInner":false,"elType":"section"},{"id":"29588800","settings":{"gap":"no","margin":{"unit":"px","top":"60","right":0,"bottom":"0","left":0,"isLinked":false},"margin_tablet":{"unit":"px","top":"0","right":0,"bottom":"0","left":0,"isLinked":false},"padding_tablet":{"unit":"px","top":"30","right":"0","bottom":"0","left":"0","isLinked":false}},"elements":[{"id":"59f09ee2","settings":{"_column_size":100,"_inline_size":null},"elements":[{"id":"304c3ff2","settings":{"heading_title":"Our Newsletter","heading_subtitle":"Be the first to hear about our latest products & offers. As a welcome gift, we'll email you a 20% OFF discount code."},"elements":[],"isInner":false,"widgetType":"tbay-newsletter","elType":"widget"}],"isInner":false,"elType":"column"}],"isInner":false,"elType":"section"}]}