{"version":"0.4","title":"Template &#8211; Home 20","type":"page","content":[{"id":"1e7eb59","settings":{"structure":"21","stretch_section":"section-stretched","margin":{"unit":"px","top":"","right":0,"bottom":"","left":0,"isLinked":true},"padding":{"unit":"px","top":"25","right":"0","bottom":"0","left":"0","isLinked":false},"margin_tablet":{"unit":"px","top":"0","right":0,"bottom":"30","left":0,"isLinked":false},"padding_mobile":{"unit":"px","top":"25","right":"0","bottom":"25","left":"0","isLinked":false}},"elements":[{"id":"773c17d4","settings":{"_column_size":33,"_inline_size":25,"margin":{"unit":"px","top":"0","right":"0","bottom":"30","left":"0","isLinked":false},"_inline_size_tablet":33.299999999999997,"hide_mobile":"hidden-phone"},"elements":[{"id":"2b1e6a18","settings":{"heading_title":"All department","_css_classes":"widget_nav_menu","heading_title_tag":"h2"},"elements":[],"isInner":false,"widgetType":"tbay-nav-menu","elType":"widget"}],"isInner":false,"elType":"column"},{"id":"57e70aeb","settings":{"_column_size":66,"_inline_size":74.665000000000006,"_inline_size_tablet":66.670000000000002,"padding_mobile":{"unit":"px","top":"0","right":"0","bottom":"0","left":"0","isLinked":false}},"elements":[{"id":"7bcbb26f","settings":{"revslidertitle":"Ohio Home 20","shortcode":"[rev_slider alias=\"ohio-home-20\"][\/rev_slider]"},"elements":[],"isInner":false,"widgetType":"slider_revolution","elType":"widget"}],"isInner":false,"elType":"column"}],"isInner":false,"elType":"section"},{"id":"3970cb74","settings":{"structure":"30","stretch_section":"section-stretched","margin":{"unit":"px","top":"","right":0,"bottom":"","left":0,"isLinked":true},"padding_mobile":{"unit":"px","top":"25","right":"0","bottom":"25","left":"0","isLinked":false}},"elements":[{"id":"63783eb4","settings":{"_column_size":33,"_inline_size":25,"_inline_size_tablet":33.329999999999998,"margin_mobile":{"unit":"px","top":"0","right":"0","bottom":"0","left":"0","isLinked":false},"padding_mobile":{"unit":"px","top":"0","right":"0","bottom":"0","left":"0","isLinked":false}},"elements":[{"id":"70786a5","settings":{"heading_title":"TODAY DEALS","layout_type":"inner-countdown-v2","products":["2355","2362"],"column":"1","col_desktop":"1","col_desktopsmall":"1","col_landscape":"1","navigation":"","_css_classes":"style-2","column_tablet":"1","_padding":{"unit":"px","top":"45","right":"0","bottom":"0","left":"0","isLinked":false},"_padding_mobile":{"unit":"px","top":"0","right":"0","bottom":"0","left":"0","isLinked":false}},"elements":[],"isInner":false,"widgetType":"tbay-product-count-down","elType":"widget"}],"isInner":false,"elType":"column"},{"id":"61b10f44","settings":{"_column_size":33,"_inline_size":49.332000000000001,"padding":{"unit":"px","top":"0","right":"0","bottom":"0","left":"0","isLinked":true},"_inline_size_tablet":66.670000000000002},"elements":[{"id":"166951e6","settings":{"structure":"20","margin":{"unit":"px","top":"0","right":0,"bottom":"0","left":0,"isLinked":false},"padding_mobile":{"unit":"px","top":"25","right":"0","bottom":"25","left":"0","isLinked":false},"hide_mobile":"hidden-phone"},"elements":[{"id":"3878dc11","settings":{"_column_size":50,"_inline_size":null,"padding_mobile":{"unit":"px","top":"0","right":"0","bottom":"0","left":"0","isLinked":false}},"elements":[{"id":"5cb5c780","settings":{"image":{"url":"https:\/\/elementor.thembay.com\/puca_ohio\/wp-content\/uploads\/2018\/04\/h20_banner_01.jpg","id":5231},"image_size":"full","link_to":"custom","link":{"url":"#","is_external":"","nofollow":""}},"elements":[],"isInner":false,"widgetType":"image","elType":"widget"}],"isInner":true,"elType":"column"},{"id":"29711bc9","settings":{"_column_size":50,"_inline_size":null,"padding_mobile":{"unit":"px","top":"0","right":"0","bottom":"0","left":"0","isLinked":false}},"elements":[{"id":"40f23552","settings":{"image":{"url":"https:\/\/elementor.thembay.com\/puca_ohio\/wp-content\/uploads\/2018\/04\/h20_banner_02.jpg","id":5232},"image_size":"full","link_to":"custom","link":{"url":"#","is_external":"","nofollow":""}},"elements":[],"isInner":false,"widgetType":"image","elType":"widget"}],"isInner":true,"elType":"column"}],"isInner":true,"elType":"section"},{"id":"9a4e06","settings":{"image":{"url":"https:\/\/elementor.thembay.com\/puca_ohio\/wp-content\/uploads\/2018\/04\/h20_banner_03.jpg","id":5198},"image_size":"full","link_to":"custom","link":{"url":"#","is_external":"","nofollow":""},"_padding":{"unit":"px","top":"30","right":"15","bottom":"0","left":"15","isLinked":false},"_padding_tablet":{"unit":"px","top":"30","right":"0","bottom":"0","left":"0","isLinked":false},"hide_mobile":"hidden-phone"},"elements":[],"isInner":false,"widgetType":"image","elType":"widget"}],"isInner":false,"elType":"column"},{"id":"27f31871","settings":{"_column_size":33,"_inline_size":25,"hide_tablet":"hidden-tablet","hide_mobile":"hidden-phone"},"elements":[{"id":"4f43f7b2","settings":{"image":{"url":"https:\/\/elementor.thembay.com\/puca_ohio\/wp-content\/uploads\/2018\/04\/h20_banner_04.jpg","id":5199},"image_size":"full","link_to":"custom","link":{"url":"#","is_external":"","nofollow":"","custom_attributes":""}},"elements":[],"isInner":false,"widgetType":"image","elType":"widget"}],"isInner":false,"elType":"column"}],"isInner":false,"elType":"section"},{"id":"26d760ac","settings":{"structure":"21","stretch_section":"section-stretched","margin":{"unit":"px","top":"","right":0,"bottom":"","left":0,"isLinked":true},"padding":{"unit":"px","top":"0","right":"0","bottom":"60","left":"0","isLinked":false},"padding_mobile":{"unit":"px","top":"25","right":"0","bottom":"25","left":"0","isLinked":false}},"elements":[{"id":"5dff44d4","settings":{"_column_size":33,"_inline_size":25,"margin":{"unit":"px","top":"0","right":"0","bottom":"30","left":"0","isLinked":false},"_inline_size_tablet":33.329999999999998,"padding_mobile":{"unit":"px","top":"0","right":"0","bottom":"0","left":"0","isLinked":false}},"elements":[{"id":"2038c1b9","settings":{"image":{"url":"https:\/\/elementor.thembay.com\/puca_ohio\/wp-content\/uploads\/2018\/04\/h20_banner_05.jpg","id":5200},"image_size":"full","link_to":"custom","link":{"url":"#","is_external":"","nofollow":""},"_margin":{"unit":"px","top":"40","right":"0","bottom":"30","left":"0","isLinked":false},"hide_mobile":"hidden-phone"},"elements":[],"isInner":false,"widgetType":"image","elType":"widget"},{"id":"3035efe6","settings":{"heading_title":"HOT TAGS","_padding":{"unit":"px","top":"40","right":"0","bottom":"0","left":"0","isLinked":false},"_css_classes":"style-2","_margin_mobile":{"unit":"px","top":"0","right":"0","bottom":"0","left":"0","isLinked":false},"_padding_mobile":{"unit":"px","top":"0","right":"0","bottom":"0","left":"0","isLinked":false}},"elements":[],"isInner":false,"widgetType":"tbay-woocommerce-tags","elType":"widget"},{"id":"448c2196","settings":{"heading_title":"THE BLOG","column":"1","col_desktop":"1","col_desktopsmall":"1","col_landscape":"1","navigation":"","_padding":{"unit":"px","top":"35","right":"0","bottom":"0","left":"0","isLinked":false},"_css_classes":"style-2 widget-blog","limit":2,"column_tablet":"1","column_mobile":"1","_padding_mobile":{"unit":"px","top":"25","right":"0","bottom":"0","left":"0","isLinked":false}},"elements":[],"isInner":false,"widgetType":"tbay-posts-grid","elType":"widget"}],"isInner":false,"elType":"column"},{"id":"e7810d3","settings":{"_column_size":66,"_inline_size":74.665000000000006,"_inline_size_tablet":66.670000000000002,"margin":{"unit":"px","top":"-150","right":"0","bottom":"0","left":"0","isLinked":false},"margin_mobile":{"unit":"px","top":"0","right":"0","bottom":"0","left":"0","isLinked":false},"padding_mobile":{"unit":"px","top":"0","right":"0","bottom":"25","left":"0","isLinked":false}},"elements":[{"id":"4a4c1823","settings":{"heading_title":"NEW ARRIVALS","layout_type":"carousel","text_button":"show more","_css_classes":"style-2 nav-top","limit":18,"column":"3","col_desktop":"3","col_desktopsmall":"2","col_landscape":"3","rows":"2","pagination":"yes","column_tablet":"2","_margin":{"unit":"px","top":"35","right":"0","bottom":"50","left":"0","isLinked":false},"_margin_mobile":{"unit":"px","top":"0","right":"0","bottom":"0","left":"0","isLinked":false}},"elements":[],"isInner":false,"widgetType":"tbay-products","elType":"widget"},{"id":"72340355","settings":{"image":{"url":"https:\/\/elementor.thembay.com\/puca_ohio\/wp-content\/uploads\/2018\/04\/h20_banner_06.jpg","id":5201},"image_size":"full","link_to":"custom","link":{"url":"#","is_external":"","nofollow":""},"_padding":{"unit":"px","top":"50","right":"0","bottom":"35","left":"0","isLinked":false},"_padding_mobile":{"unit":"px","top":"25","right":"0","bottom":"25","left":"0","isLinked":false},"hide_mobile":"hidden-phone"},"elements":[],"isInner":false,"widgetType":"image","elType":"widget"},{"id":"73363d5b","settings":{"heading_title":"TOP CATEGORIES","layout_type":"carousel-v3","categoriestabs3":[{"category":"living","nav_menu":"custom-menu-category-01","images":{"url":"https:\/\/elementor.thembay.com\/puca_ohio\/wp-content\/uploads\/2018\/03\/cate-35.jpg","id":5014},"_id":"bcb50ff"},{"category":"bedroom","nav_menu":"custom-menu-category-02","images":{"url":"https:\/\/elementor.thembay.com\/puca_ohio\/wp-content\/uploads\/2018\/03\/cate-32.jpg","id":5011},"_id":"b27e5d9"},{"category":"dining","nav_menu":"custom-menu-category-03","images":{"url":"https:\/\/elementor.thembay.com\/puca_ohio\/wp-content\/uploads\/2018\/03\/cate-33.jpg","id":5012},"_id":"4114a09"},{"category":"office","nav_menu":"custom-menu-category-02","images":{"url":"https:\/\/elementor.thembay.com\/puca_ohio\/wp-content\/uploads\/2018\/03\/cate-36.jpg","id":5015},"_id":"f9acfc1"},{"category":"lighting","nav_menu":"custom-menu-category-03","images":{"url":"https:\/\/elementor.thembay.com\/puca_ohio\/wp-content\/uploads\/2018\/03\/cate-34.jpg","id":5013},"_id":"195bf8c"},{"category":"accents","nav_menu":"custom-menu-category-01","images":{"url":"https:\/\/elementor.thembay.com\/puca_ohio\/wp-content\/uploads\/2018\/03\/cate-31.jpg","id":5010},"_id":"d91bf48"}],"view_all_text":"all categories","column":"3","col_desktop":"3","col_desktopsmall":"2","display_count":"","_margin":{"unit":"px","top":"30","right":"0","bottom":"0","left":"0","isLinked":false},"_css_classes":"style-2 nav-top","show_view_all":"","column_tablet":"2","column_mobile":"1","pagination":"yes","_margin_mobile":{"unit":"px","top":"0","right":"0","bottom":"0","left":"0","isLinked":false},"_padding_mobile":{"unit":"px","top":"25","right":"0","bottom":"0","left":"0","isLinked":false}},"elements":[],"isInner":false,"widgetType":"tbay-furniture-custom-image-list-categories","elType":"widget"}],"isInner":false,"elType":"column"}],"isInner":false,"elType":"section"},{"id":"530738cb","settings":{"gap":"no","margin":{"unit":"px","top":"60","right":0,"bottom":"30","left":0,"isLinked":false},"margin_mobile":{"unit":"px","top":"0","right":0,"bottom":"0","left":0,"isLinked":false},"padding_mobile":{"unit":"px","top":"0","right":"0","bottom":"25","left":"0","isLinked":false},"hide_mobile":"hidden-phone"},"elements":[{"id":"5cfcef8a","settings":{"_column_size":100,"_inline_size":null},"elements":[{"id":"7d2246b9","settings":{"editor":"<p style=\"text-align: center;\"><i class=\"icons icon-note\"><\/i>How\u2018re we doing?\u00a0<strong><a class=\"color2\" href=\"https:\/\/elementor.thembay.com\/puca_ohio\">Give us a feedback.<\/a><\/strong><br \/>It\u2019s very important to us to improve your experiences, many thanks for your contributions.<\/p>","_margin":{"unit":"px","top":"0","right":"0","bottom":"30","left":"0","isLinked":false},"_css_classes":"feedback"},"elements":[],"isInner":false,"widgetType":"text-editor","elType":"widget"}],"isInner":false,"elType":"column"}],"isInner":false,"elType":"section"},{"id":"449ba05b","settings":{"margin":{"unit":"px","top":"","right":0,"bottom":"","left":0,"isLinked":true},"padding":{"unit":"px","top":"30","right":"0","bottom":"30","left":"0","isLinked":false},"stretch_section":"section-stretched","margin_mobile":{"unit":"px","top":"0","right":0,"bottom":"0","left":0,"isLinked":false},"padding_mobile":{"unit":"px","top":"25","right":"0","bottom":"25","left":"0","isLinked":false}},"elements":[{"id":"8403390","settings":{"_column_size":100,"_inline_size":null,"padding_mobile":{"unit":"px","top":"0","right":"0","bottom":"0","left":"0","isLinked":false}},"elements":[{"id":"30768b","settings":{"layout_type":"carousel","column":"6","col_desktop":"6","col_desktopsmall":"4","col_landscape":"2","column_mobile":"3","disable_mobile":""},"elements":[],"isInner":false,"widgetType":"tbay-brands","elType":"widget"}],"isInner":false,"elType":"column"}],"isInner":false,"elType":"section"},{"id":"4ca0be10","settings":{"gap":"no","margin":{"unit":"px","top":"60","right":0,"bottom":"0","left":0,"isLinked":false},"margin_mobile":{"unit":"px","top":"0","right":0,"bottom":"0","left":0,"isLinked":false},"padding_mobile":{"unit":"px","top":"25","right":"0","bottom":"0","left":"0","isLinked":false}},"elements":[{"id":"1557e82b","settings":{"_column_size":100,"_inline_size":null},"elements":[{"id":"2166492d","settings":{"heading_title":"Our Newsletter","heading_subtitle":"Be the first to hear about our latest products & offers. As a welcome gift, we'll email you a 20% OFF discount code.","_margin":{"unit":"px","top":"0","right":"0","bottom":"40","left":"0","isLinked":false},"_margin_mobile":{"unit":"px","top":"0","right":"0","bottom":"25","left":"0","isLinked":false}},"elements":[],"isInner":false,"widgetType":"tbay-newsletter","elType":"widget"},{"id":"5baf193e","settings":{"social_icon_list":[{"social_icon":{"value":"icon- icon-social-facebook","library":"simple-line-icons"},"_id":"73c9185","link":{"url":"#","is_external":"true","nofollow":""}},{"social_icon":{"value":"icon- icon-social-twitter","library":"simple-line-icons"},"_id":"a6698df","link":{"url":"#","is_external":"true","nofollow":""}},{"social_icon":{"value":"icon- icon-social-youtube","library":"simple-line-icons"},"_id":"81d8faa","link":{"url":"#","is_external":"true","nofollow":""}},{"social_icon":{"value":"icon- icon-social-instagram","library":"simple-line-icons"},"link":{"url":"#","is_external":"true","nofollow":""},"_id":"245b6a0"},{"social_icon":{"value":"icon- icon-social-pinterest","library":"simple-line-icons"},"link":{"url":"#","is_external":"true","nofollow":""},"_id":"613d7d8"}],"styles":"style2"},"elements":[],"isInner":false,"widgetType":"tbay-social-icons","elType":"widget"}],"isInner":false,"elType":"column"}],"isInner":false,"elType":"section"}]}