{"version":"0.4","title":"Template &#8211; Home 22","type":"page","content":[{"id":"2d285c52","settings":{"stretch_section":"section-stretched","padding":{"unit":"px","top":"10","right":"0","bottom":"10","left":"0","isLinked":false},"hide_mobile":"hidden-phone"},"elements":[{"id":"a664aca","settings":{"_column_size":100,"_inline_size":null},"elements":[{"id":"3ccb56d4","settings":{"editor":"<p>Hodilay gifts for everyone. Enjoy 70% off for all products only today.<a href=\"https:\/\/elementor.thembay.com\/puca_ohio\">View details<\/a><\/p>","_css_classes":"top-info"},"elements":[],"isInner":false,"widgetType":"text-editor","elType":"widget"}],"isInner":false,"elType":"column"}],"isInner":false,"elType":"section"},{"id":"232c5ea5","settings":{"structure":"30","stretch_section":"section-stretched","margin":{"unit":"px","top":"","right":0,"bottom":"","left":0,"isLinked":true},"padding":{"unit":"px","top":"0","right":"0","bottom":"60","left":"0","isLinked":false},"padding_mobile":{"unit":"px","top":"25","right":"0","bottom":"25","left":"0","isLinked":false}},"elements":[{"id":"1fd5b724","settings":{"_column_size":33,"_inline_size":25,"_inline_size_tablet":33.329999999999998,"margin_tablet":{"unit":"px","top":"0","right":"0","bottom":"30","left":"0","isLinked":false},"padding_mobile":{"unit":"px","top":"0","right":"0","bottom":"0","left":"0","isLinked":false},"hide_mobile":"hidden-phone"},"elements":[{"id":"2bef6aed","settings":{"heading_title":"All department","_css_classes":"widget_nav_menu","heading_title_tag":"h2","hide_mobile":"hidden-phone"},"elements":[],"isInner":false,"widgetType":"tbay-nav-menu","elType":"widget"}],"isInner":false,"elType":"column"},{"id":"16780d22","settings":{"_column_size":33,"_inline_size":49.332000000000001,"_inline_size_tablet":66.670000000000002,"padding_mobile":{"unit":"px","top":"0","right":"0","bottom":"0","left":"0","isLinked":true}},"elements":[{"id":"6577d584","settings":{"revslidertitle":"Ohio Home 22","shortcode":"[rev_slider alias=\"ohio-home-22\"][\/rev_slider]"},"elements":[],"isInner":false,"widgetType":"slider_revolution","elType":"widget"},{"id":"3c638341","settings":{"gap":"no","structure":"20","margin":{"unit":"px","top":"30","right":0,"bottom":"0","left":0,"isLinked":false},"hide_mobile":"hidden-phone"},"elements":[{"id":"1fb245d6","settings":{"_column_size":50,"_inline_size":null},"elements":[{"id":"6b2425f5","settings":{"image":{"url":"https:\/\/elementor.thembay.com\/puca_ohio\/wp-content\/uploads\/2018\/04\/h22_banner_01.jpg","id":5223},"_padding":{"unit":"px","top":"0","right":"15","bottom":"0","left":"0","isLinked":false},"link_to":"custom","link":{"url":"#","is_external":"","nofollow":"","custom_attributes":""}},"elements":[],"isInner":false,"widgetType":"image","elType":"widget"}],"isInner":true,"elType":"column"},{"id":"4f9ed3de","settings":{"_column_size":50,"_inline_size":null},"elements":[{"id":"239e4770","settings":{"image":{"url":"https:\/\/elementor.thembay.com\/puca_ohio\/wp-content\/uploads\/2018\/04\/h22_banner_02.jpg","id":5224},"_padding":{"unit":"px","top":"0","right":"0","bottom":"0","left":"15","isLinked":false},"link_to":"custom","link":{"url":"#","is_external":"","nofollow":"","custom_attributes":""}},"elements":[],"isInner":false,"widgetType":"image","elType":"widget"}],"isInner":true,"elType":"column"}],"isInner":true,"elType":"section"}],"isInner":false,"elType":"column"},{"id":"5af2c045","settings":{"_column_size":33,"_inline_size":25,"_inline_size_tablet":100,"padding_mobile":{"unit":"px","top":"0","right":"0","bottom":"0","left":"0","isLinked":false}},"elements":[{"id":"6af0a8f3","settings":{"heading_title":"TODAY DEALS","layout_type":"inner-countdown-v2","products":["2357","2362"],"column":"1","col_desktop":"1","col_desktopsmall":"1","col_landscape":"1","navigation":"","_css_classes":"style-2","column_tablet":"2","column_mobile":"2","_padding_mobile":{"unit":"px","top":"25","right":"0","bottom":"0","left":"0","isLinked":false}},"elements":[],"isInner":false,"widgetType":"tbay-product-count-down","elType":"widget"}],"isInner":false,"elType":"column"}],"isInner":false,"elType":"section"},{"id":"3541d59c","settings":{"structure":"21","stretch_section":"section-stretched","margin":{"unit":"px","top":"","right":0,"bottom":"","left":0,"isLinked":true},"padding":{"unit":"px","top":"60","right":"0","bottom":"60","left":"0","isLinked":false},"padding_mobile":{"unit":"px","top":"25","right":"0","bottom":"25","left":"0","isLinked":false}},"elements":[{"id":"239d2907","settings":{"_column_size":33,"_inline_size":25,"margin":{"unit":"px","top":"0","right":"0","bottom":"30","left":"0","isLinked":false},"_inline_size_tablet":33.329999999999998,"padding_mobile":{"unit":"px","top":"0","right":"0","bottom":"0","left":"0","isLinked":false}},"elements":[{"id":"2538b41d","settings":{"heading_title":"COMING SOON","limit":3,"layout_type":"carousel-special","show_more":"","text_button":"show more","column":"1","col_desktop":"1","col_desktopsmall":"1","col_landscape":"1","rows":"3","navigation":"","_css_classes":"style-2 single","column_tablet":"1","hide_mobile":"hidden-phone"},"elements":[],"isInner":false,"widgetType":"tbay-products","elType":"widget"},{"id":"39b8edce","settings":{"image":{"url":"https:\/\/elementor.thembay.com\/puca_ohio\/wp-content\/uploads\/2018\/04\/h22_banner_04.jpg","id":5221},"image_size":"full","link_to":"custom","link":{"url":"#","is_external":"","nofollow":""},"_padding":{"unit":"px","top":"30","right":"0","bottom":"0","left":"0","isLinked":false},"hide_mobile":"hidden-phone"},"elements":[],"isInner":false,"widgetType":"image","elType":"widget"},{"id":"13b8c7b","settings":{"heading_title":"HOT TAGS","_padding":{"unit":"px","top":"30","right":"0","bottom":"30","left":"0","isLinked":false},"_css_classes":"style-2","_padding_mobile":{"unit":"px","top":"25","right":"0","bottom":"0","left":"0","isLinked":false}},"elements":[],"isInner":false,"widgetType":"tbay-woocommerce-tags","elType":"widget"},{"id":"b4d8cf","settings":{"heading_title":"TESTIMONIALS","styles":"v2","column":"1","col_desktop":"1","col_desktopsmall":"1","_padding":{"unit":"px","top":"60","right":"0","bottom":"0","left":"0","isLinked":false},"_css_classes":"style-2 nav-top","col_landscape":"2","navigation":"","column_tablet":"1","disable_mobile":"","_padding_mobile":{"unit":"px","top":"25","right":"0","bottom":"0","left":"0","isLinked":false}},"elements":[],"isInner":false,"widgetType":"tbay-testimonials","elType":"widget"}],"isInner":false,"elType":"column"},{"id":"50ab4517","settings":{"_column_size":66,"_inline_size":74.665000000000006,"_inline_size_tablet":66.670000000000002,"padding_mobile":{"unit":"px","top":"0","right":"0","bottom":"0","left":"0","isLinked":false}},"elements":[{"id":"700db3","settings":{"image":{"url":"https:\/\/elementor.thembay.com\/puca_ohio\/wp-content\/uploads\/2018\/04\/h20_banner_06.jpg","id":5201},"image_size":"full","link_to":"custom","link":{"url":"#","is_external":"","nofollow":""},"hide_mobile":"hidden-phone"},"elements":[],"isInner":false,"widgetType":"image","elType":"widget"},{"id":"5893017d","settings":{"heading_title":"NEW ARRIVALS","layout_type":"carousel","text_button":"show more","_css_classes":"style-2 nav-top","limit":18,"column":"3","col_desktop":"3","col_desktopsmall":"2","col_landscape":"3","rows":"2","pagination":"yes","_padding":{"unit":"px","top":"30","right":"0","bottom":"30","left":"0","isLinked":false},"column_tablet":"2","_padding_mobile":{"unit":"px","top":"25","right":"0","bottom":"25","left":"0","isLinked":false}},"elements":[],"isInner":false,"widgetType":"tbay-products","elType":"widget"},{"id":"56c97318","settings":{"heading_title":"THE BLOG","column":"3","col_desktop":"3","col_desktopsmall":"2","col_landscape":"2","_padding":{"unit":"px","top":"30","right":"0","bottom":"30","left":"0","isLinked":false},"_css_classes":"style-2 nav-top widget-blog","column_tablet":"2","column_mobile":"1","_padding_mobile":{"unit":"px","top":"25","right":"0","bottom":"25","left":"0","isLinked":false}},"elements":[],"isInner":false,"widgetType":"tbay-posts-grid","elType":"widget"},{"id":"6c43245b","settings":{"heading_title":"TOP CATEGORIES","layout_type":"carousel-v3","categoriestabs3":[{"category":"living","nav_menu":"custom-menu-category-01","images":{"url":"https:\/\/elementor.thembay.com\/puca_ohio\/wp-content\/uploads\/2018\/03\/cate-35.jpg","id":5014},"_id":"bcb50ff"},{"category":"bedroom","nav_menu":"custom-menu-category-02","images":{"url":"https:\/\/elementor.thembay.com\/puca_ohio\/wp-content\/uploads\/2018\/03\/cate-32.jpg","id":5011},"_id":"b27e5d9"},{"category":"dining","nav_menu":"custom-menu-category-03","images":{"url":"https:\/\/elementor.thembay.com\/puca_ohio\/wp-content\/uploads\/2018\/03\/cate-33.jpg","id":5012},"_id":"4114a09"},{"category":"office","nav_menu":"custom-menu-category-02","images":{"url":"https:\/\/elementor.thembay.com\/puca_ohio\/wp-content\/uploads\/2018\/03\/cate-36.jpg","id":5015},"_id":"f9acfc1"},{"category":"lighting","nav_menu":"custom-menu-category-03","images":{"url":"https:\/\/elementor.thembay.com\/puca_ohio\/wp-content\/uploads\/2018\/03\/cate-34.jpg","id":5013},"_id":"195bf8c"},{"category":"accents","nav_menu":"custom-menu-category-01","images":{"url":"https:\/\/elementor.thembay.com\/puca_ohio\/wp-content\/uploads\/2018\/03\/cate-31.jpg","id":5010},"_id":"d91bf48"}],"view_all_text":"all categories","column":"3","col_desktop":"3","col_desktopsmall":"2","display_count":"","_css_classes":"style-2 nav-top","_padding":{"unit":"px","top":"30","right":"0","bottom":"0","left":"0","isLinked":false},"show_view_all":"","column_tablet":"2","col_landscape":"1","column_mobile":"1"},"elements":[],"isInner":false,"widgetType":"tbay-furniture-custom-image-list-categories","elType":"widget"}],"isInner":false,"elType":"column"}],"isInner":false,"elType":"section"},{"id":"74578688","settings":{"gap":"no","margin":{"unit":"px","top":"60","right":0,"bottom":"30","left":0,"isLinked":false},"margin_mobile":{"unit":"px","top":"0","right":0,"bottom":"0","left":0,"isLinked":false},"hide_mobile":"hidden-phone"},"elements":[{"id":"47cf9ccf","settings":{"_column_size":100,"_inline_size":null},"elements":[{"id":"6ed3d7c0","settings":{"editor":"<p style=\"text-align: center;\"><i class=\"icons icon-note\"><\/i>How\u2018re we doing?\u00a0<strong><a class=\"color2\" href=\"https:\/\/demo.thembay.com\/puca_ohio\/home-4\/#\">Give us a feedback.<\/a><\/strong><br \/>It\u2019s very important to us to improve your experiences, many thanks for your contributions.<\/p>","_margin":{"unit":"px","top":"0","right":"0","bottom":"30","left":"0","isLinked":false},"_css_classes":"feedback"},"elements":[],"isInner":false,"widgetType":"text-editor","elType":"widget"}],"isInner":false,"elType":"column"}],"isInner":false,"elType":"section"},{"id":"41ad2d53","settings":{"margin":{"unit":"px","top":"","right":0,"bottom":"","left":0,"isLinked":true},"padding":{"unit":"px","top":"30","right":"0","bottom":"30","left":"0","isLinked":false},"stretch_section":"section-stretched","padding_mobile":{"unit":"px","top":"25","right":"0","bottom":"25","left":"0","isLinked":false}},"elements":[{"id":"ca20576","settings":{"_column_size":100,"_inline_size":null,"padding_mobile":{"unit":"px","top":"0","right":"0","bottom":"0","left":"0","isLinked":false}},"elements":[{"id":"5df40711","settings":{"layout_type":"carousel","column":"6","col_desktop":"6","col_desktopsmall":"4","col_landscape":"2","column_mobile":"3","disable_mobile":""},"elements":[],"isInner":false,"widgetType":"tbay-brands","elType":"widget"}],"isInner":false,"elType":"column"}],"isInner":false,"elType":"section"},{"id":"795229e8","settings":{"gap":"no","margin":{"unit":"px","top":"60","right":0,"bottom":"0","left":0,"isLinked":false},"margin_mobile":{"unit":"px","top":"0","right":0,"bottom":"0","left":0,"isLinked":false},"padding_mobile":{"unit":"px","top":"25","right":"0","bottom":"0","left":"0","isLinked":false}},"elements":[{"id":"156b2212","settings":{"_column_size":100,"_inline_size":null},"elements":[{"id":"c63b7f6","settings":{"heading_title":"Our Newsletter","heading_subtitle":"Be the first to hear about our latest products & offers. As a welcome gift, we'll email you a 20% OFF discount code.","_margin":{"unit":"px","top":"0","right":"0","bottom":"40","left":"0","isLinked":false},"_margin_mobile":{"unit":"px","top":"0","right":"0","bottom":"25","left":"0","isLinked":false}},"elements":[],"isInner":false,"widgetType":"tbay-newsletter","elType":"widget"},{"id":"623861eb","settings":{"social_icon_list":[{"social_icon":{"value":"icon- icon-social-facebook","library":"simple-line-icons"},"_id":"e3d1480","link":{"url":"#","is_external":"true","nofollow":""}},{"social_icon":{"value":"icon- icon-social-twitter","library":"simple-line-icons"},"_id":"d76445f","link":{"url":"#","is_external":"true","nofollow":""}},{"social_icon":{"value":"icon- icon-social-youtube","library":"simple-line-icons"},"_id":"3e250e1","link":{"url":"#","is_external":"true","nofollow":""}},{"social_icon":{"value":"icon- icon-social-instagram","library":"simple-line-icons"},"link":{"url":"#","is_external":"true","nofollow":""},"_id":"ded4ee6"},{"social_icon":{"value":"icon- icon-social-pinterest","library":"simple-line-icons"},"link":{"url":"#","is_external":"true","nofollow":""},"_id":"e237480"}],"styles":"style2"},"elements":[],"isInner":false,"widgetType":"tbay-social-icons","elType":"widget"}],"isInner":false,"elType":"column"}],"isInner":false,"elType":"section"}]}