{"version":"0.4","title":"Template &#8211; Home 11","type":"page","content":[{"id":"17c2a1c7","settings":{"stretch_section":"section-stretched","layout":"full_width","gap":"no","padding":{"unit":"px","top":"0","right":"50","bottom":"60","left":"50","isLinked":false},"padding_tablet":{"unit":"px","top":"0","right":"0","bottom":"30","left":"0","isLinked":false},"padding_mobile":{"unit":"px","top":"25","right":"0","bottom":"25","left":"0","isLinked":false}},"elements":[{"id":"354620c0","settings":{"_column_size":100,"_inline_size":null},"elements":[{"id":"681b8343","settings":{"revslidertitle":"Ohio Home 11","shortcode":"[rev_slider alias=\"ohio-home-11\"][\/rev_slider]"},"elements":[],"isInner":false,"widgetType":"slider_revolution","elType":"widget"}],"isInner":false,"elType":"column"}],"isInner":false,"elType":"section"},{"id":"7a4afb34","settings":{"stretch_section":"section-stretched","layout":"full_width","padding":{"unit":"px","top":"60","right":"100","bottom":"60","left":"100","isLinked":false},"padding_tablet":{"unit":"px","top":"30","right":"0","bottom":"30","left":"0","isLinked":false},"padding_mobile":{"unit":"px","top":"25","right":"0","bottom":"25","left":"0","isLinked":false}},"elements":[{"id":"37766833","settings":{"_column_size":100,"_inline_size":null,"padding_mobile":{"unit":"px","top":"0","right":"0","bottom":"0","left":"0","isLinked":false}},"elements":[{"id":"1ce25268","settings":{"heading_title":"Top Selling Categories","heading_subtitle":"Hodilay gifts for everyone. Choose two favorites and enjoy 70% off for all products only today.","layout_type":"carousel","categoriestabs":[{"category":"accents","images":{"url":"https:\/\/elementor.thembay.com\/puca_ohio\/wp-content\/uploads\/2018\/03\/table_watch.jpg","id":5036},"check_custom_link":"no","custom_link":{"url":"","is_external":"","nofollow":""},"display_count":"yes","_id":"7a94dce"},{"category":"accessories","images":{"url":"https:\/\/elementor.thembay.com\/puca_ohio\/wp-content\/uploads\/2018\/03\/accessories.jpg","id":5030},"check_custom_link":"no","custom_link":{"url":"","is_external":"","nofollow":""},"display_count":"yes","_id":"7a96974"},{"category":"bedroom","images":{"url":"https:\/\/elementor.thembay.com\/puca_ohio\/wp-content\/uploads\/2018\/03\/bedroom.jpg","id":5031},"check_custom_link":"no","custom_link":{"url":"","is_external":"","nofollow":""},"display_count":"yes","_id":"7f0104f"},{"category":"chair","images":{"url":"https:\/\/elementor.thembay.com\/puca_ohio\/wp-content\/uploads\/2018\/03\/dining.jpg","id":5032},"check_custom_link":"no","custom_link":{"url":"","is_external":"","nofollow":""},"display_count":"yes","_id":"18c04a3"},{"category":"clocks","images":{"url":"https:\/\/elementor.thembay.com\/puca_ohio\/wp-content\/uploads\/2018\/03\/table_watch.jpg","id":5036},"check_custom_link":"no","custom_link":{"url":"","is_external":"","nofollow":""},"display_count":"yes","_id":"1d4c68f"},{"category":"dining","images":{"url":"https:\/\/elementor.thembay.com\/puca_ohio\/wp-content\/uploads\/2018\/03\/dining.jpg","id":5032},"check_custom_link":"no","custom_link":{"url":"","is_external":"","nofollow":""},"display_count":"yes","_id":"0d6c5e2"},{"category":"lighting","images":{"url":"https:\/\/elementor.thembay.com\/puca_ohio\/wp-content\/uploads\/2018\/03\/lighting.jpg","id":5033},"check_custom_link":"no","custom_link":{"url":"","is_external":"","nofollow":""},"display_count":"yes","_id":"0d8ba80"},{"category":"office","images":{"url":"https:\/\/elementor.thembay.com\/puca_ohio\/wp-content\/uploads\/2018\/03\/office.jpg","id":5035},"check_custom_link":"no","custom_link":{"url":"","is_external":"","nofollow":""},"display_count":"yes","_id":"1184e02"}],"show_more":"yes","text_button":"All Categories","column":"6","col_desktop":"6","col_desktopsmall":"4","col_landscape":"3","_css_classes":"style-3"},"elements":[],"isInner":false,"widgetType":"tbay-custom-image-list-categories","elType":"widget"}],"isInner":false,"elType":"column"}],"isInner":false,"elType":"section"},{"id":"d1afe9b","settings":{"stretch_section":"section-stretched","structure":"30","margin":{"unit":"px","top":"60","right":0,"bottom":"30","left":0,"isLinked":false},"margin_tablet":{"unit":"px","top":"0","right":0,"bottom":"0","left":0,"isLinked":false},"padding_tablet":{"unit":"px","top":"30","right":"0","bottom":"30","left":"0","isLinked":false},"padding_mobile":{"unit":"px","top":"25","right":"0","bottom":"25","left":"0","isLinked":false}},"elements":[{"id":"69c5db96","settings":{"_column_size":33,"_inline_size":null,"padding_mobile":{"unit":"px","top":"0","right":"0","bottom":"0","left":"0","isLinked":false}},"elements":[{"id":"29c46994","settings":{"image":{"url":"https:\/\/elementor.thembay.com\/puca_ohio\/wp-content\/uploads\/2018\/03\/h4_banner_01.jpg","id":4976},"image_size":"thumbnail","link_to":"custom","link":{"url":"#","is_external":"","nofollow":""}},"elements":[],"isInner":false,"widgetType":"image","elType":"widget"}],"isInner":false,"elType":"column"},{"id":"34c574bc","settings":{"_column_size":33,"_inline_size":null,"padding_mobile":{"unit":"px","top":"0","right":"0","bottom":"0","left":"0","isLinked":false}},"elements":[{"id":"66f3f37c","settings":{"image":{"url":"https:\/\/elementor.thembay.com\/puca_ohio\/wp-content\/uploads\/2018\/03\/h4_banner_02.jpg","id":4977},"image_size":"thumbnail","link_to":"custom","link":{"url":"#","is_external":"","nofollow":""}},"elements":[],"isInner":false,"widgetType":"image","elType":"widget"}],"isInner":false,"elType":"column"},{"id":"281b90fe","settings":{"_column_size":33,"_inline_size":null,"padding_mobile":{"unit":"px","top":"0","right":"0","bottom":"0","left":"0","isLinked":false}},"elements":[{"id":"14f76da3","settings":{"image":{"url":"https:\/\/elementor.thembay.com\/puca_ohio\/wp-content\/uploads\/2018\/03\/h4_banner_03.jpg","id":4978},"image_size":"thumbnail","link_to":"custom","link":{"url":"#","is_external":"","nofollow":""}},"elements":[],"isInner":false,"widgetType":"image","elType":"widget"}],"isInner":false,"elType":"column"}],"isInner":false,"elType":"section"},{"id":"4ef48e14","settings":{"gap":"no","padding":{"unit":"px","top":"60","right":"0","bottom":"60","left":"0","isLinked":false},"padding_tablet":{"unit":"px","top":"30","right":"0","bottom":"30","left":"0","isLinked":false},"padding_mobile":{"unit":"px","top":"25","right":"0","bottom":"25","left":"0","isLinked":false}},"elements":[{"id":"f401acc","settings":{"_column_size":100,"_inline_size":null},"elements":[{"id":"4b2217ea","settings":{"heading_title":"Featured Products","heading_subtitle":"Vestibulum sed pretium massa. Quisque eleifend nisi turpis, non ultrices turpis pellentesque et.","categories":["living","lighting","accessories","recommended"],"product_type":"random_product","show_more":"yes","text_button":"View more","selected_icon":{"value":"icon- icon-grid","library":"simple-line-icons"},"column":"3","col_desktop":"3","col_desktopsmall":"3","col_landscape":"3","column_tablet":"2","column_mobile":"2","_css_classes":"widget-content"},"elements":[],"isInner":false,"widgetType":"tbay-products","elType":"widget"}],"isInner":false,"elType":"column"}],"isInner":false,"elType":"section"},{"id":"7bcbac94","settings":{"margin":{"unit":"px","top":"60","right":0,"bottom":"60","left":0,"isLinked":true},"gap":"no","margin_tablet":{"unit":"px","top":"0","right":0,"bottom":"0","left":0,"isLinked":false},"padding_tablet":{"unit":"px","top":"30","right":"0","bottom":"30","left":"0","isLinked":false},"padding_mobile":{"unit":"px","top":"25","right":"0","bottom":"25","left":"0","isLinked":false}},"elements":[{"id":"25f2e2c8","settings":{"_column_size":100,"_inline_size":null},"elements":[{"id":"5c5f243","settings":{"heading_title":"Recent News","heading_subtitle":"In dapibus vel ante in auctor. Suspendisse nec nisi vel lorem vulputate elementum.","layout_type":"carousel-v2","thumbnail_size":"thumbnail","column":"3","col_desktop":"3","col_desktopsmall":"2","pagination":"yes","categories":[],"column_tablet":"2","column_mobile":"1","col_landscape":"1","navigation":"","_css_classes":"widget-blog"},"elements":[],"isInner":false,"widgetType":"tbay-posts-grid","elType":"widget"}],"isInner":false,"elType":"column"}],"isInner":false,"elType":"section"},{"id":"1eaf4c78","settings":{"gap":"no","padding":{"unit":"px","top":"60","right":"0","bottom":"30","left":"0","isLinked":false},"padding_tablet":{"unit":"px","top":"30","right":"0","bottom":"30","left":"0","isLinked":false},"padding_mobile":{"unit":"px","top":"25","right":"0","bottom":"25","left":"0","isLinked":false}},"elements":[{"id":"6c83a660","settings":{"_column_size":100,"_inline_size":null},"elements":[{"id":"767c3c74","settings":{"editor":"<p style=\"text-align: center;\"><i class=\"icons icon-note\"><\/i>How\u2018re we doing?\u00a0<strong><a class=\"color2\" href=\"https:\/\/elementor.thembay.com\/puca_ohio\/home-11\/\">Give us a feedback.<\/a><\/strong><br \/>It\u2019s very important to us to improve your experiences, many thanks for your contributions.<\/p>","_margin":{"unit":"px","top":"0","right":"0","bottom":"30","left":"0","isLinked":false}},"elements":[],"isInner":false,"widgetType":"text-editor","elType":"widget"}],"isInner":false,"elType":"column"}],"isInner":false,"elType":"section"},{"id":"f475698","settings":{"gap":"no","margin":{"unit":"px","top":"","right":0,"bottom":"","left":0,"isLinked":true},"padding":{"unit":"px","top":"30","right":"0","bottom":"30","left":"0","isLinked":false},"padding_tablet":{"unit":"px","top":"30","right":"0","bottom":"30","left":"0","isLinked":false},"padding_mobile":{"unit":"px","top":"25","right":"0","bottom":"25","left":"0","isLinked":false}},"elements":[{"id":"288f6323","settings":{"_column_size":100,"_inline_size":null},"elements":[{"id":"25fb9fdf","settings":{"layout_type":"carousel","column":"6","col_desktop":"6","col_desktopsmall":"4","col_landscape":"2","column_mobile":"3","disable_mobile":""},"elements":[],"isInner":false,"widgetType":"tbay-brands","elType":"widget"}],"isInner":false,"elType":"column"}],"isInner":false,"elType":"section"},{"id":"7f2c2b72","settings":{"gap":"no","margin":{"unit":"px","top":"","right":0,"bottom":"","left":0,"isLinked":true},"padding":{"unit":"px","top":"60","right":"0","bottom":"0","left":"0","isLinked":false},"padding_tablet":{"unit":"px","top":"30","right":"0","bottom":"0","left":"0","isLinked":false},"padding_mobile":{"unit":"px","top":"25","right":"0","bottom":"0","left":"0","isLinked":false}},"elements":[{"id":"5aeabc4c","settings":{"_column_size":100,"_inline_size":null},"elements":[{"id":"1eaf0463","settings":{"heading_title":"Our Newsletter","heading_subtitle":"Be the first to hear about our latest products & offers. As a welcome gift, we'll email you a 20% OFF discount code.","_margin":{"unit":"px","top":"0","right":"0","bottom":"40","left":"0","isLinked":false},"_margin_mobile":{"unit":"px","top":"0","right":"0","bottom":"25","left":"0","isLinked":false}},"elements":[],"isInner":false,"widgetType":"tbay-newsletter","elType":"widget"},{"id":"51ad4f6b","settings":{"social_icon_list":[{"social_icon":{"value":"icon- icon-social-facebook","library":"simple-line-icons"},"_id":"a0aae4c","link":{"url":"#","is_external":"true","nofollow":""}},{"social_icon":{"value":"icon- icon-social-twitter","library":"simple-line-icons"},"_id":"f2649f2","link":{"url":"#","is_external":"true","nofollow":""}},{"social_icon":{"value":"icon- icon-social-youtube","library":"simple-line-icons"},"_id":"5d62901","link":{"url":"#","is_external":"true","nofollow":""}},{"social_icon":{"value":"icon- icon-social-instagram","library":"simple-line-icons"},"link":{"url":"#","is_external":"true","nofollow":""},"_id":"5d1e49e"},{"social_icon":{"value":"icon- icon-social-pinterest","library":"simple-line-icons"},"link":{"url":"#","is_external":"true","nofollow":""},"_id":"c868379"}],"styles":"style2"},"elements":[],"isInner":false,"widgetType":"tbay-social-icons","elType":"widget"}],"isInner":false,"elType":"column"}],"isInner":false,"elType":"section"}]}