{"version":"0.4","title":"Template &#8211; Home 13","type":"page","content":[{"id":"a65cb00","settings":{"margin":{"unit":"px","top":"","right":0,"bottom":"","left":0,"isLinked":true},"padding":{"unit":"px","top":"0","right":"0","bottom":"60","left":"0","isLinked":false},"padding_tablet":{"unit":"px","top":"0","right":"0","bottom":"30","left":"0","isLinked":false},"padding_mobile":{"unit":"px","top":"25","right":"0","bottom":"25","left":"0","isLinked":false}},"elements":[{"id":"76d5655d","settings":{"_column_size":100,"_inline_size":null,"padding_mobile":{"unit":"px","top":"0","right":"0","bottom":"0","left":"0","isLinked":false}},"elements":[{"id":"30c1a338","settings":{"categoriestabs":[{"category":"living","label":"new is coming","images":{"url":"https:\/\/elementor.thembay.com\/puca_ohio\/wp-content\/uploads\/2018\/03\/cate-13.jpg","id":4877},"_id":"5e1084f"},{"category":"bedroom","label":"on sale","images":{"url":"https:\/\/elementor.thembay.com\/puca_ohio\/wp-content\/uploads\/2018\/03\/cate-11.jpg","id":4875},"_id":"e7afbab"},{"category":"dining","label":"hot","images":{"url":"https:\/\/elementor.thembay.com\/puca_ohio\/wp-content\/uploads\/2018\/03\/cate-12.jpg","id":4876},"_id":"15cbb75"},{"category":"office","label":"hot","images":{"url":"https:\/\/elementor.thembay.com\/puca_ohio\/wp-content\/uploads\/2018\/03\/cate-14.jpg","id":4878},"_id":"b79b488"},{"category":"lighting","label":"on sale","images":{"url":"https:\/\/elementor.thembay.com\/puca_ohio\/wp-content\/uploads\/2018\/03\/cate-13.jpg","id":4877},"_id":"42b0dbc"},{"category":"accents","label":"hot","images":{"url":"https:\/\/elementor.thembay.com\/puca_ohio\/wp-content\/uploads\/2018\/03\/cate-12.jpg","id":4876},"_id":"e1a8c82"}],"view_all_text":"view all categories","column":"3","col_desktop":"3","pagination":"yes","align":"center","heading_title":"If you are looking for a furniture shop & decor provider you have come to the right place.","heading_style_margin":{"unit":"px","top":"0","right":"200","bottom":"30","left":"200","isLinked":false},"column_tablet":"2","col_desktopsmall":"3","_css_classes":"title-2","show_view_all":""},"elements":[],"isInner":false,"widgetType":"tbay-furniture-custom-image-list-categories","elType":"widget"}],"isInner":false,"elType":"column"}],"isInner":false,"elType":"section"},{"id":"746c690b","settings":{"structure":"30","margin":{"unit":"px","top":"","right":0,"bottom":"","left":0,"isLinked":true},"padding":{"unit":"px","top":"60","right":"0","bottom":"30","left":"0","isLinked":false},"padding_tablet":{"unit":"px","top":"30","right":"0","bottom":"30","left":"0","isLinked":false},"padding_mobile":{"unit":"px","top":"25","right":"0","bottom":"25","left":"0","isLinked":false}},"elements":[{"id":"3e902230","settings":{"_column_size":33,"_inline_size":null,"padding_mobile":{"unit":"px","top":"0","right":"0","bottom":"0","left":"0","isLinked":false}},"elements":[{"id":"1e952e0e","settings":{"image":{"url":"https:\/\/elementor.thembay.com\/puca_ohio\/wp-content\/uploads\/2018\/03\/h13_banner_01.jpg","id":5121},"link_to":"custom","link":{"url":"#","is_external":"","nofollow":"","custom_attributes":""}},"elements":[],"isInner":false,"widgetType":"image","elType":"widget"}],"isInner":false,"elType":"column"},{"id":"48299148","settings":{"_column_size":33,"_inline_size":null,"padding_mobile":{"unit":"px","top":"0","right":"0","bottom":"0","left":"0","isLinked":false}},"elements":[{"id":"74536494","settings":{"image":{"url":"https:\/\/elementor.thembay.com\/puca_ohio\/wp-content\/uploads\/2018\/03\/h13_banner_02.jpg","id":5122},"link_to":"custom","link":{"url":"#","is_external":"","nofollow":"","custom_attributes":""}},"elements":[],"isInner":false,"widgetType":"image","elType":"widget"}],"isInner":false,"elType":"column"},{"id":"2e24dad5","settings":{"_column_size":33,"_inline_size":null,"padding_mobile":{"unit":"px","top":"0","right":"0","bottom":"0","left":"0","isLinked":false}},"elements":[{"id":"6c1d6ded","settings":{"image":{"url":"https:\/\/elementor.thembay.com\/puca_ohio\/wp-content\/uploads\/2018\/03\/h13_banner_03.jpg","id":5123},"link_to":"custom","link":{"url":"#","is_external":"","nofollow":"","custom_attributes":""}},"elements":[],"isInner":false,"widgetType":"image","elType":"widget"}],"isInner":false,"elType":"column"}],"isInner":false,"elType":"section"},{"id":"66078bdf","settings":{"stretch_section":"section-stretched","background_background":"classic","padding":{"unit":"px","top":"60","right":"0","bottom":"60","left":"0","isLinked":false},"css_classes":"h5_before","padding_tablet":{"unit":"px","top":"30","right":"0","bottom":"30","left":"0","isLinked":false},"padding_mobile":{"unit":"px","top":"25","right":"0","bottom":"25","left":"0","isLinked":false}},"elements":[{"id":"da4b887","settings":{"_column_size":100,"_inline_size":null,"padding_mobile":{"unit":"px","top":"0","right":"5","bottom":"0","left":"5","isLinked":false}},"elements":[{"id":"1834e3cd","settings":{"heading_title":"Our Products","heading_subtitle":"Donec iaculis ornare purus in pulvinar. Cras metus sem, egestas ac urna vita enatation.","limit":12,"layout_type":"carousel-special","categories":["living","lighting","accessories","recommended"],"list_product_tabs":[{"product_tabs_title":"BestSeller Products","product_tabs":"best_selling","_id":"e486139"},{"product_tabs_title":"","product_tabs":"on_sale","_id":"7b54e7d"},{"product_tabs_title":"Latest Products","product_tabs":"random_product","_id":"63ec09f"}],"show_more":"","text_button":"show more","column":"3","col_desktop":"3","col_desktopsmall":"3","rows":"2","navigation":"","pagination":"yes","_background_background":"classic","column_tablet":"2"},"elements":[],"isInner":false,"widgetType":"tbay-product-tabs","elType":"widget"}],"isInner":false,"elType":"column"}],"isInner":false,"elType":"section"},{"id":"5933189","settings":{"gap":"no","margin":{"unit":"px","top":"60","right":0,"bottom":"60","left":0,"isLinked":true},"margin_tablet":{"unit":"px","top":"0","right":0,"bottom":"0","left":0,"isLinked":false},"padding_tablet":{"unit":"px","top":"30","right":"0","bottom":"30","left":"0","isLinked":false},"padding_mobile":{"unit":"px","top":"25","right":"0","bottom":"25","left":"0","isLinked":false}},"elements":[{"id":"56623eba","settings":{"_column_size":100,"_inline_size":null},"elements":[{"id":"489a4ca9","settings":{"heading_title":"Recent News","heading_subtitle":"In dapibus vel ante in auctor. Suspendisse nec nisi vel lorem vulputate elementum.","layout_type":"carousel-v2","thumbnail_size":"thumbnail","column":"3","col_desktop":"3","col_desktopsmall":"2","pagination":"yes","categories":["fashion","gaming","news"],"column_tablet":"2","column_mobile":"1","col_landscape":"1","_css_classes":"widget-blog"},"elements":[],"isInner":false,"widgetType":"tbay-posts-grid","elType":"widget"}],"isInner":false,"elType":"column"}],"isInner":false,"elType":"section"},{"id":"267f27f4","settings":{"margin":{"unit":"px","top":"","right":0,"bottom":"","left":0,"isLinked":true},"padding":{"unit":"px","top":"30","right":"0","bottom":"30","left":"0","isLinked":false},"padding_tablet":{"unit":"px","top":"30","right":"0","bottom":"30","left":"0","isLinked":false}},"elements":[{"id":"672c5716","settings":{"_column_size":100,"_inline_size":null,"padding_mobile":{"unit":"px","top":"0","right":"0","bottom":"0","left":"0","isLinked":false}},"elements":[{"id":"5df85f2a","settings":{"layout_type":"carousel","column":"6","col_desktop":"6","col_desktopsmall":"4","col_landscape":"2","column_mobile":"3","disable_mobile":""},"elements":[],"isInner":false,"widgetType":"tbay-brands","elType":"widget"}],"isInner":false,"elType":"column"}],"isInner":false,"elType":"section"},{"id":"70ea05cb","settings":{"gap":"no","padding":{"unit":"px","top":"60","right":"0","bottom":"0","left":"0","isLinked":false},"padding_tablet":{"unit":"px","top":"30","right":"0","bottom":"0","left":"0","isLinked":false}},"elements":[{"id":"111d5e45","settings":{"_column_size":100,"_inline_size":null},"elements":[{"id":"378f44d","settings":{"heading_title":"Subscribe Newsletter","heading_subtitle":"Be the first to hear about our latest products & offers. As a welcome gift, we'll email you a 20% OFF discount code."},"elements":[],"isInner":false,"widgetType":"tbay-newsletter","elType":"widget"}],"isInner":false,"elType":"column"}],"isInner":false,"elType":"section"}]}