{"version":"0.4","title":"Template &#8211; Home 21","type":"page","content":[{"id":"7fa6227f","settings":{"stretch_section":"section-stretched","margin":{"unit":"px","top":"","right":0,"bottom":"","left":0,"isLinked":true},"padding_mobile":{"unit":"px","top":"25","right":"0","bottom":"0","left":"0","isLinked":false}},"elements":[{"id":"1c8fdca2","settings":{"_column_size":100,"_inline_size":null,"padding_mobile":{"unit":"px","top":"0","right":"0","bottom":"0","left":"0","isLinked":false}},"elements":[{"id":"4db2c9b0","settings":{"revslidertitle":"Ohio Home 21","shortcode":"[rev_slider alias=\"ohio-home-21\"][\/rev_slider]"},"elements":[],"isInner":false,"widgetType":"slider_revolution","elType":"widget"}],"isInner":false,"elType":"column"}],"isInner":false,"elType":"section"},{"id":"631aed8f","settings":{"stretch_section":"section-stretched","structure":"30","margin":{"unit":"px","top":"30","right":0,"bottom":"30","left":0,"isLinked":false},"padding_mobile":{"unit":"px","top":"0","right":"0","bottom":"25","left":"0","isLinked":false}},"elements":[{"id":"55030e61","settings":{"_column_size":33,"_inline_size":null,"padding_mobile":{"unit":"px","top":"0","right":"0","bottom":"0","left":"0","isLinked":false}},"elements":[{"id":"548987aa","settings":{"image":{"url":"https:\/\/elementor.thembay.com\/puca_ohio\/wp-content\/uploads\/2018\/03\/h4_banner_01.jpg","id":4976},"link_to":"custom","link":{"url":"#","is_external":"","nofollow":"","custom_attributes":""}},"elements":[],"isInner":false,"widgetType":"image","elType":"widget"}],"isInner":false,"elType":"column"},{"id":"54618498","settings":{"_column_size":33,"_inline_size":null,"padding_mobile":{"unit":"px","top":"0","right":"0","bottom":"0","left":"0","isLinked":false}},"elements":[{"id":"160b3508","settings":{"image":{"url":"https:\/\/elementor.thembay.com\/puca_ohio\/wp-content\/uploads\/2018\/03\/h4_banner_02.jpg","id":4977},"link_to":"custom","link":{"url":"#","is_external":"","nofollow":"","custom_attributes":""}},"elements":[],"isInner":false,"widgetType":"image","elType":"widget"}],"isInner":false,"elType":"column"},{"id":"246a64e4","settings":{"_column_size":33,"_inline_size":null,"padding_mobile":{"unit":"px","top":"0","right":"0","bottom":"0","left":"0","isLinked":false}},"elements":[{"id":"1e25aa39","settings":{"image":{"url":"https:\/\/elementor.thembay.com\/puca_ohio\/wp-content\/uploads\/2018\/03\/h4_banner_03.jpg","id":4978},"link_to":"custom","link":{"url":"#","is_external":"","nofollow":"","custom_attributes":""}},"elements":[],"isInner":false,"widgetType":"image","elType":"widget"}],"isInner":false,"elType":"column"}],"isInner":false,"elType":"section"},{"id":"2954f19c","settings":{"stretch_section":"section-stretched","padding":{"unit":"px","top":"60","right":"0","bottom":"60","left":"0","isLinked":false},"css_classes":"h5_before","padding_mobile":{"unit":"px","top":"25","right":"0","bottom":"25","left":"0","isLinked":false}},"elements":[{"id":"1d97dc2a","settings":{"_column_size":100,"_inline_size":null,"padding_mobile":{"unit":"px","top":"0","right":"0","bottom":"0","left":"0","isLinked":false}},"elements":[{"id":"45216fe","settings":{"heading_title":"Ohio's Special Day","heading_subtitle":"Donec iaculis ornare purus in pulvinar. Cras metus sem ege lorem.","limit":12,"layout_type":"carousel-special","categories":["living","lighting","accessories","recommended"],"product_type":"random_product","text_button":"show more","column":"3","col_desktop":"3","col_desktopsmall":"3","rows":"2","pagination":"yes","column_tablet":"2"},"elements":[],"isInner":false,"widgetType":"tbay-products","elType":"widget"}],"isInner":false,"elType":"column"}],"isInner":false,"elType":"section"},{"id":"64a036e4","settings":{"structure":"21","stretch_section":"section-stretched","margin":{"unit":"px","top":"60","right":0,"bottom":"60","left":0,"isLinked":true},"padding_mobile":{"unit":"px","top":"25","right":"0","bottom":"25","left":"0","isLinked":false}},"elements":[{"id":"399e69ed","settings":{"_column_size":33,"_inline_size":25,"margin":{"unit":"px","top":"0","right":"0","bottom":"30","left":"0","isLinked":false},"_inline_size_tablet":33.299999999999997,"padding_mobile":{"unit":"px","top":"0","right":"0","bottom":"0","left":"0","isLinked":false}},"elements":[{"id":"5095d225","settings":{"heading_title":"TODAY DEALS","layout_type":"inner-countdown-v2","products":["2357","2362"],"column":"1","col_desktop":"1","col_desktopsmall":"1","col_landscape":"1","navigation":"","_css_classes":"style-2","column_tablet":"1","_padding":{"unit":"px","top":"0","right":"0","bottom":"30","left":"0","isLinked":false}},"elements":[],"isInner":false,"widgetType":"tbay-product-count-down","elType":"widget"},{"id":"6a6eec29","settings":{"heading_title":"HOT TAGS","_padding":{"unit":"px","top":"30","right":"0","bottom":"0","left":"0","isLinked":false},"_css_classes":"style-2","_padding_mobile":{"unit":"px","top":"25","right":"0","bottom":"0","left":"0","isLinked":false}},"elements":[],"isInner":false,"widgetType":"tbay-woocommerce-tags","elType":"widget"},{"id":"f429d3d","settings":{"heading_title":"THE BLOG","column":"1","col_desktop":"1","col_desktopsmall":"1","col_landscape":"1","navigation":"","_padding":{"unit":"px","top":"35","right":"0","bottom":"0","left":"0","isLinked":false},"_css_classes":"style-2 widget-blog","limit":3,"column_tablet":"1","column_mobile":"1","_padding_mobile":{"unit":"px","top":"25","right":"0","bottom":"0","left":"0","isLinked":false}},"elements":[],"isInner":false,"widgetType":"tbay-posts-grid","elType":"widget"}],"isInner":false,"elType":"column"},{"id":"346ba425","settings":{"_column_size":66,"_inline_size":74.665000000000006,"_inline_size_tablet":66.670000000000002,"padding_mobile":{"unit":"px","top":"0","right":"0","bottom":"0","left":"0","isLinked":false}},"elements":[{"id":"2c125f4","settings":{"image":{"url":"https:\/\/elementor.thembay.com\/puca_ohio\/wp-content\/uploads\/2018\/04\/h20_banner_06.jpg","id":5201},"image_size":"full","link_to":"custom","link":{"url":"#","is_external":"","nofollow":""},"_padding":{"unit":"px","top":"0","right":"0","bottom":"30","left":"0","isLinked":false},"hide_mobile":"hidden-phone"},"elements":[],"isInner":false,"widgetType":"image","elType":"widget"},{"id":"ba0fd7a","settings":{"heading_title":"FEATURED IN SEASON","layout_type":"carousel","text_button":"show more","_css_classes":"style-2 nav-top","limit":12,"column":"3","col_desktop":"3","col_desktopsmall":"2","col_landscape":"3","rows":"2","pagination":"yes","_margin":{"unit":"px","top":"30","right":"0","bottom":"50","left":"0","isLinked":false},"column_tablet":"2","_margin_mobile":{"unit":"px","top":"0","right":"0","bottom":"0","left":"0","isLinked":false},"_padding_mobile":{"unit":"px","top":"25","right":"0","bottom":"25","left":"0","isLinked":false}},"elements":[],"isInner":false,"widgetType":"tbay-products","elType":"widget"},{"id":"46954297","settings":{"heading_title":"TESTIMONIALS","number":6,"styles":"v2","column":"3","col_desktop":"3","col_desktopsmall":"2","pagination":"yes","_padding":{"unit":"px","top":"60","right":"0","bottom":"0","left":"0","isLinked":false},"_css_classes":"style-2 nav-top","column_tablet":"2","disable_mobile":"","_padding_mobile":{"unit":"px","top":"25","right":"0","bottom":"25","left":"0","isLinked":false},"hide_mobile":"hidden-phone"},"elements":[],"isInner":false,"widgetType":"tbay-testimonials","elType":"widget"}],"isInner":false,"elType":"column"}],"isInner":false,"elType":"section"},{"id":"4a505da7","settings":{"gap":"no","margin":{"unit":"px","top":"","right":0,"bottom":"","left":0,"isLinked":true},"padding":{"unit":"px","top":"60","right":"0","bottom":"30","left":"0","isLinked":false},"margin_mobile":{"unit":"px","top":"0","right":0,"bottom":"0","left":0,"isLinked":false},"padding_mobile":{"unit":"px","top":"25","right":"0","bottom":"25","left":"0","isLinked":false},"hide_mobile":"hidden-phone"},"elements":[{"id":"18b3e50a","settings":{"_column_size":100,"_inline_size":null},"elements":[{"id":"5c4ee6db","settings":{"editor":"<p style=\"text-align: center;\"><i class=\"icons icon-note\"><\/i>How\u2018re we doing?\u00a0<strong><a class=\"color2\" href=\"https:\/\/elementor.thembay.com\/puca_ohio\">Give us a feedback.<\/a><\/strong><br \/>It\u2019s very important to us to improve your experiences, many thanks for your contributions.<\/p>","_margin":{"unit":"px","top":"0","right":"0","bottom":"30","left":"0","isLinked":false},"_css_classes":"feedback"},"elements":[],"isInner":false,"widgetType":"text-editor","elType":"widget"}],"isInner":false,"elType":"column"}],"isInner":false,"elType":"section"},{"id":"a1beee3","settings":{"margin":{"unit":"px","top":"30","right":0,"bottom":"30","left":0,"isLinked":true},"stretch_section":"section-stretched","padding_mobile":{"unit":"px","top":"25","right":"0","bottom":"25","left":"0","isLinked":false}},"elements":[{"id":"226144d4","settings":{"_column_size":100,"_inline_size":null},"elements":[{"id":"3c4ba93f","settings":{"layout_type":"carousel","column":"6","col_desktop":"6","col_desktopsmall":"4","col_landscape":"2","column_mobile":"2","disable_mobile":""},"elements":[],"isInner":false,"widgetType":"tbay-brands","elType":"widget"}],"isInner":false,"elType":"column"}],"isInner":false,"elType":"section"},{"id":"37520f0d","settings":{"gap":"no","margin":{"unit":"px","top":"","right":0,"bottom":"","left":0,"isLinked":true},"padding":{"unit":"px","top":"60","right":"0","bottom":"0","left":"0","isLinked":false},"padding_mobile":{"unit":"px","top":"25","right":"0","bottom":"0","left":"0","isLinked":false}},"elements":[{"id":"1ec07b78","settings":{"_column_size":100,"_inline_size":null},"elements":[{"id":"317e6de8","settings":{"heading_title":"Our Newsletter","heading_subtitle":"Be the first to hear about our latest products & offers. As a welcome gift, we'll email you a 20% OFF discount code.","_margin":{"unit":"px","top":"0","right":"0","bottom":"40","left":"0","isLinked":false},"_margin_mobile":{"unit":"px","top":"0","right":"0","bottom":"25","left":"0","isLinked":false}},"elements":[],"isInner":false,"widgetType":"tbay-newsletter","elType":"widget"},{"id":"52533ad4","settings":{"social_icon_list":[{"social_icon":{"value":"icon- icon-social-facebook","library":"simple-line-icons"},"_id":"751e559","link":{"url":"#","is_external":"true","nofollow":""}},{"social_icon":{"value":"icon- icon-social-twitter","library":"simple-line-icons"},"_id":"70d4cde","link":{"url":"#","is_external":"true","nofollow":""}},{"social_icon":{"value":"icon- icon-social-youtube","library":"simple-line-icons"},"_id":"ac41215","link":{"url":"#","is_external":"true","nofollow":""}},{"social_icon":{"value":"fab fa-instagram","library":"fa-brands"},"link":{"url":"#","is_external":"true","nofollow":""},"_id":"2999a7e"},{"social_icon":{"value":"icon- icon-social-google","library":"simple-line-icons"},"link":{"url":"#","is_external":"true","nofollow":""},"_id":"473c398"}],"styles":"style2"},"elements":[],"isInner":false,"widgetType":"tbay-social-icons","elType":"widget"}],"isInner":false,"elType":"column"}],"isInner":false,"elType":"section"}]}