{"version":"0.4","title":"Template &#8211; Home 5","type":"page","content":[{"id":"6ead9e50","settings":{"stretch_section":"section-stretched","layout":"full_width","structure":"20","padding":{"unit":"px","top":"0","right":"35","bottom":"60","left":"35","isLinked":false},"margin":{"unit":"px","top":"0","right":0,"bottom":"30","left":0,"isLinked":false},"padding_tablet":{"unit":"px","top":"0","right":"0","bottom":"60","left":"0","isLinked":false},"padding_mobile":{"unit":"px","top":"0","right":"0","bottom":"25","left":"0","isLinked":false}},"elements":[{"id":"3549939f","settings":{"_column_size":50,"_inline_size":null,"padding_mobile":{"unit":"px","top":"0","right":"0","bottom":"0","left":"0","isLinked":false}},"elements":[{"id":"6cba9819","settings":{"revslidertitle":"Ohio Home 05","shortcode":"[rev_slider alias=\"ohio-home-05\" slidertitle=\"Ohio Home 05\"][\/rev_slider]"},"elements":[],"isInner":false,"widgetType":"slider_revolution","elType":"widget"}],"isInner":false,"elType":"column"},{"id":"b56feb8","settings":{"_column_size":50,"_inline_size":null,"padding_mobile":{"unit":"px","top":"0","right":"0","bottom":"0","left":"0","isLinked":false}},"elements":[{"id":"7d8b2471","settings":{"image":{"url":"https:\/\/elementor.thembay.com\/puca_ohio\/wp-content\/uploads\/2018\/03\/h5_banner_01.jpg","id":4984},"image_size":"full","link_to":"custom","link":{"url":"#","is_external":"","nofollow":""},"hide_mobile":"hidden-phone"},"elements":[],"isInner":false,"widgetType":"image","elType":"widget"},{"id":"684a0179","settings":{"gap":"no","structure":"20","margin":{"unit":"px","top":"30","right":0,"bottom":"0","left":0,"isLinked":false},"margin_mobile":{"unit":"px","top":"0","right":0,"bottom":"0","left":0,"isLinked":false},"padding_mobile":{"unit":"px","top":"15","right":"0","bottom":"25","left":"0","isLinked":false}},"elements":[{"id":"78a35049","settings":{"_column_size":50,"_inline_size":null,"padding_mobile":{"unit":"px","top":"0","right":"0","bottom":"0","left":"0","isLinked":false}},"elements":[{"id":"e4c255e","settings":{"image":{"url":"https:\/\/elementor.thembay.com\/puca_ohio\/wp-content\/uploads\/2018\/03\/h5_banner_02.jpg","id":4985},"image_size":"full","link_to":"custom","link":{"url":"#","is_external":"","nofollow":""},"_margin":{"unit":"px","top":"0","right":"15","bottom":"0","left":"0","isLinked":false},"_margin_mobile":{"unit":"px","top":"0","right":"0","bottom":"0","left":"0","isLinked":false},"_padding_mobile":{"unit":"px","top":"0","right":"0","bottom":"0","left":"0","isLinked":false}},"elements":[],"isInner":false,"widgetType":"image","elType":"widget"}],"isInner":true,"elType":"column"},{"id":"3f0bdedd","settings":{"_column_size":50,"_inline_size":null,"padding_mobile":{"unit":"px","top":"0","right":"0","bottom":"0","left":"0","isLinked":false}},"elements":[{"id":"1c6e6f49","settings":{"image":{"url":"https:\/\/elementor.thembay.com\/puca_ohio\/wp-content\/uploads\/2018\/03\/h5_banner_03.jpg","id":4986},"image_size":"full","link_to":"custom","link":{"url":"#","is_external":"","nofollow":""},"_margin":{"unit":"px","top":"0","right":"0","bottom":"0","left":"15","isLinked":false},"_margin_mobile":{"unit":"px","top":"0","right":"0","bottom":"0","left":"0","isLinked":false}},"elements":[],"isInner":false,"widgetType":"image","elType":"widget"}],"isInner":true,"elType":"column"}],"isInner":true,"elType":"section"}],"isInner":false,"elType":"column"}],"isInner":false,"elType":"section"},{"id":"6ffd29a9","settings":{"stretch_section":"section-stretched","padding":{"unit":"px","top":"30","right":"0","bottom":"60","left":"0","isLinked":false},"margin_tablet":{"unit":"px","top":"0","right":0,"bottom":"0","left":0,"isLinked":false},"margin_mobile":{"unit":"px","top":"0","right":0,"bottom":"0","left":0,"isLinked":false},"padding_tablet":{"unit":"px","top":"30","right":"0","bottom":"30","left":"0","isLinked":false},"padding_mobile":{"unit":"px","top":"25","right":"0","bottom":"25","left":"0","isLinked":false}},"elements":[{"id":"41772a81","settings":{"_column_size":100,"_inline_size":null,"padding_mobile":{"unit":"px","top":"0","right":"0","bottom":"0","left":"0","isLinked":false}},"elements":[{"id":"1840d2c4","settings":{"heading_title":"Our Products","heading_subtitle":"Donec iaculis ornare purus in pulvinar. Cras metus sem, egestas ac urna vitae.","layout_type":"carousel","categories":["living","lighting","accessories","recommended"],"list_product_tabs":[{"product_tabs_title":"","product_tabs":"featured","_id":"6501323"},{"product_tabs_title":"","product_tabs":"on_sale","_id":"9dcdd43"},{"product_tabs_title":"Top Rated Product","product_tabs":"top_rated","_id":"1ef7cfc"}],"column":"3","col_desktop":"3","col_desktopsmall":"3","pagination":"yes","text_button":"show more"},"elements":[],"isInner":false,"widgetType":"tbay-product-tabs","elType":"widget"}],"isInner":false,"elType":"column"}],"isInner":false,"elType":"section"},{"id":"2c6e32aa","settings":{"gap":"no","margin":{"unit":"px","top":"60","right":0,"bottom":"60","left":0,"isLinked":true},"margin_tablet":{"unit":"px","top":"0","right":0,"bottom":"0","left":0,"isLinked":false},"padding_tablet":{"unit":"px","top":"30","right":"0","bottom":"30","left":"0","isLinked":false},"padding_mobile":{"unit":"px","top":"25","right":"0","bottom":"25","left":"0","isLinked":false}},"elements":[{"id":"3016418f","settings":{"_column_size":100,"_inline_size":null},"elements":[{"id":"5e92ccc5","settings":{"heading_title":"Top Categories","heading_subtitle":"Aenean fringilla eget erat aliquet bibendum. Curabitur ullamcorper semper maga lorem"},"elements":[],"isInner":false,"widgetType":"tbay-heading","elType":"widget"},{"id":"2378ee2","settings":{"text_button":"VIEW ALL","_margin":{"unit":"px","top":"0","right":"0","bottom":"30","left":"0","isLinked":false},"btn_align":"center"},"elements":[],"isInner":false,"widgetType":"tbay-button","elType":"widget"},{"id":"6b2f6971","settings":{"categoriestabs":[{"category":"living","label":"new is coming","images":{"url":"https:\/\/elementor.thembay.com\/puca_ohio\/wp-content\/uploads\/2018\/03\/cate-13.jpg","id":4877},"_id":"5e1084f"},{"category":"bedroom","label":"on sale","images":{"url":"https:\/\/elementor.thembay.com\/puca_ohio\/wp-content\/uploads\/2018\/03\/cate-11.jpg","id":4875},"_id":"e7afbab"},{"category":"dining","label":"hot","images":{"url":"https:\/\/elementor.thembay.com\/puca_ohio\/wp-content\/uploads\/2018\/03\/cate-12.jpg","id":4876},"_id":"15cbb75"},{"category":"office","label":"hot","images":{"url":"https:\/\/elementor.thembay.com\/puca_ohio\/wp-content\/uploads\/2018\/03\/cate-14.jpg","id":4878},"_id":"b79b488"},{"category":"lighting","label":"on sale","images":{"url":"https:\/\/elementor.thembay.com\/puca_ohio\/wp-content\/uploads\/2018\/03\/cate-13.jpg","id":4877},"_id":"42b0dbc"},{"category":"accents","label":"hot","images":{"url":"https:\/\/elementor.thembay.com\/puca_ohio\/wp-content\/uploads\/2018\/03\/cate-12.jpg","id":4876},"_id":"e1a8c82"}],"view_all_text":"view all categories","column":"3","col_desktop":"3","navigation":"","pagination":"yes","show_view_all":"","column_tablet":"2"},"elements":[],"isInner":false,"widgetType":"tbay-furniture-custom-image-list-categories","elType":"widget"}],"isInner":false,"elType":"column"}],"isInner":false,"elType":"section"},{"id":"559e182f","settings":{"gap":"no","padding":{"unit":"px","top":"60","right":"0","bottom":"30","left":"0","isLinked":false},"padding_tablet":{"unit":"px","top":"30","right":"0","bottom":"30","left":"0","isLinked":false},"padding_mobile":{"unit":"px","top":"25","right":"0","bottom":"25","left":"0","isLinked":false}},"elements":[{"id":"105f189b","settings":{"_column_size":100,"_inline_size":null},"elements":[{"id":"50ecf5f6","settings":{"editor":"<p style=\"text-align: center;\"><i class=\"icons icon-note\"><\/i>How\u2018re we doing?\u00a0<strong><a class=\"color2\" href=\"https:\/\/elementor.thembay.com\/puca_ohio\/home-5\/\">Give us a feedback.<\/a><\/strong><br \/>It\u2019s very important to us to improve your experiences, many thanks for your contributions.<\/p>","_margin":{"unit":"px","top":"0","right":"0","bottom":"30","left":"0","isLinked":false}},"elements":[],"isInner":false,"widgetType":"text-editor","elType":"widget"}],"isInner":false,"elType":"column"}],"isInner":false,"elType":"section"},{"id":"328e5451","settings":{"gap":"no","margin":{"unit":"px","top":"","right":0,"bottom":"","left":0,"isLinked":true},"padding":{"unit":"px","top":"30","right":"0","bottom":"30","left":"0","isLinked":false},"padding_tablet":{"unit":"px","top":"30","right":"0","bottom":"30","left":"0","isLinked":false},"padding_mobile":{"unit":"px","top":"25","right":"0","bottom":"25","left":"0","isLinked":false}},"elements":[{"id":"3c51c0a7","settings":{"_column_size":100,"_inline_size":null},"elements":[{"id":"5b7ed0a7","settings":{"layout_type":"carousel","column":"6","col_desktop":"6","col_desktopsmall":"4","col_landscape":"3","pagination":"yes","disable_mobile":"","column_mobile":"3"},"elements":[],"isInner":false,"widgetType":"tbay-brands","elType":"widget"}],"isInner":false,"elType":"column"}],"isInner":false,"elType":"section"},{"id":"76cbeb0d","settings":{"margin":{"unit":"px","top":"60","right":0,"bottom":"60","left":0,"isLinked":true},"margin_tablet":{"unit":"px","top":"0","right":0,"bottom":"0","left":0,"isLinked":false},"padding_tablet":{"unit":"px","top":"30","right":"0","bottom":"30","left":"0","isLinked":false},"padding_mobile":{"unit":"px","top":"25","right":"0","bottom":"25","left":"0","isLinked":false}},"elements":[{"id":"14a3a614","settings":{"_column_size":100,"_inline_size":null,"padding_mobile":{"unit":"px","top":"0","right":"0","bottom":"0","left":"0","isLinked":false}},"elements":[{"id":"77091686","settings":{"heading_title":"Recent News","heading_subtitle":"In dapibus vel ante in auctor. Suspendisse nec nisi vel lorem vulputate elementum.","layout_type":"carousel-v2","thumbnail_size":"thumbnail","column":"3","col_desktop":"3","col_desktopsmall":"2","pagination":"yes","column_tablet":"2","column_mobile":"1","col_landscape":"1","_css_classes":"widget-blog"},"elements":[],"isInner":false,"widgetType":"tbay-posts-grid","elType":"widget"}],"isInner":false,"elType":"column"}],"isInner":false,"elType":"section"},{"id":"5c237582","settings":{"structure":"34","padding":{"unit":"px","top":"60","right":"0","bottom":"15","left":"0","isLinked":false},"padding_tablet":{"unit":"px","top":"30","right":"0","bottom":"0","left":"0","isLinked":false}},"elements":[{"id":"4852df85","settings":{"_column_size":16,"_inline_size":null,"hide_mobile":"hidden-phone"},"elements":[],"isInner":false,"elType":"column"},{"id":"73fc2152","settings":{"_column_size":66,"_inline_size":null,"padding_mobile":{"unit":"px","top":"0","right":"0","bottom":"0","left":"0","isLinked":false}},"elements":[{"id":"68288fe1","settings":{"image":{"url":"https:\/\/elementor.thembay.com\/puca_ohio\/wp-content\/uploads\/2017\/09\/logo.png","id":4753},"image_size":"full","align":"center","link_to":"custom","link":{"url":"#","is_external":"","nofollow":""}},"elements":[],"isInner":false,"widgetType":"image","elType":"widget"},{"id":"6c185ff0","settings":{"editor":"<p>Aenean fringilla eget erat aliquet bibendum. Curabitur ullamcorper semper magna, non facilisis augue sodales vitae.<br \/>Quisque at sodales diam, eu cursus est. Etiam hendrerit metus magna, a pulvinar nibh placerat et.<\/p>","align":"center","text_columns":"1","_margin":{"unit":"px","top":"20","right":"0","bottom":"15","left":"0","isLinked":false}},"elements":[],"isInner":false,"widgetType":"text-editor","elType":"widget"},{"id":"20ddd52f","settings":{"image":{"url":"https:\/\/elementor.thembay.com\/puca_ohio\/wp-content\/uploads\/2017\/09\/payments_1.png","id":4754},"image_size":"full","align":"center"},"elements":[],"isInner":false,"widgetType":"image","elType":"widget"}],"isInner":false,"elType":"column"},{"id":"21e61ba8","settings":{"_column_size":16,"_inline_size":null,"hide_mobile":"hidden-phone"},"elements":[],"isInner":false,"elType":"column"}],"isInner":false,"elType":"section"}]}