{"version":"0.4","title":"Template &#8211; Home 17","type":"page","content":[{"id":"4180ac24","settings":{"stretch_section":"section-stretched","layout":"full_width","structure":"20","margin":{"unit":"px","top":"","right":0,"bottom":"","left":0,"isLinked":true},"css_classes":"tb-full","padding":{"unit":"px","top":"0","right":"0","bottom":"60","left":"0","isLinked":false},"padding_mobile":{"unit":"px","top":"25","right":"0","bottom":"25","left":"0","isLinked":false}},"elements":[{"id":"7cb6c388","settings":{"_column_size":50,"_inline_size":50,"padding_mobile":{"unit":"px","top":"0","right":"0","bottom":"0","left":"0","isLinked":false}},"elements":[{"id":"26ab08ac","settings":{"revslidertitle":"Ohio Home 17","shortcode":"[rev_slider alias=\"ohio-home-17\"][\/rev_slider]"},"elements":[],"isInner":false,"widgetType":"slider_revolution","elType":"widget"}],"isInner":false,"elType":"column"},{"id":"76adc622","settings":{"_column_size":50,"_inline_size":50,"hide_mobile":"hidden-phone"},"elements":[{"id":"61df8e3","settings":{"image":{"url":"https:\/\/elementor.thembay.com\/puca_ohio\/wp-content\/uploads\/2018\/04\/h17_banner_01.jpg","id":5166},"image_size":"full","link_to":"custom","link":{"url":"#","is_external":"","nofollow":""}},"elements":[],"isInner":false,"widgetType":"image","elType":"widget"},{"id":"45423407","settings":{"gap":"no","structure":"20","margin":{"unit":"px","top":"","right":0,"bottom":"","left":0,"isLinked":true}},"elements":[{"id":"2df2bdef","settings":{"_column_size":50,"_inline_size":null},"elements":[{"id":"14b76953","settings":{"image":{"url":"https:\/\/elementor.thembay.com\/puca_ohio\/wp-content\/uploads\/2018\/04\/h17_banner_02.jpg","id":5167},"image_size":"full","link_to":"custom","link":{"url":"#","is_external":"","nofollow":""}},"elements":[],"isInner":false,"widgetType":"image","elType":"widget"}],"isInner":true,"elType":"column"},{"id":"78c15f32","settings":{"_column_size":50,"_inline_size":null},"elements":[{"id":"1193c1c4","settings":{"image":{"url":"https:\/\/elementor.thembay.com\/puca_ohio\/wp-content\/uploads\/2018\/04\/h17_banner_03.jpg","id":5168},"image_size":"full","link_to":"custom","link":{"url":"#","is_external":"","nofollow":""}},"elements":[],"isInner":false,"widgetType":"image","elType":"widget"}],"isInner":true,"elType":"column"}],"isInner":true,"elType":"section"}],"isInner":false,"elType":"column"}],"isInner":false,"elType":"section"},{"id":"71bee4ef","settings":{"padding":{"unit":"px","top":"60","right":"0","bottom":"60","left":"0","isLinked":false},"stretch_section":"section-stretched","background_background":"classic","background_image":{"url":"https:\/\/elementor.thembay.com\/puca_ohio\/wp-content\/uploads\/2018\/04\/h17_bg.jpg","id":5171},"background_position":"initial","background_xpos":{"unit":"%","size":100,"sizes":[]},"background_ypos":{"unit":"px","size":150,"sizes":[]},"background_repeat":"no-repeat","css_classes":"tb-full","padding_mobile":{"unit":"px","top":"25","right":"0","bottom":"25","left":"0","isLinked":false}},"elements":[{"id":"a4f1842","settings":{"_column_size":100,"_inline_size":null,"padding_mobile":{"unit":"px","top":"0","right":"0","bottom":"0","left":"0","isLinked":false}},"elements":[{"id":"3a4a3600","settings":{"heading_title":"About Ohio Furniture","heading_subtitle":"\u201cAenean fringilla eget erat aliquet bibendum. Curabitur ullamcorper semper magna, non facilisis augue sodales vitae. Quisque at sodales diam, eu cursus est. Etiam hendrerit metus magna, a pulvinar nibh placa\u201d"},"elements":[],"isInner":false,"widgetType":"tbay-heading","elType":"widget"},{"id":"3384294e","settings":{"image":{"url":"https:\/\/elementor.thembay.com\/puca_ohio\/wp-content\/uploads\/2018\/03\/signatuture.png","id":4975},"image_size":"full","_margin":{"unit":"px","top":"0","right":"0","bottom":"75","left":"0","isLinked":false},"hide_mobile":"hidden-phone"},"elements":[],"isInner":false,"widgetType":"image","elType":"widget"},{"id":"580054ba","settings":{"number":5,"column":"5","col_desktop":"5","col_desktopsmall":"5","col_landscape":"2","_margin":{"unit":"px","top":"0","right":"0","bottom":"40","left":"0","isLinked":false},"_padding":{"unit":"px","top":"30","right":"0","bottom":"30","left":"0","isLinked":false}},"elements":[],"isInner":false,"widgetType":"tbay-brands","elType":"widget"},{"id":"ffdafa4","settings":{"heading_title":"Our Products","heading_subtitle":"Donec iaculis ornare purus in pulvinar. Cras metus sem, egestas ac urna vitae.","categories":["living","lighting","accessories","recommended"],"list_product_tabs":[{"product_tabs_title":"BestSeller Products","product_tabs":"best_selling","_id":"9dcdd43"},{"product_tabs_title":"Latest Products","product_tabs":"random_product","_id":"6501323"},{"product_tabs_title":"","product_tabs":"featured","_id":"1ef7cfc"}],"column":"3","col_desktop":"3","col_desktopsmall":"3","pagination":"yes","text_button":"show more","show_more":"yes","column_tablet":"2","col_landscape":"3"},"elements":[],"isInner":false,"widgetType":"tbay-product-tabs","elType":"widget"}],"isInner":false,"elType":"column"}],"isInner":false,"elType":"section"},{"id":"7656ed34","settings":{"margin":{"unit":"px","top":"","right":0,"bottom":"","left":0,"isLinked":true},"padding":{"unit":"px","top":"60","right":"0","bottom":"60","left":"0","isLinked":false},"padding_mobile":{"unit":"px","top":"25","right":"0","bottom":"25","left":"0","isLinked":false}},"elements":[{"id":"28b572c","settings":{"_column_size":100,"_inline_size":null,"padding":{"unit":"px","top":"0","right":"0","bottom":"0","left":"0","isLinked":false}},"elements":[{"id":"4f379b7a","settings":{"heading_title":"Recent News","heading_subtitle":"In dapibus vel ante in auctor. Suspendisse nec nisi vel lorem vulputate elementum.","layout_type":"carousel-v2","thumbnail_size":"thumbnail","column":"3","col_desktop":"3","col_desktopsmall":"3","pagination":"yes","column_tablet":"2","column_mobile":"1","col_landscape":"1","_css_classes":"widget-blog"},"elements":[],"isInner":false,"widgetType":"tbay-posts-grid","elType":"widget"}],"isInner":false,"elType":"column"}],"isInner":false,"elType":"section"},{"id":"2fc4158c","settings":{"gap":"no","margin":{"unit":"px","top":"60","right":0,"bottom":"90","left":0,"isLinked":false},"margin_mobile":{"unit":"px","top":"0","right":0,"bottom":"0","left":0,"isLinked":false},"padding_mobile":{"unit":"px","top":"25","right":"0","bottom":"0","left":"0","isLinked":false}},"elements":[{"id":"568f24da","settings":{"_column_size":100,"_inline_size":null},"elements":[{"id":"56982c3d","settings":{"editor":"<p style=\"text-align: center;\"><i class=\"icons icon-note\"><\/i>How\u2018re we doing?\u00a0<strong><a class=\"color2\" href=\"https:\/\/elementor.thembay.com\/puca_ohio\/\">Give us a feedback.<\/a><\/strong><br \/>It\u2019s very important to us to improve your experiences, many thanks for your contributions.<\/p>","_margin":{"unit":"px","top":"0","right":"0","bottom":"30","left":"0","isLinked":false}},"elements":[],"isInner":false,"widgetType":"text-editor","elType":"widget"}],"isInner":false,"elType":"column"}],"isInner":false,"elType":"section"}]}