{"version":"0.4","title":"Template &#8211; Home 3","type":"page","content":[{"id":"257f4fa2","settings":{"stretch_section":"section-stretched","structure":"21","margin_mobile":{"unit":"px","top":"0","right":0,"bottom":"0","left":0,"isLinked":false}},"elements":[{"id":"1ed91cde","settings":{"_column_size":33,"_inline_size":16.670000000000002,"css_classes":"hide-small-desktop"},"elements":[{"id":"56b803dd","settings":{"heading_title_tag":"h2","heading_subtitle":"All Departments","heading_title":"All Departments","_css_classes":"tbay-vertical-menu","_margin":{"unit":"px","top":"0","right":"0","bottom":"30","left":"0","isLinked":false}},"elements":[],"isInner":false,"widgetType":"tbay-nav-menu","elType":"widget"}],"isInner":false,"elType":"column"},{"id":"2536ee0f","settings":{"_column_size":66,"_inline_size":82.995999999999995,"margin":{"unit":"px","top":"0","right":"0","bottom":"30","left":"0","isLinked":false},"css_classes":"home3-slider","margin_mobile":{"unit":"px","top":"0","right":"0","bottom":"0","left":"0","isLinked":false},"padding_mobile":{"unit":"px","top":"0","right":"0","bottom":"0","left":"0","isLinked":false}},"elements":[{"id":"15e71107","settings":{"revslidertitle":"Smarket Home3","shortcode":"[rev_slider alias=\"smarket-home3\" slidertitle=\"Smarket Home3\"][\/rev_slider]"},"elements":[],"isInner":false,"widgetType":"slider_revolution","elType":"widget"}],"isInner":false,"elType":"column"}],"isInner":false,"elType":"section"},{"id":"69066c0","settings":{"stretch_section":"section-stretched","structure":"30","margin":{"unit":"px","top":"","right":0,"bottom":"","left":0,"isLinked":true},"padding":{"unit":"px","top":"0","right":"0","bottom":"63","left":"0","isLinked":false},"padding_mobile":{"unit":"px","top":"0","right":"0","bottom":"0","left":"0","isLinked":false}},"elements":[{"id":"70405f22","settings":{"_column_size":33,"_inline_size":null,"padding_mobile":{"unit":"px","top":"0","right":"0","bottom":"0","left":"0","isLinked":false}},"elements":[{"id":"9ddc446","settings":{"image":{"url":"https:\/\/elementor.thembay.com\/puca_smarket\/wp-content\/uploads\/2018\/01\/banner_home1_02.png","id":3939},"image_size":"full","link_to":"custom","link":{"url":"#","is_external":"","nofollow":"","custom_attributes":""}},"elements":[],"isInner":false,"widgetType":"image","elType":"widget"}],"isInner":false,"elType":"column"},{"id":"7c7bc8b7","settings":{"_column_size":33,"_inline_size":null,"padding_mobile":{"unit":"px","top":"0","right":"0","bottom":"0","left":"0","isLinked":false}},"elements":[{"id":"5a910366","settings":{"image":{"url":"https:\/\/elementor.thembay.com\/puca_smarket\/wp-content\/uploads\/2018\/01\/banner_home3_02.png","id":4051},"image_size":"full","link_to":"custom","link":{"url":"#","is_external":"","nofollow":"","custom_attributes":""}},"elements":[],"isInner":false,"widgetType":"image","elType":"widget"}],"isInner":false,"elType":"column"},{"id":"45a62d65","settings":{"_column_size":33,"_inline_size":null,"padding_mobile":{"unit":"px","top":"0","right":"0","bottom":"0","left":"0","isLinked":false}},"elements":[{"id":"537eb2ab","settings":{"image":{"url":"https:\/\/elementor.thembay.com\/puca_smarket\/wp-content\/uploads\/2018\/01\/banner_home3_03.png","id":4052},"image_size":"full","link_to":"custom","link":{"url":"#","is_external":"","nofollow":"","custom_attributes":""}},"elements":[],"isInner":false,"widgetType":"image","elType":"widget"}],"isInner":false,"elType":"column"}],"isInner":false,"elType":"section"},{"id":"2c7cfba0","settings":{"stretch_section":"section-stretched","padding_mobile":{"unit":"px","top":"0","right":"0","bottom":"0","left":"0","isLinked":false}},"elements":[{"id":"38b2dbc3","settings":{"_column_size":100,"_inline_size":null,"padding_mobile":{"unit":"px","top":"0","right":"0","bottom":"0","left":"0","isLinked":false}},"elements":[{"id":"17830243","settings":{"heading_title":"Today Flash Sales","products":["76","385","2261","2307","2359"],"column":"3","col_desktop":"3","col_desktopsmall":"2","column_tablet":"2","col_landscape":"3","layout_type":"inner-countdown-v2","pagination":"yes","_css_classes":"products"},"elements":[],"isInner":false,"widgetType":"tbay-product-count-down","elType":"widget"}],"isInner":false,"elType":"column"}],"isInner":false,"elType":"section"},{"id":"414aeaa9","settings":{"stretch_section":"section-stretched","padding_mobile":{"unit":"px","top":"0","right":"0","bottom":"0","left":"0","isLinked":false}},"elements":[{"id":"6edf445a","settings":{"_column_size":100,"_inline_size":null,"padding_mobile":{"unit":"px","top":"0","right":"0","bottom":"0","left":"0","isLinked":false}},"elements":[{"id":"158a71d8","settings":{"space":{"unit":"px","size":60,"sizes":[]},"hide_mobile":"hidden-phone"},"elements":[],"isInner":false,"widgetType":"spacer","elType":"widget"},{"id":"53c96170","settings":{"number":20,"layout_type":"carousel","column":"7","col_desktop":"7","col_desktopsmall":"4","rows":"1","_margin":{"unit":"px","top":"0","right":"0","bottom":"40","left":"0","isLinked":false},"column_tablet":"3","column_mobile":"2","disable_mobile":"","_margin_mobile":{"unit":"px","top":"0","right":"0","bottom":"0","left":"0","isLinked":false},"navigation":"","_padding_mobile":{"unit":"px","top":"0","right":"0","bottom":"0","left":"0","isLinked":false}},"elements":[],"isInner":false,"widgetType":"tbay-brands","elType":"widget"}],"isInner":false,"elType":"column"}],"isInner":false,"elType":"section"},{"id":"5440acb6","settings":{"stretch_section":"section-stretched","padding_mobile":{"unit":"px","top":"0","right":"0","bottom":"0","left":"0","isLinked":false}},"elements":[{"id":"15bc446a","settings":{"_column_size":100,"_inline_size":null,"padding_mobile":{"unit":"px","top":"0","right":"0","bottom":"0","left":"0","isLinked":false}},"elements":[{"id":"3c0ce21a","settings":{"heading_title":"Best Selling","layout_type":"carousel","tab_title_center":"yes","categories":[{"category":"electronics-computer","banner_img":{"url":"https:\/\/elementor.thembay.com\/puca_smarket\/wp-content\/uploads\/2018\/01\/banner_home3_04.png","id":4062},"banner_link":{"url":"#","is_external":"","nofollow":"","custom_attributes":""},"banner_align":"","_id":"db60954"},{"category":"fashion-jewellery","banner_img":{"url":"https:\/\/elementor.thembay.com\/puca_smarket\/wp-content\/uploads\/2018\/01\/banner_home3_05.png","id":4063},"banner_link":{"url":"#","is_external":"","nofollow":"","custom_attributes":""},"banner_align":"","_id":"439bb4b"},{"category":"food-meats","banner_img":{"url":"https:\/\/elementor.thembay.com\/puca_smarket\/wp-content\/uploads\/2018\/01\/banner_home3_04.png","id":4062},"banner_link":{"url":"#","is_external":"","nofollow":"","custom_attributes":""},"banner_align":"right","_id":"e7617af"},{"category":"labor-products","banner_img":{"url":"https:\/\/elementor.thembay.com\/puca_smarket\/wp-content\/uploads\/2018\/01\/banner_home3_05.png","id":4063},"banner_link":{"url":"#","is_external":"","nofollow":"","custom_attributes":""},"banner_align":"","_id":"2fb1d11"}],"show_view_all":"","view_all_text":"View All","column":"5","col_desktopsmall":"3","col_landscape":"3","pagination":"yes","_css_classes":"tb_supermarket_products","column_tablet":"2"},"elements":[],"isInner":false,"widgetType":"tbay-supermaket-categories-tabs","elType":"widget"}],"isInner":false,"elType":"column"}],"isInner":false,"elType":"section"},{"id":"50d016c3","settings":{"stretch_section":"section-stretched","padding_mobile":{"unit":"px","top":"0","right":"0","bottom":"0","left":"0","isLinked":false}},"elements":[{"id":"43b54f07","settings":{"_column_size":100,"_inline_size":null,"padding_mobile":{"unit":"px","top":"0","right":"0","bottom":"0","left":"0","isLinked":false}},"elements":[{"id":"15f295f","settings":{"heading_title":"Featured Products","layout_type":"carousel","categories":["electronics-computer","fashion-jewellery","books-newspapers","sports-outdoors"],"product_type":"random_product","banner_align":"right","banner_img":{"url":"https:\/\/elementor.thembay.com\/puca_smarket\/wp-content\/uploads\/2018\/01\/banner_home3_05.png","id":4063},"banner_link":{"url":"#","is_external":"","nofollow":"","custom_attributes":""},"show_more":"","text_button":"show more","column":"5","col_desktop":"5","col_desktopsmall":"3","col_landscape":"3","pagination":"yes","_css_classes":"tb_supermarket_products","column_tablet":"2"},"elements":[],"isInner":false,"widgetType":"tbay-supermaket-products","elType":"widget"}],"isInner":false,"elType":"column"}],"isInner":false,"elType":"section"},{"id":"63f4a6b3","settings":{"stretch_section":"section-stretched","structure":"50","margin":{"unit":"px","top":"","right":0,"bottom":"","left":0,"isLinked":true},"padding":{"unit":"px","top":"100","right":"0","bottom":"20","left":"0","isLinked":false},"padding_mobile":{"unit":"px","top":"0","right":"0","bottom":"0","left":"0","isLinked":false},"hide_mobile":"hidden-phone"},"elements":[{"id":"20c98cfc","settings":{"_column_size":20,"_inline_size":16.667000000000002,"_inline_size_mobile":50,"padding_mobile":{"unit":"px","top":"0","right":"8","bottom":"0","left":"0","isLinked":false}},"elements":[{"id":"6b602a8a","settings":{"image":{"url":"https:\/\/elementor.thembay.com\/puca_smarket\/wp-content\/uploads\/2018\/01\/banner_home2_01.png","id":4033},"image_size":"full","link_to":"custom","link":{"url":"#","is_external":"","nofollow":"","custom_attributes":""}},"elements":[],"isInner":false,"widgetType":"image","elType":"widget"}],"isInner":false,"elType":"column"},{"id":"5e99e5d4","settings":{"_column_size":20,"_inline_size":16.667000000000002,"_inline_size_mobile":50,"padding_mobile":{"unit":"px","top":"0","right":"0","bottom":"0","left":"8","isLinked":false}},"elements":[{"id":"149c529d","settings":{"image":{"url":"https:\/\/elementor.thembay.com\/puca_smarket\/wp-content\/uploads\/2018\/01\/banner_home2_02.png","id":4034},"image_size":"full","link_to":"custom","link":{"url":"#","is_external":"","nofollow":"","custom_attributes":""}},"elements":[],"isInner":false,"widgetType":"image","elType":"widget"}],"isInner":false,"elType":"column"},{"id":"171aa3b8","settings":{"_column_size":20,"_inline_size":33.271999999999998,"padding_mobile":{"unit":"px","top":"0","right":"0","bottom":"0","left":"0","isLinked":false}},"elements":[{"id":"70cb5cd6","settings":{"image":{"url":"https:\/\/elementor.thembay.com\/puca_smarket\/wp-content\/uploads\/2018\/01\/banner_home1_01.png","id":3938},"image_size":"full","link_to":"custom","link":{"url":"#","is_external":"","nofollow":"","custom_attributes":""}},"elements":[],"isInner":false,"widgetType":"image","elType":"widget"}],"isInner":false,"elType":"column"},{"id":"4b862c91","settings":{"_column_size":20,"_inline_size":16.666,"_inline_size_mobile":50,"padding_mobile":{"unit":"px","top":"0","right":"8","bottom":"0","left":"0","isLinked":false}},"elements":[{"id":"69835fd8","settings":{"image":{"url":"https:\/\/elementor.thembay.com\/puca_smarket\/wp-content\/uploads\/2018\/01\/banner_home2_04.png","id":4035},"image_size":"full","link_to":"custom","link":{"url":"#","is_external":"","nofollow":"","custom_attributes":""}},"elements":[],"isInner":false,"widgetType":"image","elType":"widget"}],"isInner":false,"elType":"column"},{"id":"24809446","settings":{"_column_size":20,"_inline_size":16.715,"_inline_size_mobile":50,"padding_mobile":{"unit":"px","top":"0","right":"0","bottom":"0","left":"8","isLinked":false}},"elements":[{"id":"258859c8","settings":{"image":{"url":"https:\/\/elementor.thembay.com\/puca_smarket\/wp-content\/uploads\/2018\/01\/banner_home2_05.png","id":4036},"image_size":"full","link_to":"custom","link":{"url":"#","is_external":"","nofollow":"","custom_attributes":""}},"elements":[],"isInner":false,"widgetType":"image","elType":"widget"}],"isInner":false,"elType":"column"}],"isInner":false,"elType":"section"},{"id":"36b3af9b","settings":{"css_classes":"center feedback","hide_mobile":"hidden-phone","stretch_section":"section-stretched"},"elements":[{"id":"617ac8b4","settings":{"_column_size":100,"_inline_size":null,"padding_mobile":{"unit":"px","top":"0","right":"0","bottom":"0","left":"0","isLinked":false}},"elements":[{"id":"3a1b33de","settings":{"editor":"<p>How\u2018re we doing?\u00a0<a href=\"https:\/\/elementor.thembay.com\/puca\">Give us a feedback.<\/a><br \/>It\u2019s very important to us to improve your experiences, many thanks for your contributions.<\/p>","align":"center","_margin":{"unit":"px","top":"0","right":"0","bottom":"20","left":"0","isLinked":false},"_padding":{"unit":"px","top":"55","right":"0","bottom":"33","left":"0","isLinked":false}},"elements":[],"isInner":false,"widgetType":"text-editor","elType":"widget"}],"isInner":false,"elType":"column"}],"isInner":false,"elType":"section"},{"id":"391e2cfd","settings":{"stretch_section":"section-stretched","padding_mobile":{"unit":"px","top":"0","right":"0","bottom":"0","left":"0","isLinked":false}},"elements":[{"id":"2d9dc274","settings":{"_column_size":100,"_inline_size":null,"padding_mobile":{"unit":"px","top":"0","right":"0","bottom":"0","left":"0","isLinked":false}},"elements":[{"id":"385b2c1e","settings":{"heading_title":"Recent News","layout_type":"carousel-vertical-v2","column":"3","col_desktop":"3","col_desktopsmall":"2","column_tablet":"2","column_mobile":"1","col_landscape":"2","_margin":{"unit":"px","top":"0","right":"0","bottom":"40","left":"0","isLinked":false},"_margin_mobile":{"unit":"px","top":"0","right":"0","bottom":"0","left":"0","isLinked":false},"pagination":"yes","thumbnail_size":"full"},"elements":[],"isInner":false,"widgetType":"tbay-posts-grid","elType":"widget"},{"id":"4ee947dd","settings":{"hide_mobile":"hidden-phone"},"elements":[],"isInner":false,"widgetType":"spacer","elType":"widget"}],"isInner":false,"elType":"column"}],"isInner":false,"elType":"section"}]}