{"version":"0.4","title":"Template &#8211; Home 1","type":"page","content":[{"id":"541efe63","settings":{"structure":"34","stretch_section":"section-stretched","margin":{"unit":"px","top":"0","right":0,"bottom":"30","left":0,"isLinked":false}},"elements":[{"id":"3556fc87","settings":{"_column_size":16,"_inline_size":null,"css_classes":"hide-small-desktop"},"elements":[{"id":"38444609","settings":{"heading_title_tag":"h2","heading_subtitle":"All Departments","heading_title":"All Departments","_css_classes":"tbay-vertical-menu","_margin":{"unit":"px","top":"0","right":"0","bottom":"30","left":"0","isLinked":false},"layout":"vertical"},"elements":[],"isInner":false,"widgetType":"tbay-nav-menu","elType":"widget"},{"id":"421df2ba","settings":{"features":[{"feature_title":"We\u2019re Safe & Ship Faster","feature_desc":"Lorem ipsum dolor sit amet.","feature_type":"icon","selected_icon":{"value":"fas fa-truck","library":"fa-solid"},"type_image":{"url":"","id":""},"feature_margin_icon":{"unit":"px","top":"","right":"","bottom":"","left":"","isLinked":true},"feature_margin_icon_tablet":{"unit":"px","top":"","right":"","bottom":"","left":"","isLinked":true},"feature_margin_icon_mobile":{"unit":"px","top":"","right":"","bottom":"","left":"","isLinked":true},"_id":"81690cc"},{"feature_title":"We Save Your More","feature_desc":"Lorem ipsum dolor sit amet.","feature_type":"icon","selected_icon":{"value":"far fa-money-bill-alt","library":"fa-regular"},"type_image":{"url":"","id":""},"feature_margin_icon":{"unit":"px","top":"","right":"","bottom":"","left":"","isLinked":true},"feature_margin_icon_tablet":{"unit":"px","top":"","right":"","bottom":"","left":"","isLinked":true},"feature_margin_icon_mobile":{"unit":"px","top":"","right":"","bottom":"","left":"","isLinked":true},"_id":"e04b497"},{"feature_title":"Daily Discount Coupons","feature_desc":"Lorem ipsum dolor sit amet.","feature_type":"icon","selected_icon":{"value":"fas fa-handshake","library":"fa-solid"},"type_image":{"url":"","id":""},"feature_margin_icon":{"unit":"px","top":"","right":"","bottom":"","left":"","isLinked":true},"feature_margin_icon_tablet":{"unit":"px","top":"","right":"","bottom":"","left":"","isLinked":true},"feature_margin_icon_mobile":{"unit":"px","top":"","right":"","bottom":"","left":"","isLinked":true},"_id":"d93be56"}],"_margin":{"unit":"px","top":"0","right":"0","bottom":"40","left":"0","isLinked":false}},"elements":[],"isInner":false,"widgetType":"tbay-features","elType":"widget"},{"id":"6c00a5de","settings":{"heading_title":"Hot Tags"},"elements":[],"isInner":false,"widgetType":"tbay-woocommerce-tags","elType":"widget"}],"isInner":false,"elType":"column"},{"id":"19a2b77","settings":{"_column_size":66,"_inline_size":null,"_inline_size_tablet":100,"css_classes":"home1-slider","padding_mobile":{"unit":"px","top":"0","right":"0","bottom":"0","left":"0","isLinked":false}},"elements":[{"id":"4515c139","settings":{"revslidertitle":"Smarket Home1","shortcode":"[rev_slider alias=\"smarket-home1\" slidertitle=\"Smarket Home1\"][\/rev_slider]"},"elements":[],"isInner":false,"widgetType":"slider_revolution","elType":"widget"},{"id":"7c6751e9","settings":{"heading_title":"Top Brand","number":20,"layout_type":"carousel","column":"7","col_desktop":"7","col_desktopsmall":"5","rows":"2","_margin":{"unit":"px","top":"28","right":"0","bottom":"40","left":"0","isLinked":false},"column_tablet":"4","column_mobile":"3","disable_mobile":"","_margin_mobile":{"unit":"px","top":"0","right":"0","bottom":"0","left":"0","isLinked":false}},"elements":[],"isInner":false,"widgetType":"tbay-brands","elType":"widget"},{"id":"cbddef4","settings":{"gap":"no","structure":"20","margin_tablet":{"unit":"px","top":"0","right":0,"bottom":"30","left":0,"isLinked":false},"margin_mobile":{"unit":"px","top":"0","right":0,"bottom":"0","left":0,"isLinked":false}},"elements":[{"id":"4742f51","settings":{"_column_size":50,"_inline_size":null,"padding":{"unit":"px","top":"0","right":"15","bottom":"0","left":"0","isLinked":false},"padding_mobile":{"unit":"px","top":"0","right":"0","bottom":"0","left":"0","isLinked":false}},"elements":[{"id":"65c48fec","settings":{"image":{"url":"https:\/\/elementor.thembay.com\/puca_smarket\/wp-content\/uploads\/2018\/01\/banner_home1_01.png","id":3938},"image_size":"full","link_to":"custom","link":{"url":"#","is_external":"","nofollow":""}},"elements":[],"isInner":false,"widgetType":"image","elType":"widget"}],"isInner":true,"elType":"column"},{"id":"1008427a","settings":{"_column_size":50,"_inline_size":null,"padding":{"unit":"px","top":"0","right":"0","bottom":"0","left":"15","isLinked":false},"padding_mobile":{"unit":"px","top":"0","right":"0","bottom":"0","left":"0","isLinked":false}},"elements":[{"id":"2da3a8c5","settings":{"image":{"url":"https:\/\/elementor.thembay.com\/puca_smarket\/wp-content\/uploads\/2018\/01\/banner_home1_02.png","id":3939},"image_size":"full","link_to":"custom","link":{"url":"#","is_external":"","nofollow":""}},"elements":[],"isInner":false,"widgetType":"image","elType":"widget"}],"isInner":true,"elType":"column"}],"isInner":true,"elType":"section"}],"isInner":false,"elType":"column"},{"id":"2a301a5e","settings":{"_column_size":16,"_inline_size":null,"_inline_size_tablet":100,"css_classes":"home1-countdown","margin_mobile":{"unit":"px","top":"0","right":"0","bottom":"0","left":"0","isLinked":true},"padding_mobile":{"unit":"px","top":"0","right":"0","bottom":"0","left":"0","isLinked":false}},"elements":[{"id":"57d85f75","settings":{"heading_title":"Flash Sale","layout_type":"inner-countdown","products":["385","2261","2307","2359"],"column":"1","col_desktop":"1","col_desktopsmall":"1","col_landscape":"1","column_tablet":"3","_margin_mobile":{"unit":"px","top":"0","right":"0","bottom":"0","left":"0","isLinked":false},"_padding_mobile":{"unit":"px","top":"0","right":"0","bottom":"0","left":"0","isLinked":false}},"elements":[],"isInner":false,"widgetType":"tbay-product-count-down","elType":"widget"},{"id":"6da12cee","settings":{"image":{"url":"https:\/\/elementor.thembay.com\/puca_smarket\/wp-content\/uploads\/2018\/01\/banner_home1_03.png","id":3940},"image_size":"full","link_to":"custom","link":{"url":"#","is_external":"","nofollow":""},"hide_tablet":"hidden-tablet","hide_mobile":"hidden-phone"},"elements":[],"isInner":false,"widgetType":"image","elType":"widget"}],"isInner":false,"elType":"column"}],"isInner":false,"elType":"section"},{"id":"7bf646ad","settings":{"stretch_section":"section-stretched"},"elements":[{"id":"7dd89011","settings":{"_column_size":100,"_inline_size":null,"padding_mobile":{"unit":"px","top":"0","right":"0","bottom":"0","left":"0","isLinked":false}},"elements":[{"id":"742a5b2f","settings":{"heading_title":"Recommended","limit":12,"layout_type":"carousel-special","categories":["electronics-computer","fashion-jewellery","baby-care"],"product_type":"random_product","show_more":"","text_button":"show more","column":"6","col_desktopsmall":"3","col_landscape":"3","navigation":"","pagination":"yes","column_tablet":"2"},"elements":[],"isInner":false,"widgetType":"tbay-products","elType":"widget"}],"isInner":false,"elType":"column"}],"isInner":false,"elType":"section"},{"id":"5663a267","settings":{"stretch_section":"section-stretched"},"elements":[{"id":"44f27a35","settings":{"_column_size":100,"_inline_size":null,"padding_mobile":{"unit":"px","top":"0","right":"0","bottom":"0","left":"0","isLinked":false}},"elements":[{"id":"141d6f9c","settings":{"heading_title":"Featured Products","limit":12,"product_type":"random_product","categories":[{"category":"electronics-computer","category_type":"icon","category_icon":{"value":"","library":""},"category_image":{"url":"","id":""},"thumbnail_size":"full","thumbnail_custom_dimension":{"width":"","height":""},"_id":"167023d"},{"category":"fashion-jewellery","category_type":"icon","category_icon":{"value":"","library":""},"category_image":{"url":"","id":""},"thumbnail_size":"full","thumbnail_custom_dimension":{"width":"","height":""},"_id":"4f59637"},{"category":"home-garden","category_type":"icon","category_icon":{"value":"","library":""},"category_image":{"url":"","id":""},"thumbnail_size":"full","thumbnail_custom_dimension":{"width":"","height":""},"_id":"a42dd5f"}],"show_view_all":"yes","view_all_text":"View All","column":"6","col_desktop":"6","col_desktopsmall":"4","col_landscape":"3"},"elements":[],"isInner":false,"widgetType":"tbay-product-categories-tabs","elType":"widget"}],"isInner":false,"elType":"column"}],"isInner":false,"elType":"section"},{"id":"650fdb27","settings":{"stretch_section":"section-stretched","padding":{"unit":"px","top":"100","right":"0","bottom":"20","left":"0","isLinked":false},"padding_mobile":{"unit":"px","top":"30","right":"0","bottom":"0","left":"0","isLinked":false}},"elements":[{"id":"7ffd58db","settings":{"_column_size":100,"_inline_size":null,"padding_mobile":{"unit":"px","top":"0","right":"0","bottom":"0","left":"0","isLinked":false}},"elements":[{"id":"c1d4341","settings":{"image":{"url":"https:\/\/elementor.thembay.com\/puca_smarket\/wp-content\/uploads\/2018\/08\/banner-sign-up.png","id":4317},"image_size":"full","link_to":"custom","link":{"url":"#","is_external":"","nofollow":"","custom_attributes":""}},"elements":[],"isInner":false,"widgetType":"image","elType":"widget"}],"isInner":false,"elType":"column"}],"isInner":false,"elType":"section"},{"id":"13df56c0","settings":{"stretch_section":"section-stretched"},"elements":[{"id":"3429ef5c","settings":{"_column_size":100,"_inline_size":null,"padding_mobile":{"unit":"px","top":"0","right":"0","bottom":"0","left":"0","isLinked":false}},"elements":[{"id":"20849aff","settings":{"heading_title":"Recent News","thumbnail_size":"thumbnail","column":"6","col_desktop":"6","col_desktopsmall":"3","col_landscape":"3","navigation":"","pagination":"yes","column_tablet":"2"},"elements":[],"isInner":false,"widgetType":"tbay-posts-grid","elType":"widget"}],"isInner":false,"elType":"column"}],"isInner":false,"elType":"section"},{"id":"176be592","settings":{"css_classes":"feedback","hide_mobile":"hidden-phone"},"elements":[{"id":"1142f5ca","settings":{"_column_size":100,"_inline_size":null,"padding_mobile":{"unit":"px","top":"0","right":"0","bottom":"0","left":"0","isLinked":false}},"elements":[{"id":"5bcf890c","settings":{"editor":"<p>How\u2018re we doing?\u00a0<a href=\"https:\/\/demo.thembay.com\/puca_smarket\/#\">Give us a feedback.<\/a><br \/>It\u2019s very important to us to improve your experiences, many thanks for your contributions.<\/p>","align":"center","_margin":{"unit":"px","top":"0","right":"0","bottom":"20","left":"0","isLinked":false},"_padding":{"unit":"px","top":"55","right":"0","bottom":"33","left":"0","isLinked":false}},"elements":[],"isInner":false,"widgetType":"text-editor","elType":"widget"}],"isInner":false,"elType":"column"}],"isInner":false,"elType":"section"}]}