{"version":"0.4","title":"Template &#8211; Home 2","type":"page","content":[{"id":"46d2193c","settings":{"stretch_section":"section-stretched","margin":{"unit":"px","top":"","right":0,"bottom":"","left":0,"isLinked":true}},"elements":[{"id":"1751bb91","settings":{"_column_size":100,"_inline_size":null,"padding_mobile":{"unit":"px","top":"0","right":"0","bottom":"0","left":"0","isLinked":false}},"elements":[{"id":"2278cbf4","settings":{"revslidertitle":"Smarket Home2","shortcode":"[rev_slider alias=\"smarket-home2\" slidertitle=\"Smarket Home2\"][\/rev_slider]"},"elements":[],"isInner":false,"widgetType":"slider_revolution","elType":"widget"}],"isInner":false,"elType":"column"}],"isInner":false,"elType":"section"},{"id":"687c019","settings":{"stretch_section":"section-stretched","margin":{"unit":"px","top":"45","right":0,"bottom":"0","left":0,"isLinked":false},"padding":{"unit":"px","top":"0","right":"0","bottom":"30","left":"0","isLinked":false},"padding_mobile":{"unit":"px","top":"0","right":"0","bottom":"0","left":"0","isLinked":false}},"elements":[{"id":"7953277e","settings":{"_column_size":100,"_inline_size":null,"padding_mobile":{"unit":"px","top":"0","right":"0","bottom":"0","left":"0","isLinked":false}},"elements":[{"id":"895d71d","settings":{"heading_title":"Top Selling Products","limit":12,"layout_type":"carousel","tab_title_center":"yes","categories":[{"category":"electronics-computer","banner_img":{"url":"https:\/\/elementor.thembay.com\/puca_smarket\/wp-content\/plugins\/elementor\/assets\/images\/placeholder.png","id":""},"banner_link":{"url":"","is_external":"","nofollow":"","custom_attributes":""},"banner_align":"","_id":"9225859"},{"category":"fashion-jewellery","banner_img":{"url":"https:\/\/elementor.thembay.com\/puca_smarket\/wp-content\/plugins\/elementor\/assets\/images\/placeholder.png","id":""},"banner_link":{"url":"","is_external":"","nofollow":"","custom_attributes":""},"banner_align":"","_id":"59c8eea"},{"category":"home-garden","banner_img":{"url":"https:\/\/elementor.thembay.com\/puca_smarket\/wp-content\/plugins\/elementor\/assets\/images\/placeholder.png","id":""},"banner_link":{"url":"","is_external":"","nofollow":"","custom_attributes":""},"banner_align":"","_id":"54cca13"},{"category":"labor-products","banner_img":{"url":"https:\/\/elementor.thembay.com\/puca_smarket\/wp-content\/plugins\/elementor\/assets\/images\/placeholder.png","id":""},"banner_link":{"url":"","is_external":"","nofollow":"","custom_attributes":""},"banner_align":"","_id":"482f808"},{"category":"books-newspapers","banner_img":{"url":"https:\/\/elementor.thembay.com\/puca_smarket\/wp-content\/plugins\/elementor\/assets\/images\/placeholder.png","id":""},"banner_link":{"url":"","is_external":"","nofollow":"","custom_attributes":""},"banner_align":"","_id":"398b4c4"}],"show_view_all":"","view_all_text":"View All","column":"6","col_desktop":"6","col_desktopsmall":"4","col_landscape":"3","pagination":"yes"},"elements":[],"isInner":false,"widgetType":"tbay-supermaket-categories-tabs","elType":"widget"}],"isInner":false,"elType":"column"}],"isInner":false,"elType":"section"},{"id":"2a12388","settings":{"stretch_section":"section-stretched","structure":"50","margin":{"unit":"px","top":"","right":0,"bottom":"","left":0,"isLinked":true},"padding":{"unit":"px","top":"70","right":"0","bottom":"58","left":"0","isLinked":false},"padding_mobile":{"unit":"px","top":"0","right":"0","bottom":"0","left":"0","isLinked":false},"hide_tablet":"hidden-tablet"},"elements":[{"id":"5e3a85e5","settings":{"_column_size":20,"_inline_size":16.667000000000002,"_inline_size_mobile":50,"padding_mobile":{"unit":"px","top":"0","right":"8","bottom":"0","left":"0","isLinked":false}},"elements":[{"id":"5228a97d","settings":{"image":{"url":"https:\/\/elementor.thembay.com\/puca_smarket\/wp-content\/uploads\/2018\/01\/banner_home2_01.png","id":4033},"image_size":"full","link_to":"custom","link":{"url":"#","is_external":"","nofollow":"","custom_attributes":""}},"elements":[],"isInner":false,"widgetType":"image","elType":"widget"}],"isInner":false,"elType":"column"},{"id":"6737e426","settings":{"_column_size":20,"_inline_size":16.667000000000002,"_inline_size_mobile":50,"padding_mobile":{"unit":"px","top":"0","right":"0","bottom":"0","left":"8","isLinked":false}},"elements":[{"id":"5724327a","settings":{"image":{"url":"https:\/\/elementor.thembay.com\/puca_smarket\/wp-content\/uploads\/2018\/01\/banner_home2_02.png","id":4034},"image_size":"full","link_to":"custom","link":{"url":"#","is_external":"","nofollow":"","custom_attributes":""}},"elements":[],"isInner":false,"widgetType":"image","elType":"widget"}],"isInner":false,"elType":"column"},{"id":"65f29f6e","settings":{"_column_size":20,"_inline_size":33.271999999999998,"padding_mobile":{"unit":"px","top":"0","right":"0","bottom":"0","left":"0","isLinked":false}},"elements":[{"id":"39761b89","settings":{"image":{"url":"https:\/\/elementor.thembay.com\/puca_smarket\/wp-content\/uploads\/2018\/01\/banner_home1_01.png","id":3938},"image_size":"full","link_to":"custom","link":{"url":"#","is_external":"","nofollow":"","custom_attributes":""}},"elements":[],"isInner":false,"widgetType":"image","elType":"widget"}],"isInner":false,"elType":"column"},{"id":"4005159c","settings":{"_column_size":20,"_inline_size":16.666,"_inline_size_mobile":50,"padding_mobile":{"unit":"px","top":"0","right":"8","bottom":"0","left":"0","isLinked":false}},"elements":[{"id":"30934923","settings":{"image":{"url":"https:\/\/elementor.thembay.com\/puca_smarket\/wp-content\/uploads\/2018\/01\/banner_home2_04.png","id":4035},"image_size":"full","link_to":"custom","link":{"url":"#","is_external":"","nofollow":"","custom_attributes":""}},"elements":[],"isInner":false,"widgetType":"image","elType":"widget"}],"isInner":false,"elType":"column"},{"id":"11b3cc5a","settings":{"_column_size":20,"_inline_size":16.715,"_inline_size_mobile":50,"padding_mobile":{"unit":"px","top":"0","right":"0","bottom":"0","left":"8","isLinked":false}},"elements":[{"id":"18baf39e","settings":{"image":{"url":"https:\/\/elementor.thembay.com\/puca_smarket\/wp-content\/uploads\/2018\/01\/banner_home2_05.png","id":4036},"image_size":"full","link_to":"custom","link":{"url":"#","is_external":"","nofollow":"","custom_attributes":""}},"elements":[],"isInner":false,"widgetType":"image","elType":"widget"}],"isInner":false,"elType":"column"}],"isInner":false,"elType":"section"},{"id":"1df928d0","settings":{"stretch_section":"section-stretched","structure":"22","padding_mobile":{"unit":"px","top":"0","right":"0","bottom":"0","left":"0","isLinked":false}},"elements":[{"id":"57800fe1","settings":{"_column_size":66,"_inline_size":null,"_inline_size_tablet":100,"padding_mobile":{"unit":"px","top":"0","right":"0","bottom":"0","left":"0","isLinked":false}},"elements":[{"id":"970b42","settings":{"heading_title":"Today Flash Sales","products":["76","385","2261","2307","2315","2359"],"column":"2","col_desktop":"2","col_desktopsmall":"2","column_tablet":"2","col_landscape":"3","layout_type":"grid-v2"},"elements":[],"isInner":false,"widgetType":"tbay-product-count-down","elType":"widget"}],"isInner":false,"elType":"column"},{"id":"41755403","settings":{"_column_size":33,"_inline_size":null,"_inline_size_tablet":100,"padding_mobile":{"unit":"px","top":"0","right":"0","bottom":"0","left":"0","isLinked":false}},"elements":[{"id":"57dca93a","settings":{"heading_title":"Top Brands","_margin":{"unit":"px","top":"0","right":"0","bottom":"40","left":"0","isLinked":false},"column_tablet":"4","column_mobile":"3","col_desktopsmall":"4","col_landscape":"3","_margin_mobile":{"unit":"px","top":"0","right":"0","bottom":"0","left":"0","isLinked":false},"_padding_mobile":{"unit":"px","top":"0","right":"0","bottom":"0","left":"0","isLinked":false}},"elements":[],"isInner":false,"widgetType":"tbay-brands","elType":"widget"},{"id":"15c33504","settings":{"heading_title":"Latest News","layout_type":"carousel-vertical","column":"1","col_desktop":"1","col_desktopsmall":"1","column_tablet":"2","column_mobile":"1","col_landscape":"1","_margin":{"unit":"px","top":"0","right":"0","bottom":"20","left":"0","isLinked":false},"_margin_mobile":{"unit":"px","top":"0","right":"0","bottom":"0","left":"0","isLinked":false},"thumbnail_size":"large","rows":"3"},"elements":[],"isInner":false,"widgetType":"tbay-posts-grid","elType":"widget"},{"id":"2945fc32","settings":{"heading_title":"Trending Tags","limit":9},"elements":[],"isInner":false,"widgetType":"tbay-woocommerce-tags","elType":"widget"}],"isInner":false,"elType":"column"}],"isInner":false,"elType":"section"},{"id":"6b07f338","settings":{"stretch_section":"section-stretched","margin_mobile":{"unit":"px","top":"0","right":0,"bottom":"0","left":0,"isLinked":false},"padding":{"unit":"px","top":"80","right":"0","bottom":"0","left":"0","isLinked":false},"padding_mobile":{"unit":"px","top":"0","right":"0","bottom":"0","left":"0","isLinked":false}},"elements":[{"id":"28d0e9e3","settings":{"_column_size":100,"_inline_size":null,"padding_mobile":{"unit":"px","top":"0","right":"0","bottom":"0","left":"0","isLinked":false}},"elements":[{"id":"2870d0d5","settings":{"heading_title":"Recommended","limit":12,"layout_type":"carousel-special","categories":["electronics-computer","fashion-jewellery","baby-care"],"product_type":"random_product","show_more":"","text_button":"show more","column":"6","col_desktopsmall":"3","col_landscape":"3","pagination":"yes","column_tablet":"2"},"elements":[],"isInner":false,"widgetType":"tbay-products","elType":"widget"}],"isInner":false,"elType":"column"}],"isInner":false,"elType":"section"},{"id":"191c3905","settings":{"stretch_section":"section-stretched","padding":{"unit":"px","top":"40","right":"0","bottom":"0","left":"0","isLinked":false},"hide_mobile":"hidden-phone"},"elements":[{"id":"10cec6ec","settings":{"_column_size":100,"_inline_size":null,"padding_mobile":{"unit":"px","top":"0","right":"0","bottom":"0","left":"0","isLinked":false}},"elements":[{"id":"1efe80f7","settings":{"image":{"url":"https:\/\/elementor.thembay.com\/puca_smarket\/wp-content\/uploads\/2018\/08\/banner-sign-up.png","id":4317},"image_size":"full","link_to":"custom","link":{"url":"#","is_external":"","nofollow":"","custom_attributes":""}},"elements":[],"isInner":false,"widgetType":"image","elType":"widget"}],"isInner":false,"elType":"column"}],"isInner":false,"elType":"section"},{"id":"1c0d2685","settings":{"css_classes":"center feedback","hide_mobile":"hidden-phone"},"elements":[{"id":"32343388","settings":{"_column_size":100,"_inline_size":null,"padding_mobile":{"unit":"px","top":"0","right":"0","bottom":"0","left":"0","isLinked":false}},"elements":[{"id":"47f0241c","settings":{"editor":"<p>How\u2018re we doing?\u00a0<a href=\"https:\/\/elementor.thembay.com\/puca\">Give us a feedback.<\/a><br \/>It\u2019s very important to us to improve your experiences, many thanks for your contributions.<\/p>","align":"center","_margin":{"unit":"px","top":"0","right":"0","bottom":"20","left":"0","isLinked":false},"_padding":{"unit":"px","top":"19","right":"0","bottom":"0","left":"0","isLinked":false}},"elements":[],"isInner":false,"widgetType":"text-editor","elType":"widget"}],"isInner":false,"elType":"column"}],"isInner":false,"elType":"section"}]}