{"version":"0.4","title":"Template &#8211; About Us","type":"page","content":[{"id":"17ba47a","settings":{"padding_mobile":{"unit":"px","top":"0","right":"0","bottom":"0","left":"0","isLinked":false}},"elements":[{"id":"38d6d7e","settings":{"_column_size":100,"_inline_size":null},"elements":[{"id":"5753754f","settings":{"heading_title":"About Puca Theme","heading_title_tag":"h1","heading_title_size":{"unit":"px","size":30,"sizes":[]},"heading_title_color":"#000000","_css_classes":"title-about","align":"center"},"elements":[],"isInner":false,"widgetType":"tbay-heading","elType":"widget"}],"isInner":false,"elType":"column"}],"isInner":false,"elType":"section"},{"id":"532bfe4e","settings":{"structure":"34","padding":{"unit":"px","top":"0","right":"0","bottom":"20","left":"0","isLinked":false}},"elements":[{"id":"4e68fc85","settings":{"_column_size":16,"_inline_size":null},"elements":[],"isInner":false,"elType":"column"},{"id":"586dd36c","settings":{"_column_size":66,"_inline_size":null,"padding_mobile":{"unit":"px","top":"0","right":"0","bottom":"0","left":"0","isLinked":false}},"elements":[{"id":"3d34dafb","settings":{"editor":"<p>Nulla tristique ipsum vitae urna pellentesque, sit amet tincidunt ex consequat. Praesent nibh ipsum, blandit eu nisi simet,\u00a0<a href=\"https:\/\/elementor.thembay.com\/puca\/about-us\/#\">varius consequat ligula.<\/a><\/p>","align":"center","text_color":"#333333","column_gap":{"unit":"px","size":0,"sizes":[]}},"elements":[],"isInner":false,"widgetType":"text-editor","elType":"widget"}],"isInner":false,"elType":"column"},{"id":"4f0d79e7","settings":{"_column_size":16,"_inline_size":null},"elements":[],"isInner":false,"elType":"column"}],"isInner":false,"elType":"section"},{"id":"897b577","settings":{"padding":{"unit":"px","top":"0","right":"0","bottom":"30","left":"0","isLinked":false}},"elements":[{"id":"2781723","settings":{"_column_size":100,"_inline_size":null,"padding_mobile":{"unit":"px","top":"0","right":"0","bottom":"0","left":"0","isLinked":false}},"elements":[{"id":"54ab8c6f","settings":{"youtube_url":"https:\/\/www.youtube.com\/watch?v=hjgGtW85in8","vimeo_url":"https:\/\/vimeo.com\/235215203","dailymotion_url":"https:\/\/www.dailymotion.com\/video\/x6tqhqb","image_overlay":{"id":4640,"url":"https:\/\/elementor.thembay.com\/puca_smarket\/wp-content\/uploads\/2020\/01\/placeholder.png"}},"elements":[],"isInner":false,"widgetType":"video","elType":"widget"}],"isInner":false,"elType":"column"}],"isInner":false,"elType":"section"},{"id":"147f5c89","settings":{"background_background":"classic"},"elements":[{"id":"60a486c8","settings":{"_column_size":100,"_inline_size":null,"padding_mobile":{"unit":"px","top":"0","right":"0","bottom":"0","left":"0","isLinked":false}},"elements":[{"id":"55d07898","settings":{"editor":"<div class=\"wpb_text_column wpb_content_element  wpb_animate_when_almost_visible wpb_fadeInUp fadeInUp vc_custom_1509766148852 text-center wpb_start_animation animated\"><div class=\"wpb_wrapper\"><p>Vestibulum luctus sem sit amet ipsum pharetra ullamcorper. Curabitur sit amet leo quis ante mattis luctus a in ligula. Maecenas consequat feugiat con sequat. Morbi imperdiet metus eget tellus consectetur, nec viverra tellus dignissim. Integer ullamcorper quis diam eget rhoncus. Vivamus aliquet puru nec tempor dapibus. Sed suscipit lacus commodo blandit dapibus. Mauris eu finibus tellus.<\/p><\/div><\/div>"},"elements":[],"isInner":false,"widgetType":"text-editor","elType":"widget"}],"isInner":false,"elType":"column"}],"isInner":false,"elType":"section"},{"id":"609310b2","settings":[],"elements":[{"id":"6fc4ef3","settings":{"_column_size":100,"_inline_size":null},"elements":[{"id":"609da73a","settings":{"image":{"id":4641,"url":"https:\/\/elementor.thembay.com\/puca_smarket\/wp-content\/uploads\/2020\/01\/sign-about.png"}},"elements":[],"isInner":false,"widgetType":"image","elType":"widget"}],"isInner":false,"elType":"column"}],"isInner":false,"elType":"section"},{"id":"7dfe050d","settings":{"padding":{"unit":"px","top":"0","right":"0","bottom":"30","left":"0","isLinked":false}},"elements":[{"id":"ec896b7","settings":{"_column_size":100,"_inline_size":null},"elements":[{"id":"68d947a0","settings":{"editor":"<p><strong>Alan. Manez \u2013\u00a0<\/strong> CEO of MegaBuy<\/p>","align":"center"},"elements":[],"isInner":false,"widgetType":"text-editor","elType":"widget"}],"isInner":false,"elType":"column"}],"isInner":false,"elType":"section"},{"id":"e542e26","settings":{"layout":"full_width","background_background":"classic","background_color":"#FCFCFC","padding":{"unit":"px","top":"80","right":"0","bottom":"80","left":"0","isLinked":false},"padding_mobile":{"unit":"px","top":"0","right":"0","bottom":"0","left":"0","isLinked":false},"stretch_section":"section-stretched"},"elements":[{"id":"4a44b2a6","settings":{"_column_size":100,"_inline_size":null,"padding_mobile":{"unit":"px","top":"0","right":"0","bottom":"0","left":"0","isLinked":false}},"elements":[{"id":"434cb730","settings":[],"elements":[{"id":"39d84954","settings":{"_column_size":100,"_inline_size":null},"elements":[{"id":"4a647647","settings":{"heading_title":"Our Services","heading_title_size":{"unit":"px","size":30,"sizes":[]},"_css_classes":"title-about","heading_title_color":"#000000","align":"center"},"elements":[],"isInner":false,"widgetType":"tbay-heading","elType":"widget"}],"isInner":true,"elType":"column"}],"isInner":true,"elType":"section"},{"id":"3270ea35","settings":{"padding":{"unit":"px","top":"0","right":"0","bottom":"20","left":"0","isLinked":false}},"elements":[{"id":"5588b01","settings":{"_column_size":100,"_inline_size":null,"padding_mobile":{"unit":"px","top":"0","right":"0","bottom":"0","left":"0","isLinked":false}},"elements":[{"id":"673ea3e4","settings":{"editor":"<p>Phasellus tempus et eros et aliquam. Integer faucibus semper orci eget elementum. Nullam dignissim sit amet ex a facilisis. Aenean ac augue ex. Ut volutpat elit libero, vitae ullamcorper nunc consequat at.<\/p>","align":"center"},"elements":[],"isInner":false,"widgetType":"text-editor","elType":"widget"}],"isInner":true,"elType":"column"}],"isInner":true,"elType":"section"},{"id":"573aa072","settings":{"padding":{"unit":"px","top":"0","right":"0","bottom":"030","left":"0","isLinked":false}},"elements":[{"id":"21b8de3f","settings":{"_column_size":100,"_inline_size":null,"padding_mobile":{"unit":"px","top":"0","right":"0","bottom":"0","left":"0","isLinked":false}},"elements":[{"id":"4e5bcfb6","settings":{"features":[{"feature_title":"FAST & FREE SHIPPING","feature_desc":"Offers apply to all orders over $500.","feature_type":"icon","selected_icon":{"value":"icon- icon-plane","library":"simple-line-icons"},"type_image":{"url":"","id":""},"feature_margin_icon":{"unit":"px","top":"","right":"","bottom":"","left":"","isLinked":true},"feature_margin_icon_tablet":{"unit":"px","top":"","right":"","bottom":"","left":"","isLinked":true},"feature_margin_icon_mobile":{"unit":"px","top":"","right":"","bottom":"","left":"","isLinked":true},"_id":"ae62e3d"},{"feature_title":"MEMBERS GIFT WEEKLY","feature_desc":"Offer applied to customers purchsed over 3 times.","feature_type":"icon","selected_icon":{"value":"icon- icon-fire","library":"simple-line-icons"},"type_image":{"url":"","id":""},"feature_margin_icon":{"unit":"px","top":"","right":"","bottom":"","left":"","isLinked":true},"feature_margin_icon_tablet":{"unit":"px","top":"","right":"","bottom":"","left":"","isLinked":true},"feature_margin_icon_mobile":{"unit":"px","top":"","right":"","bottom":"","left":"","isLinked":true},"_id":"c9926ed"},{"feature_title":"FRIENDLY SUPPORT 24\/7","feature_desc":"Our supporters services are always to help","feature_type":"icon","selected_icon":{"value":"icon- icon-umbrella","library":"simple-line-icons"},"type_image":{"url":"","id":""},"feature_margin_icon":{"unit":"px","top":"","right":"","bottom":"","left":"","isLinked":true},"feature_margin_icon_tablet":{"unit":"px","top":"","right":"","bottom":"","left":"","isLinked":true},"feature_margin_icon_mobile":{"unit":"px","top":"","right":"","bottom":"","left":"","isLinked":true},"_id":"f6f8ddb"}],"styles":"style2"},"elements":[],"isInner":false,"widgetType":"tbay-features","elType":"widget"}],"isInner":true,"elType":"column"}],"isInner":true,"elType":"section"},{"id":"52fae86c","settings":[],"elements":[{"id":"1f0377d0","settings":{"_column_size":100,"_inline_size":null,"padding_mobile":{"unit":"px","top":"0","right":"0","bottom":"0","left":"0","isLinked":false}},"elements":[{"id":"4cb89ec5","settings":{"features":[{"feature_title":"FAST & FREE SHIPPING","feature_desc":"Offers apply to all orders over $500.","feature_type":"icon","selected_icon":{"value":"icon- icon-energy","library":"simple-line-icons"},"type_image":{"url":"","id":""},"feature_margin_icon":{"unit":"px","top":"","right":"","bottom":"","left":"","isLinked":true},"feature_margin_icon_tablet":{"unit":"px","top":"","right":"","bottom":"","left":"","isLinked":true},"feature_margin_icon_mobile":{"unit":"px","top":"","right":"","bottom":"","left":"","isLinked":true},"_id":"ae62e3d"},{"feature_title":"MEMBERS GIFT WEEKLY","feature_desc":"Offer applied to customers purchsed over 3 times.","feature_type":"icon","selected_icon":{"value":"icon- icon-eyeglass","library":"simple-line-icons"},"type_image":{"url":"","id":""},"feature_margin_icon":{"unit":"px","top":"","right":"","bottom":"","left":"","isLinked":true},"feature_margin_icon_tablet":{"unit":"px","top":"","right":"","bottom":"","left":"","isLinked":true},"feature_margin_icon_mobile":{"unit":"px","top":"","right":"","bottom":"","left":"","isLinked":true},"_id":"c9926ed"},{"feature_title":"FRIENDLY SUPPORT 24\/7","feature_desc":"Our supporters services are always to help","feature_type":"icon","selected_icon":{"value":"icon- icon-badge","library":"simple-line-icons"},"type_image":{"url":"","id":""},"feature_margin_icon":{"unit":"px","top":"","right":"","bottom":"","left":"","isLinked":true},"feature_margin_icon_tablet":{"unit":"px","top":"","right":"","bottom":"","left":"","isLinked":true},"feature_margin_icon_mobile":{"unit":"px","top":"","right":"","bottom":"","left":"","isLinked":true},"_id":"f6f8ddb"}],"styles":"style2"},"elements":[],"isInner":false,"widgetType":"tbay-features","elType":"widget"}],"isInner":true,"elType":"column"}],"isInner":true,"elType":"section"}],"isInner":false,"elType":"column"}],"isInner":false,"elType":"section"},{"id":"75969c84","settings":{"padding":{"unit":"px","top":"80","right":"0","bottom":"80","left":"0","isLinked":false},"padding_mobile":{"unit":"px","top":"0","right":"0","bottom":"0","left":"0","isLinked":false},"stretch_section":"section-stretched"},"elements":[{"id":"289b957e","settings":{"_column_size":100,"_inline_size":null,"padding_mobile":{"unit":"px","top":"0","right":"0","bottom":"0","left":"0","isLinked":false}},"elements":[{"id":"4fa57122","settings":{"styles":"style2","features":[{"feature_title":"15","feature_desc":"Cerifications Accepted","feature_type":"images","selected_icon":{"value":"linear-icon-gift","library":"linear-icon"},"type_image":{"url":"","id":""},"feature_margin_icon":{"unit":"px","top":"","right":"","bottom":"","left":"","isLinked":true},"feature_margin_icon_tablet":{"unit":"px","top":"","right":"","bottom":"","left":"","isLinked":true},"feature_margin_icon_mobile":{"unit":"px","top":"","right":"","bottom":"","left":"","isLinked":true},"_id":"b2c63e5"},{"feature_title":"30+","feature_desc":"high rank brands sponsored","feature_type":"images","selected_icon":{"value":"linear-icon-gift","library":"linear-icon"},"type_image":{"url":"","id":""},"feature_margin_icon":{"unit":"px","top":"","right":"","bottom":"","left":"","isLinked":true},"feature_margin_icon_tablet":{"unit":"px","top":"","right":"","bottom":"","left":"","isLinked":true},"feature_margin_icon_mobile":{"unit":"px","top":"","right":"","bottom":"","left":"","isLinked":true},"_id":"e7c45ce"},{"feature_title":"999+","feature_desc":"high quality products","feature_type":"images","selected_icon":{"value":"linear-icon-gift","library":"linear-icon"},"type_image":{"url":"","id":""},"feature_margin_icon":{"unit":"px","top":"","right":"","bottom":"","left":"","isLinked":true},"feature_margin_icon_tablet":{"unit":"px","top":"","right":"","bottom":"","left":"","isLinked":true},"feature_margin_icon_mobile":{"unit":"px","top":"","right":"","bottom":"","left":"","isLinked":true},"_id":"0cd2e01"},{"feature_title":"4M+","feature_desc":"satisfied customers wordwide","feature_type":"images","selected_icon":{"value":"linear-icon-gift","library":"linear-icon"},"type_image":{"url":"","id":""},"feature_margin_icon":{"unit":"px","top":"","right":"","bottom":"","left":"","isLinked":true},"feature_margin_icon_tablet":{"unit":"px","top":"","right":"","bottom":"","left":"","isLinked":true},"feature_margin_icon_mobile":{"unit":"px","top":"","right":"","bottom":"","left":"","isLinked":true},"_id":"e26d016"}],"feature_title_font":{"unit":"px","size":40,"sizes":[]}},"elements":[],"isInner":false,"widgetType":"tbay-features","elType":"widget"}],"isInner":false,"elType":"column"}],"isInner":false,"elType":"section"},{"id":"42ce99d","settings":{"background_background":"classic","background_color":"#F4F9FC","stretch_section":"section-stretched"},"elements":[{"id":"5efb8e8","settings":{"_column_size":100,"_inline_size":null,"padding_mobile":{"unit":"px","top":"0","right":"0","bottom":"0","left":"0","isLinked":false}},"elements":[{"id":"4071f424","settings":{"column":"1","col_desktop":"1","col_desktopsmall":"1","col_landscape":"1","navigation":"","column_tablet":"1","column_mobile":"1","disable_mobile":""},"elements":[],"isInner":false,"widgetType":"tbay-testimonials","elType":"widget"}],"isInner":false,"elType":"column"}],"isInner":false,"elType":"section"},{"id":"1e0c14be","settings":{"padding":{"unit":"px","top":"70","right":"0","bottom":"0","left":"0","isLinked":false},"padding_mobile":{"unit":"px","top":"0","right":"0","bottom":"0","left":"0","isLinked":false}},"elements":[{"id":"7412e0c6","settings":{"_column_size":100,"_inline_size":null,"padding_mobile":{"unit":"px","top":"0","right":"0","bottom":"0","left":"0","isLinked":false}},"elements":[{"id":"10d6018d","settings":{"heading_title":"#meet the people","heading_subtitle":"Our Team member","align":"center"},"elements":[],"isInner":false,"widgetType":"tbay-heading","elType":"widget"}],"isInner":false,"elType":"column"}],"isInner":false,"elType":"section"},{"id":"5801fbc","settings":{"padding":{"unit":"px","top":"0","right":"0","bottom":"0","left":"0","isLinked":false}},"elements":[{"id":"4b620371","settings":{"_column_size":100,"_inline_size":null,"padding_mobile":{"unit":"px","top":"0","right":"0","bottom":"0","left":"0","isLinked":false}},"elements":[{"id":"286d9777","settings":{"editor":"<p>Lorem ipsum dolor sit amet, consectetur adipiscing elit. Aenean eu libero a risus aliquet euismod porttitor sed dolor. Cras non magna facilisis, mollis velit at, suscipit urna. Vivamus auctor fringilla felis at tincidunt.<\/p>","align":"center"},"elements":[],"isInner":false,"widgetType":"text-editor","elType":"widget"}],"isInner":false,"elType":"column"}],"isInner":false,"elType":"section"},{"id":"27b07693","settings":[],"elements":[{"id":"125d1e6b","settings":{"_column_size":100,"_inline_size":null,"padding_mobile":{"unit":"px","top":"0","right":"0","bottom":"0","left":"0","isLinked":false}},"elements":[{"id":"2524a666","settings":{"layout_type":"carousel","our_team":[{"our_team_name":"Tran Tung Kerry","our_team_job":"Web Research","our_team_image":{"id":"4602","url":"https:\/\/elementor.thembay.com\/puca_smarket\/wp-content\/uploads\/2020\/01\/team-1.jpg"},"our_team_link_fb":{"url":"#","is_external":true,"nofollow":true},"our_team_link_tw":{"url":"","is_external":true,"nofollow":true},"our_team_link_gg":{"url":"","is_external":true,"nofollow":true},"our_team_link_linkin":{"url":"","is_external":true,"nofollow":true},"our_team_link_instaram":{"url":"#","is_external":true,"nofollow":true},"_id":"971e8db"},{"our_team_name":"Alan Manez","our_team_job":"Artist","our_team_image":{"id":"4603","url":"https:\/\/elementor.thembay.com\/puca_smarket\/wp-content\/uploads\/2020\/01\/team-4.jpg"},"our_team_link_fb":{"url":"#","is_external":true,"nofollow":true},"our_team_link_tw":{"url":"#","is_external":true,"nofollow":true},"our_team_link_gg":{"url":"","is_external":true,"nofollow":true},"our_team_link_linkin":{"url":"","is_external":true,"nofollow":true},"our_team_link_instaram":{"url":"","is_external":true,"nofollow":true},"_id":"a0ff8e7"},{"our_team_name":"John Cenan","our_team_job":"Web Designer","our_team_image":{"id":"4604","url":"https:\/\/elementor.thembay.com\/puca_smarket\/wp-content\/uploads\/2020\/01\/team-2.jpg"},"our_team_link_fb":{"url":"#","is_external":true,"nofollow":true},"our_team_link_tw":{"url":"#","is_external":true,"nofollow":true},"our_team_link_gg":{"url":"","is_external":true,"nofollow":true},"our_team_link_linkin":{"url":"","is_external":true,"nofollow":true},"our_team_link_instaram":{"url":"","is_external":true,"nofollow":true},"_id":"9d2a595"},{"our_team_name":"May Weather","our_team_job":"Front-end Developer","our_team_image":{"id":"4605","url":"https:\/\/elementor.thembay.com\/puca_smarket\/wp-content\/uploads\/2020\/01\/team-3.jpg"},"our_team_link_fb":{"url":"","is_external":true,"nofollow":true},"our_team_link_tw":{"url":"#","is_external":true,"nofollow":true},"our_team_link_gg":{"url":"","is_external":true,"nofollow":true},"our_team_link_linkin":{"url":"","is_external":true,"nofollow":true},"our_team_link_instaram":{"url":"#","is_external":true,"nofollow":true},"_id":"254f903"},{"our_team_name":"Tran Tung Kerry","our_team_job":"Web Research","our_team_image":{"id":"4602","url":"https:\/\/elementor.thembay.com\/puca_smarket\/wp-content\/uploads\/2020\/01\/team-1.jpg"},"our_team_link_fb":{"url":"#","is_external":true,"nofollow":true},"our_team_link_tw":{"url":"","is_external":true,"nofollow":true},"our_team_link_gg":{"url":"","is_external":true,"nofollow":true},"our_team_link_linkin":{"url":"","is_external":true,"nofollow":true},"our_team_link_instaram":{"url":"#","is_external":true,"nofollow":true},"_id":"1aa19d2"},{"our_team_name":"John Cenan","our_team_job":"Web Designer","our_team_image":{"id":"4604","url":"https:\/\/elementor.thembay.com\/puca_smarket\/wp-content\/uploads\/2020\/01\/team-2.jpg"},"our_team_link_fb":{"url":"#","is_external":true,"nofollow":true},"our_team_link_tw":{"url":"#","is_external":true,"nofollow":true},"our_team_link_gg":{"url":"","is_external":true,"nofollow":true},"our_team_link_linkin":{"url":"","is_external":true,"nofollow":true},"our_team_link_instaram":{"url":"","is_external":true,"nofollow":true},"_id":"b332c09"}],"navigation":"","pagination":"yes","col_desktopsmall":"3"},"elements":[],"isInner":false,"widgetType":"tbay-our-team","elType":"widget"}],"isInner":false,"elType":"column"}],"isInner":false,"elType":"section"},{"id":"499c68e4","settings":{"padding":{"unit":"px","top":"30","right":"0","bottom":"50","left":"0","isLinked":false}},"elements":[{"id":"3fbcf781","settings":{"_column_size":100,"_inline_size":null,"padding_mobile":{"unit":"px","top":"0","right":"0","bottom":"0","left":"0","isLinked":false}},"elements":[{"id":"5bf12825","settings":{"editor":"<p>How\u2018re we doing?\u00a0<a href=\"https:\/\/elementor.thembay.com\/puca\/about-us\/#\">Give us a feedback.<\/a><br \/>It\u2019s very important to us to improve your experiences, many thanks for your contributions.<\/p>","align":"center"},"elements":[],"isInner":false,"widgetType":"text-editor","elType":"widget"}],"isInner":false,"elType":"column"}],"isInner":false,"elType":"section"}]}