{"version":"0.4","title":"Template &#8211; Contact Us 01","type":"page","content":[{"id":"3a60da5a","settings":{"padding":{"unit":"px","top":"30","right":"0","bottom":"0","left":"0","isLinked":false}},"elements":[{"id":"54557125","settings":{"_column_size":100},"elements":[{"id":"7d4b5729","settings":{"heading_title":"#keep in touch with us","align":"center"},"elements":[],"isInner":false,"widgetType":"tbay-heading","elType":"widget"}],"isInner":false,"elType":"column"}],"isInner":false,"elType":"section"},{"id":"7a5545f0","settings":{"stretch_section":"section-stretched","background_background":"classic","padding":{"unit":"px","top":"52","right":"0","bottom":"52","left":"0","isLinked":false},"structure":"30","margin":{"unit":"px","top":"26","right":0,"bottom":"0","left":0,"isLinked":false}},"elements":[{"id":"f7a2d7d","settings":{"_column_size":33,"_inline_size":null,"_inline_size_tablet":100,"padding_mobile":{"unit":"px","top":"0","right":"0","bottom":"0","left":"0","isLinked":false}},"elements":[{"id":"4a4ddeaa","settings":{"styles":"contact-us","features":[{"feature_title":"Call us","feature_desc":"(+99) 123 - 456 -789<br\/>\n(+84) 908 - 260 -196","feature_type":"icon","selected_icon":{"value":"icon- icon-phone","library":"simple-line-icons"},"type_image":{"url":"","id":""},"feature_margin_icon":{"unit":"px","top":"","right":"","bottom":"","left":"","isLinked":true},"feature_margin_icon_tablet":{"unit":"px","top":"","right":"","bottom":"","left":"","isLinked":true},"feature_margin_icon_mobile":{"unit":"px","top":"","right":"","bottom":"","left":"","isLinked":true},"_id":"2438a9d"}],"feature_icon_font":{"unit":"px","size":31,"sizes":[]}},"elements":[],"isInner":false,"widgetType":"tbay-features","elType":"widget"}],"isInner":false,"elType":"column"},{"id":"2c915727","settings":{"_column_size":33,"_inline_size":null,"_inline_size_tablet":100,"padding_mobile":{"unit":"px","top":"0","right":"0","bottom":"0","left":"0","isLinked":false}},"elements":[{"id":"348c387","settings":{"styles":"contact-us","features":[{"feature_title":"Email at","feature_desc":"support@thembay.com<br\/>\nloo_me@yahoo.com","feature_type":"icon","selected_icon":{"value":"icon- icon-envelope","library":"simple-line-icons"},"type_image":{"url":"","id":""},"feature_margin_icon":{"unit":"px","top":"","right":"","bottom":"","left":"","isLinked":true},"feature_margin_icon_tablet":{"unit":"px","top":"","right":"","bottom":"","left":"","isLinked":true},"feature_margin_icon_mobile":{"unit":"px","top":"","right":"","bottom":"","left":"","isLinked":true},"_id":"4242653"}],"feature_icon_font":{"unit":"px","size":31,"sizes":[]}},"elements":[],"isInner":false,"widgetType":"tbay-features","elType":"widget"}],"isInner":false,"elType":"column"},{"id":"2b7faa65","settings":{"_column_size":33,"_inline_size":null,"_inline_size_tablet":100,"padding_mobile":{"unit":"px","top":"0","right":"0","bottom":"0","left":"0","isLinked":false}},"elements":[{"id":"251a7b46","settings":{"styles":"contact-us","features":[{"feature_title":" Located","feature_desc":"71 Pilgrim Avenue, St.Chevy Chase,<br\/>\nMD 20815","feature_type":"icon","selected_icon":{"value":"icon- icon-location-pin","library":"simple-line-icons"},"type_image":{"url":"","id":""},"feature_margin_icon":{"unit":"px","top":"","right":"","bottom":"","left":"","isLinked":true},"feature_margin_icon_tablet":{"unit":"px","top":"","right":"","bottom":"","left":"","isLinked":true},"feature_margin_icon_mobile":{"unit":"px","top":"","right":"","bottom":"","left":"","isLinked":true},"_id":"0e13354"}],"feature_icon_font":{"unit":"px","size":31,"sizes":[]}},"elements":[],"isInner":false,"widgetType":"tbay-features","elType":"widget"}],"isInner":false,"elType":"column"}],"isInner":false,"elType":"section"},{"id":"4e386c2d","settings":{"structure":"34","padding":{"unit":"px","top":"45","right":"0","bottom":"63","left":"0","isLinked":false},"css_classes":"contact-form1"},"elements":[{"id":"7236a622","settings":{"_column_size":16,"_inline_size":null,"hide_tablet":"hidden-tablet","hide_mobile":"hidden-phone"},"elements":[],"isInner":false,"elType":"column"},{"id":"5212dd5","settings":{"_column_size":66,"_inline_size":null,"_inline_size_tablet":100,"padding_mobile":{"unit":"px","top":"0","right":"0","bottom":"0","left":"0","isLinked":false}},"elements":[{"id":"61e57408","settings":{"margin":{"unit":"px","top":"0","right":0,"bottom":"30","left":0,"isLinked":false}},"elements":[{"id":"66490f4b","settings":{"_column_size":100,"_inline_size":null,"padding_tablet":{"unit":"px","top":"0","right":"0","bottom":"0","left":"0","isLinked":false}},"elements":[{"id":"368a1cc5","settings":{"editor":"<h3>Contact form<\/h3>\n<p>Vestibulum luctus sem sit amet ipsum pharetra ullamcorper. Curabitur sit amet leo quis ante mattis luctus a in ligula.<\/p>","text_columns":"1","_margin":{"unit":"px","top":"0","right":"0","bottom":"0","left":"0","isLinked":false},"_padding":{"unit":"px","top":"0","right":"0","bottom":"0","left":"0","isLinked":false}},"elements":[],"isInner":false,"widgetType":"text-editor","elType":"widget"}],"isInner":true,"elType":"column"}],"isInner":true,"elType":"section"},{"id":"67cc345a","settings":[],"elements":[{"id":"6d723b38","settings":{"_column_size":100,"_inline_size":null,"padding_tablet":{"unit":"px","top":"0","right":"0","bottom":"0","left":"0","isLinked":false}},"elements":[{"id":"2b50bcdd","settings":{"shortcode":"[contact-form-7 id=\"559\" title=\"Contact form 1\"]"},"elements":[],"isInner":false,"widgetType":"shortcode","elType":"widget"}],"isInner":true,"elType":"column"}],"isInner":true,"elType":"section"}],"isInner":false,"elType":"column"},{"id":"47acc1a1","settings":{"_column_size":16,"_inline_size":null,"hide_tablet":"hidden-tablet","hide_mobile":"hidden-phone"},"elements":[],"isInner":false,"elType":"column"}],"isInner":false,"elType":"section"}]}