{"version":"0.4","title":"Template &#8211; Footer 5","type":"page","content":[{"id":"400ae5e1","settings":{"padding":{"unit":"px","top":"50","right":"0","bottom":"50","left":"0","isLinked":false}},"elements":[{"id":"2df2eec8","settings":{"_column_size":100,"_inline_size":null},"elements":[{"id":"48291238","settings":{"heading_title":"subscribe newsletter","style":"style2"},"elements":[],"isInner":false,"widgetType":"tbay-newsletter","elType":"widget"}],"isInner":false,"elType":"column"}],"isInner":false,"elType":"section"},{"id":"19e23478","settings":{"structure":"40","padding":{"unit":"px","top":"60","right":"0","bottom":"50","left":"0","isLinked":false},"background_background":"classic","background_color":"#F7FDFF"},"elements":[{"id":"1fcee10d","settings":{"_column_size":25,"_inline_size":33.329999999999998,"padding_mobile":{"unit":"px","top":"0","right":"0","bottom":"0","left":"0","isLinked":false}},"elements":[{"id":"353cba77","settings":{"image":{"url":"https:\/\/elementor.thembay.com\/puca\/wp-content\/uploads\/2017\/09\/logo-2.png","id":3801},"align":"left","link_to":"custom","link":{"url":"#","is_external":"","nofollow":""},"_css_classes":"no-hover","_padding_mobile":{"unit":"px","top":"0","right":"0","bottom":"15","left":"0","isLinked":false}},"elements":[],"isInner":false,"widgetType":"image","elType":"widget"},{"id":"76916e67","settings":{"editor":"<p>Lorem ipsum dolor sit amet, consec tiso cing elit, sedw do eiusmod tempor inciunt ut labore et dolore mag nai aliqua template 1990\u2019s.<\/p>"},"elements":[],"isInner":false,"widgetType":"text-editor","elType":"widget"}],"isInner":false,"elType":"column"},{"id":"45b39e03","settings":{"_column_size":25,"_inline_size":16.670000000000002,"padding_mobile":{"unit":"px","top":"0","right":"0","bottom":"0","left":"0","isLinked":false}},"elements":[{"id":"6483d247","settings":{"align":"left","heading_title":"information","heading_title_size":{"unit":"px","size":14,"sizes":[]},"heading_title_line_height":{"unit":"px","size":21,"sizes":[]},"heading_title_color":"#000000","heading_title_typography_typography":"custom","heading_title_typography_font_weight":"700","heading_title_typography_text_transform":"uppercase"},"elements":[],"isInner":false,"widgetType":"tbay-nav-menu","elType":"widget"}],"isInner":false,"elType":"column"},{"id":"49465de5","settings":{"_column_size":25,"_inline_size":16.670000000000002,"padding_mobile":{"unit":"px","top":"0","right":"0","bottom":"0","left":"0","isLinked":false}},"elements":[{"id":"3d4b4f01","settings":{"align":"left","heading_title":"user area","heading_title_size":{"unit":"px","size":14,"sizes":[]},"heading_title_line_height":{"unit":"px","size":21,"sizes":[]},"heading_title_color":"#000000","heading_title_typography_typography":"custom","heading_title_typography_font_weight":"700","heading_title_typography_text_transform":"uppercase"},"elements":[],"isInner":false,"widgetType":"tbay-nav-menu","elType":"widget"}],"isInner":false,"elType":"column"},{"id":"5764da26","settings":{"_column_size":25,"_inline_size":33.329999999999998,"padding_mobile":{"unit":"px","top":"0","right":"0","bottom":"0","left":"0","isLinked":false}},"elements":[{"id":"1f20c77f","settings":{"align":"left","heading_title":"contact info","heading_title_size":{"unit":"px","size":14,"sizes":[]},"heading_title_line_height":{"unit":"px","size":21,"sizes":[]},"heading_title_color":"#000000","heading_title_typography_typography":"custom","heading_title_typography_font_weight":"700","heading_title_typography_text_transform":"uppercase"},"elements":[],"isInner":false,"widgetType":"tbay-heading","elType":"widget"},{"id":"3eb1017e","settings":{"view":"inline","icon_list":[{"text":"Facebook","selected_icon":{"value":"icon- icon-social-facebook","library":"simple-line-icons"},"_id":"13e74b0","link":{"url":"#","is_external":"","nofollow":""}},{"text":"Twitter","selected_icon":{"value":"icon- icon-social-twitter","library":"simple-line-icons"},"_id":"b678f08","link":{"url":"#","is_external":"","nofollow":""}},{"text":"Youtube","selected_icon":{"value":"icon- icon-social-youtube","library":"simple-line-icons"},"_id":"c1d1d2c","link":{"url":"#","is_external":"","nofollow":""}}],"icon_color":"#FD6E4F"},"elements":[],"isInner":false,"widgetType":"icon-list","elType":"widget"},{"id":"1e32a0ce","settings":{"editor":"<p>(+99) 123 - 456 -789<\/p><p>contact@example.com<\/p><p>71 Pilgrim Avenue, St.Chevy Chase, MD 20815<\/p>"},"elements":[],"isInner":false,"widgetType":"text-editor","elType":"widget"}],"isInner":false,"elType":"column"}],"isInner":false,"elType":"section"},{"id":"27232819","settings":{"background_background":"classic","background_color":"#F7FDFF","padding":{"unit":"px","top":"25","right":"0","bottom":"25","left":"0","isLinked":false},"border_border":"solid","border_width":{"unit":"px","top":"1","right":"0","bottom":"0","left":"0","isLinked":false},"border_color":"#EEEEEE"},"elements":[{"id":"3a1a1d14","settings":{"_column_size":100,"_inline_size":null},"elements":[{"id":"5ea8b46f","settings":{"editor":"Copyright \u00a9 2020 Puca. Designed by\u00a0<a href=\"http:\/\/thembay.com\/\">ThemBay<\/a>. All Rights Reserved.","align":"center"},"elements":[],"isInner":false,"widgetType":"text-editor","elType":"widget"}],"isInner":false,"elType":"column"}],"isInner":false,"elType":"section"}]}