{"version":"0.4","title":"Template &#8211; Footer 8","type":"page","content":[{"id":"748cb838","settings":{"background_background":"classic","background_color":"#0A0E39","padding":{"unit":"px","top":"25","right":"0","bottom":"25","left":"0","isLinked":false},"structure":"30","border_width":{"unit":"px","top":"0","right":"0","bottom":"0","left":"0","isLinked":false},"border_color":"#EEEEEE","layout":"full_width"},"elements":[{"id":"54b9017d","settings":{"_column_size":33,"_inline_size":null,"content_position":"center","_inline_size_tablet":100,"padding_mobile":{"unit":"px","top":"0","right":"0","bottom":"0","left":"0","isLinked":false}},"elements":[{"id":"646a1563","settings":{"editor":"Copyright \u00a9 2020 Puca. Designed by\u00a0<a href=\"http:\/\/thembay.com\/\">ThemBay<\/a>. All Rights Reserved.","align":"left","text_color":"#CCCCCC","typography_typography":"custom","typography_font_size":{"unit":"px","size":12,"sizes":[]},"align_tablet":"center","_padding_tablet":{"unit":"px","top":"0","right":"0","bottom":"10","left":"0","isLinked":false}},"elements":[],"isInner":false,"widgetType":"text-editor","elType":"widget"}],"isInner":false,"elType":"column"},{"id":"51b9f0a7","settings":{"_column_size":33,"_inline_size":null,"content_position":"center","_inline_size_tablet":100,"padding_mobile":{"unit":"px","top":"0","right":"0","bottom":"0","left":"0","isLinked":false}},"elements":[{"id":"13a4b632","settings":{"view":"inline","icon_list":[{"text":"Facebook","selected_icon":{"value":"icon- icon-social-facebook","library":"simple-line-icons"},"_id":"c02dbba","link":{"url":"#","is_external":"","nofollow":""}},{"text":"Twitter","selected_icon":{"value":"icon- icon-social-twitter","library":"simple-line-icons"},"_id":"cf27204","link":{"url":"#","is_external":"","nofollow":""}},{"text":"Youtube","selected_icon":{"value":"icon- icon-social-youtube","library":"simple-line-icons"},"_id":"a38fc35","link":{"url":"#","is_external":"","nofollow":""}}],"icon_align":"center","icon_color":"#FD6E4F","text_color":"#FFFFFF","space_between_tablet":{"unit":"px","size":25,"sizes":[]},"icon_align_tablet":"center"},"elements":[],"isInner":false,"widgetType":"icon-list","elType":"widget"}],"isInner":false,"elType":"column"},{"id":"1ba46546","settings":{"_column_size":33,"_inline_size":null,"content_position":"center","hide_tablet":"hidden-tablet","hide_mobile":"hidden-phone"},"elements":[{"id":"27214cf9","settings":{"editor":"<ul class=\"footer-info color-white\"><li>(+99) 123 - 456 -789<\/li><li>contact@example.com<\/li><\/ul>","align":"right","text_color":"#FFFFFF","typography_typography":"custom","typography_font_size":{"unit":"px","size":13,"sizes":[]}},"elements":[],"isInner":false,"widgetType":"text-editor","elType":"widget"}],"isInner":false,"elType":"column"}],"isInner":false,"elType":"section"}]}