{"version":"0.4","title":"Template &#8211; Footer 7","type":"page","content":[{"id":"e00dce4","settings":{"padding":{"unit":"px","top":"20","right":"0","bottom":"20","left":"0","isLinked":false},"background_background":"classic","background_color":"#F4F9FC"},"elements":[{"id":"4c8e504d","settings":{"_column_size":100,"_inline_size":null,"padding_mobile":{"unit":"px","top":"0","right":"0","bottom":"0","left":"0","isLinked":false}},"elements":[{"id":"c321482","settings":{"heading_title":"subscribe newsletter","style":"style5","heading_description":"Subcribe to our newsletter to get the lastest news and products updates directly to your email. Just a second to subsrcibe today"},"elements":[],"isInner":false,"widgetType":"tbay-newsletter","elType":"widget"}],"isInner":false,"elType":"column"}],"isInner":false,"elType":"section"},{"id":"31792a7e","settings":{"padding":{"unit":"px","top":"95","right":"0","bottom":"110","left":"0","isLinked":false},"padding_mobile":{"unit":"px","top":"30","right":"0","bottom":"30","left":"0","isLinked":false}},"elements":[{"id":"5259506a","settings":{"_column_size":100,"_inline_size":null},"elements":[{"id":"5e636a83","settings":{"editor":"<p>How\u2018re we doing?\u00a0<a href=\"https:\/\/elementor.thembay.com\/puca\/shop\/#\">Give us a feedback.<\/a><br \/>It\u2019s very important to us to improve your experiences, many thanks for your contributions.<\/p>","align":"center"},"elements":[],"isInner":false,"widgetType":"text-editor","elType":"widget"}],"isInner":false,"elType":"column"}],"isInner":false,"elType":"section"},{"id":"7749186f","settings":{"background_background":"classic","background_color":"#FCFCFC"},"elements":[{"id":"44722d1f","settings":{"_column_size":100,"_inline_size":null,"padding_mobile":{"unit":"px","top":"0","right":"0","bottom":"0","left":"0","isLinked":false}},"elements":[{"id":"f37e36a","settings":{"layout_type":"carousel","column":"6","col_desktop":"6","col_desktopsmall":"5","column_tablet":"4","column_mobile":"3","col_landscape":"3","disable_mobile":""},"elements":[],"isInner":false,"widgetType":"tbay-brands","elType":"widget"}],"isInner":false,"elType":"column"}],"isInner":false,"elType":"section"},{"id":"79a0f7e9","settings":{"structure":"40","padding":{"unit":"px","top":"60","right":"0","bottom":"65","left":"0","isLinked":false},"padding_mobile":{"unit":"px","top":"30","right":"0","bottom":"30","left":"0","isLinked":false}},"elements":[{"id":"3d590c8f","settings":{"_column_size":25,"_inline_size":33.329999999999998,"css_classes":"bottom-footer style2","padding_mobile":{"unit":"px","top":"0","right":"0","bottom":"0","left":"0","isLinked":false}},"elements":[{"id":"2a098ef5","settings":{"image":{"url":"https:\/\/elementor.thembay.com\/puca\/wp-content\/uploads\/2017\/09\/logo-2.png","id":3801},"image_size":"full","align":"left","link_to":"custom","link":{"url":"#","is_external":"","nofollow":""},"_css_classes":"no-hover","_padding_mobile":{"unit":"px","top":"0","right":"0","bottom":"20","left":"0","isLinked":false}},"elements":[],"isInner":false,"widgetType":"image","elType":"widget"},{"id":"6defb1dd","settings":{"editor":"<p>Lorem ipsum dolor sit amet, consec tiso cing elit, sedw do eiusmod tempor inciunt ut labore et dolore mag nai aliqua template 1990\u2019s.<\/p>"},"elements":[],"isInner":false,"widgetType":"text-editor","elType":"widget"}],"isInner":false,"elType":"column"},{"id":"2b99329f","settings":{"_column_size":25,"_inline_size":16.670000000000002,"padding_mobile":{"unit":"px","top":"0","right":"0","bottom":"0","left":"0","isLinked":false}},"elements":[{"id":"69c767cc","settings":{"align":"left","heading_title":"INFORMATION","heading_title_size":{"unit":"px","size":14,"sizes":[]},"heading_title_line_height":{"unit":"px","size":21,"sizes":[]},"heading_title_color":"#000000","heading_title_typography_typography":"custom","heading_title_typography_font_weight":"700"},"elements":[],"isInner":false,"widgetType":"tbay-nav-menu","elType":"widget"}],"isInner":false,"elType":"column"},{"id":"4673577a","settings":{"_column_size":25,"_inline_size":16.670000000000002,"padding_mobile":{"unit":"px","top":"0","right":"0","bottom":"0","left":"0","isLinked":false}},"elements":[{"id":"77a3b093","settings":{"align":"left","heading_title":"USER AREA","heading_title_size":{"unit":"px","size":14,"sizes":[]},"heading_title_line_height":{"unit":"px","size":21,"sizes":[]},"heading_title_color":"#000000","heading_title_typography_typography":"custom","heading_title_typography_font_weight":"700","heading_title_bottom_space":{"unit":"px","size":0,"sizes":[]}},"elements":[],"isInner":false,"widgetType":"tbay-nav-menu","elType":"widget"}],"isInner":false,"elType":"column"},{"id":"57863fc","settings":{"_column_size":25,"_inline_size":33.329999999999998,"padding":{"unit":"px","top":"0","right":"15","bottom":"0","left":"15","isLinked":false},"padding_mobile":{"unit":"px","top":"0","right":"0","bottom":"0","left":"0","isLinked":false}},"elements":[{"id":"da1aa2b","settings":{"align":"left","heading_title":"CONTACT INFO","heading_title_size":{"unit":"px","size":14,"sizes":[]},"heading_title_line_height":{"unit":"px","size":21,"sizes":[]},"heading_title_color":"#000000","heading_title_typography_typography":"custom","heading_title_typography_font_weight":"700","_margin":{"unit":"px","top":"0","right":"0","bottom":"0","left":"0","isLinked":false}},"elements":[],"isInner":false,"widgetType":"tbay-heading","elType":"widget"},{"id":"46612bf2","settings":{"editor":"(+99) 123 - 456 -789<br\/>\ncontact@example.com<br\/>\n71 Pilgrim Avenue, St.Chevy Chase, MD 20815","typography_typography":"custom","typography_line_height":{"unit":"px","size":30,"sizes":[]},"column_gap":{"unit":"px","size":0,"sizes":[]}},"elements":[],"isInner":false,"widgetType":"text-editor","elType":"widget"},{"id":"3905de74","settings":{"view":"inline","icon_list":[{"text":"Facebook","selected_icon":{"value":"icon- icon-social-facebook","library":"simple-line-icons"},"_id":"183cf8a","link":{"url":"#","is_external":"","nofollow":""}},{"text":"Twitter","selected_icon":{"value":"icon- icon-social-twitter","library":"simple-line-icons"},"_id":"2030cd2","link":{"url":"#","is_external":"","nofollow":""}},{"text":"Youtube","selected_icon":{"value":"icon- icon-social-youtube","library":"simple-line-icons"},"_id":"d1b4c1d","link":{"url":"#","is_external":"","nofollow":""}}],"icon_color":"#FD6E4F"},"elements":[],"isInner":false,"widgetType":"icon-list","elType":"widget"}],"isInner":false,"elType":"column"}],"isInner":false,"elType":"section"},{"id":"69258632","settings":{"stretch_section":"section-stretched","border_border":"solid","border_width":{"unit":"px","top":"1","right":"0","bottom":"0","left":"0","isLinked":false},"border_color":"#EEEEEE"},"elements":[{"id":"270ac9c3","settings":{"_column_size":100,"_inline_size":null},"elements":[{"id":"462dfae9","settings":{"editor":"Copyright \u00a9 2020 Puca. Designed by\u00a0<a href=\"http:\/\/thembay.com\/\">ThemBay<\/a>. All Rights Reserved.","align":"center","_padding":{"unit":"px","top":"25","right":"0","bottom":"25","left":"0","isLinked":false},"text_color":"#BBBBBB"},"elements":[],"isInner":false,"widgetType":"text-editor","elType":"widget"}],"isInner":false,"elType":"column"}],"isInner":false,"elType":"section"}]}