{"version":"0.4","title":"Template &#8211; Footer 2","type":"page","content":[{"id":"500eaea","settings":{"background_background":"classic","background_color":"#FCFCFC"},"elements":[{"id":"5c0057ba","settings":{"_column_size":100,"_inline_size":null},"elements":[{"id":"70c93737","settings":{"layout_type":"carousel","column":"6","col_desktop":"6","col_desktopsmall":"4","column_tablet":"4","col_landscape":"4","disable_mobile":""},"elements":[],"isInner":false,"widgetType":"tbay-brands","elType":"widget"}],"isInner":false,"elType":"column"}],"isInner":false,"elType":"section"},{"id":"26c0c64c","settings":{"structure":"40","padding":{"unit":"px","top":"60","right":"0","bottom":"65","left":"0","isLinked":false},"css_classes":"bottom-footer style2","padding_mobile":{"unit":"px","top":"50","right":"0","bottom":"0","left":"0","isLinked":false}},"elements":[{"id":"dbb83f","settings":{"_column_size":25,"_inline_size":33.329999999999998,"padding_mobile":{"unit":"px","top":"0","right":"0","bottom":"0","left":"0","isLinked":false}},"elements":[{"id":"19924d08","settings":{"image":{"url":"https:\/\/elementor.thembay.com\/puca\/wp-content\/uploads\/2017\/09\/logo-2.png","id":3801},"image_size":"full","align":"left","link_to":"custom","link":{"url":"#","is_external":"","nofollow":""},"_css_classes":"no-hover"},"elements":[],"isInner":false,"widgetType":"image","elType":"widget"},{"id":"7e9ba053","settings":{"editor":"<p>Lorem ipsum dolor sit amet, consec tiso cing elit, sedw do eiusmod tempor inciunt ut labore et dolore mag nai aliqua template 1990\u2019s.<\/p>"},"elements":[],"isInner":false,"widgetType":"text-editor","elType":"widget"}],"isInner":false,"elType":"column"},{"id":"6af2d059","settings":{"_column_size":25,"_inline_size":16.670000000000002,"padding_mobile":{"unit":"px","top":"0","right":"0","bottom":"0","left":"0","isLinked":false}},"elements":[{"id":"5e6006fc","settings":{"align":"left","heading_title":"INFORMATION","heading_title_size":{"unit":"px","size":14,"sizes":[]},"heading_title_line_height":{"unit":"px","size":21,"sizes":[]},"heading_title_color":"#000000","heading_title_typography_typography":"custom","heading_title_typography_font_weight":"700"},"elements":[],"isInner":false,"widgetType":"tbay-nav-menu","elType":"widget"}],"isInner":false,"elType":"column"},{"id":"786b498e","settings":{"_column_size":25,"_inline_size":16.670000000000002,"padding_mobile":{"unit":"px","top":"0","right":"0","bottom":"0","left":"0","isLinked":false}},"elements":[{"id":"7a6a9291","settings":{"align":"left","heading_title":"USER AREA","heading_title_size":{"unit":"px","size":14,"sizes":[]},"heading_title_line_height":{"unit":"px","size":21,"sizes":[]},"heading_title_color":"#000000","heading_title_typography_typography":"custom","heading_title_typography_font_weight":"700","heading_title_bottom_space":{"unit":"px","size":0,"sizes":[]}},"elements":[],"isInner":false,"widgetType":"tbay-nav-menu","elType":"widget"}],"isInner":false,"elType":"column"},{"id":"65edc68e","settings":{"_column_size":25,"_inline_size":33.329999999999998,"padding":{"unit":"px","top":"0","right":"15","bottom":"0","left":"15","isLinked":false},"padding_mobile":{"unit":"px","top":"0","right":"0","bottom":"30","left":"0","isLinked":false}},"elements":[{"id":"4e93322f","settings":{"align":"left","heading_title":"CONTACT INFO","heading_title_size":{"unit":"px","size":14,"sizes":[]},"heading_title_line_height":{"unit":"px","size":21,"sizes":[]},"heading_title_color":"#000000","heading_title_typography_typography":"custom","heading_title_typography_font_weight":"700"},"elements":[],"isInner":false,"widgetType":"tbay-heading","elType":"widget"},{"id":"4e1c4d","settings":{"editor":"(+99) 123 - 456 -789<br\/>\ncontact@example.com<br\/>\n71 Pilgrim Avenue, St.Chevy Chase, MD 20815","typography_typography":"custom","typography_line_height":{"unit":"px","size":30,"sizes":[]},"column_gap":{"unit":"px","size":0,"sizes":[]}},"elements":[],"isInner":false,"widgetType":"text-editor","elType":"widget"},{"id":"6cf605a7","settings":{"view":"inline","icon_list":[{"text":"Facebook","selected_icon":{"value":"icon- icon-social-facebook","library":"simple-line-icons"},"_id":"183cf8a","link":{"url":"#","is_external":"","nofollow":""}},{"text":"Twitter","selected_icon":{"value":"icon- icon-social-twitter","library":"simple-line-icons"},"_id":"2030cd2","link":{"url":"#","is_external":"","nofollow":""}},{"text":"Youtube","selected_icon":{"value":"icon- icon-social-youtube","library":"simple-line-icons"},"_id":"d1b4c1d","link":{"url":"#","is_external":"","nofollow":""}}],"icon_color":"#FD6E4F"},"elements":[],"isInner":false,"widgetType":"icon-list","elType":"widget"}],"isInner":false,"elType":"column"}],"isInner":false,"elType":"section"},{"id":"442806aa","settings":{"stretch_section":"section-stretched","border_border":"solid","border_width":{"unit":"px","top":"1","right":"0","bottom":"0","left":"0","isLinked":false},"border_color":"#EEEEEE"},"elements":[{"id":"530fc59a","settings":{"_column_size":100,"_inline_size":null,"padding_mobile":{"unit":"px","top":"0","right":"0","bottom":"0","left":"0","isLinked":false}},"elements":[{"id":"305c40dd","settings":{"editor":"Copyright \u00a9 2020 Puca. Designed by\u00a0<a href=\"http:\/\/thembay.com\/\">ThemBay<\/a>. All Rights Reserved.","align":"center","_padding":{"unit":"px","top":"25","right":"0","bottom":"25","left":"0","isLinked":false}},"elements":[],"isInner":false,"widgetType":"text-editor","elType":"widget"}],"isInner":false,"elType":"column"}],"isInner":false,"elType":"section"}]}