{"version":"0.4","title":"Template &#8211; Footer 3","type":"page","content":[{"id":"5888a89e","settings":{"padding":{"unit":"px","top":"0","right":"0","bottom":"60","left":"0","isLinked":false}},"elements":[{"id":"51e32a84","settings":{"_column_size":100,"_inline_size":null,"padding_mobile":{"unit":"px","top":"0","right":"0","bottom":"0","left":"0","isLinked":false}},"elements":[{"id":"63baae7a","settings":{"heading_title":"subscribe our newsletter","heading_description":"Sign up to newsletter mail-ist to get the latest blog - news & products update","style":"style3"},"elements":[],"isInner":false,"widgetType":"tbay-newsletter","elType":"widget"}],"isInner":false,"elType":"column"}],"isInner":false,"elType":"section"},{"id":"20eec026","settings":{"stretch_section":"section-stretched","background_background":"classic","background_image":{"url":"https:\/\/elementor.thembay.com\/puca\/wp-content\/uploads\/2017\/09\/bg-map-2.png","id":3919},"padding":{"unit":"px","top":"80","right":"0","bottom":"80","left":"0","isLinked":false}},"elements":[{"id":"a8f8ec8","settings":{"_column_size":100,"_inline_size":null},"elements":[{"id":"1045de69","settings":{"editor":"<h3>come &amp; shop with us<\/h3><p>71 Pilgrim Avenue, St.Chevy Chase, MD 20815.\u00a0<a href=\"https:\/\/elementor.thembay.com\/puca\/about-us\/#\">Get the direction<\/a><\/p>","align":"center","_css_classes":"content-map"},"elements":[],"isInner":false,"widgetType":"text-editor","elType":"widget"}],"isInner":false,"elType":"column"}],"isInner":false,"elType":"section"},{"id":"39157d8","settings":{"structure":"40","padding":{"unit":"px","top":"50","right":"0","bottom":"50","left":"0","isLinked":false}},"elements":[{"id":"22375519","settings":{"_column_size":25,"_inline_size":null,"padding_mobile":{"unit":"px","top":"0","right":"0","bottom":"0","left":"0","isLinked":false}},"elements":[{"id":"532b83a","settings":[],"elements":[],"isInner":false,"widgetType":"tbay-nav-menu","elType":"widget"}],"isInner":false,"elType":"column"},{"id":"1b259460","settings":{"_column_size":25,"_inline_size":null,"padding_mobile":{"unit":"px","top":"0","right":"0","bottom":"0","left":"0","isLinked":false}},"elements":[{"id":"19bfa7b5","settings":[],"elements":[],"isInner":false,"widgetType":"tbay-nav-menu","elType":"widget"}],"isInner":false,"elType":"column"},{"id":"70667ff7","settings":{"_column_size":25,"_inline_size":null,"padding_mobile":{"unit":"px","top":"0","right":"0","bottom":"0","left":"0","isLinked":false}},"elements":[{"id":"6f19c195","settings":[],"elements":[],"isInner":false,"widgetType":"tbay-nav-menu","elType":"widget"}],"isInner":false,"elType":"column"},{"id":"21ace088","settings":{"_column_size":25,"_inline_size":null,"padding_mobile":{"unit":"px","top":"0","right":"0","bottom":"0","left":"0","isLinked":false}},"elements":[{"id":"783a4de5","settings":[],"elements":[],"isInner":false,"widgetType":"tbay-nav-menu","elType":"widget"}],"isInner":false,"elType":"column"}],"isInner":false,"elType":"section"},{"id":"1326f829","settings":{"structure":"30","background_background":"classic","background_color":"#0A0E39","padding":{"unit":"px","top":"20","right":"0","bottom":"20","left":"0","isLinked":false},"layout":"full_width"},"elements":[{"id":"7c296ca7","settings":{"_column_size":33,"_inline_size":null,"content_position":"center","_inline_size_tablet":50},"elements":[{"id":"27ad2793","settings":{"editor":"Copyright \u00a9 2020 Puca. Designed by\u00a0<a href=\"http:\/\/thembay.com\/\">ThemBay<\/a>.","text_color":"#FFFFFF","typography_typography":"custom","typography_font_size":{"unit":"px","size":12,"sizes":[]},"typography_font_weight":"500","align":"center","align_tablet":"left","align_mobile":"center"},"elements":[],"isInner":false,"widgetType":"text-editor","elType":"widget"}],"isInner":false,"elType":"column"},{"id":"cd28828","settings":{"_column_size":33,"_inline_size":null,"content_position":"center","_inline_size_tablet":50},"elements":[{"id":"79acf633","settings":{"view":"inline","icon_list":[{"text":"Facebook","selected_icon":{"value":"icon- icon-social-facebook","library":"simple-line-icons"},"_id":"7530670","link":{"url":"#","is_external":"","nofollow":""}},{"text":"Twitter","selected_icon":{"value":"icon- icon-social-twitter","library":"simple-line-icons"},"_id":"c21659c","link":{"url":"#","is_external":"","nofollow":""}},{"text":"Youtube","selected_icon":{"value":"icon- icon-social-youtube","library":"simple-line-icons"},"_id":"7686238","link":{"url":"#","is_external":"","nofollow":""}}],"icon_align":"center","icon_color":"#FD6E4F","text_color":"#FFFFFF","icon_align_tablet":"right","icon_align_mobile":"center"},"elements":[],"isInner":false,"widgetType":"icon-list","elType":"widget"}],"isInner":false,"elType":"column"},{"id":"5fa7f3ce","settings":{"_column_size":33,"_inline_size":null,"content_position":"center","hide_tablet":"hidden-tablet","hide_mobile":"hidden-phone"},"elements":[{"id":"77632eae","settings":{"editor":"<ul class=\"footer-info\"><li>(+99) 123 - 456 -789<\/li><li>contact@example.com<\/li><\/ul>","align":"center","text_color":"#FFFFFF"},"elements":[],"isInner":false,"widgetType":"text-editor","elType":"widget"}],"isInner":false,"elType":"column"}],"isInner":false,"elType":"section"}]}