{"version":"0.4","title":"Template &#8211; Footer 4","type":"page","content":[{"id":"58ab3dc0","settings":{"structure":"40","padding":{"unit":"px","top":"40","right":"0","bottom":"50","left":"0","isLinked":false}},"elements":[{"id":"5609e025","settings":{"_column_size":25,"_inline_size":33.329999999999998,"padding_mobile":{"unit":"px","top":"0","right":"0","bottom":"0","left":"0","isLinked":false}},"elements":[{"id":"29473d1e","settings":{"image":{"url":"https:\/\/elementor.thembay.com\/puca\/wp-content\/uploads\/2017\/09\/logo-2.png","id":3801},"align":"left","link_to":"custom","link":{"url":"#","is_external":"","nofollow":""},"_padding_mobile":{"unit":"px","top":"0","right":"0","bottom":"15","left":"0","isLinked":false},"_css_classes":"no-hover"},"elements":[],"isInner":false,"widgetType":"image","elType":"widget"},{"id":"54177f8","settings":{"editor":"<p>Lorem ipsum dolor sit amet, consec tiso cing elit, sedw do eiusmod tempor inciunt ut labore et dolore mag nai aliqua template 1990\u2019s.<\/p>"},"elements":[],"isInner":false,"widgetType":"text-editor","elType":"widget"}],"isInner":false,"elType":"column"},{"id":"4dcb14ad","settings":{"_column_size":25,"_inline_size":16.670000000000002,"padding_mobile":{"unit":"px","top":"0","right":"0","bottom":"0","left":"0","isLinked":false}},"elements":[{"id":"1b6cbe74","settings":{"align":"left","heading_title":"information","heading_title_size":{"unit":"px","size":14,"sizes":[]},"heading_title_line_height":{"unit":"px","size":21,"sizes":[]},"heading_title_color":"#000000","heading_title_typography_typography":"custom","heading_title_typography_font_weight":"700","heading_title_typography_text_transform":"uppercase"},"elements":[],"isInner":false,"widgetType":"tbay-nav-menu","elType":"widget"}],"isInner":false,"elType":"column"},{"id":"1741d60d","settings":{"_column_size":25,"_inline_size":16.670000000000002,"padding_mobile":{"unit":"px","top":"0","right":"0","bottom":"0","left":"0","isLinked":false}},"elements":[{"id":"3698dbed","settings":{"align":"left","heading_title":"user area","heading_title_size":{"unit":"px","size":14,"sizes":[]},"heading_title_line_height":{"unit":"px","size":21,"sizes":[]},"heading_title_color":"#000000","heading_title_typography_typography":"custom","heading_title_typography_font_weight":"700","heading_title_typography_text_transform":"uppercase"},"elements":[],"isInner":false,"widgetType":"tbay-nav-menu","elType":"widget"}],"isInner":false,"elType":"column"},{"id":"39afc25e","settings":{"_column_size":25,"_inline_size":33.329999999999998,"padding_mobile":{"unit":"px","top":"0","right":"0","bottom":"0","left":"0","isLinked":false}},"elements":[{"id":"71b0e7e2","settings":{"align":"left","heading_title":"contact info","heading_title_size":{"unit":"px","size":14,"sizes":[]},"heading_title_line_height":{"unit":"px","size":21,"sizes":[]},"heading_title_color":"#000000","heading_title_typography_typography":"custom","heading_title_typography_font_weight":"700","heading_title_typography_text_transform":"uppercase"},"elements":[],"isInner":false,"widgetType":"tbay-heading","elType":"widget"},{"id":"1ea8597d","settings":{"view":"inline","icon_list":[{"text":"Facebook","selected_icon":{"value":"icon- icon-social-facebook","library":"simple-line-icons"},"_id":"13e74b0","link":{"url":"#","is_external":"","nofollow":""}},{"text":"Twitter","selected_icon":{"value":"icon- icon-social-twitter","library":"simple-line-icons"},"_id":"b678f08","link":{"url":"#","is_external":"","nofollow":""}},{"text":"Youtube","selected_icon":{"value":"icon- icon-social-youtube","library":"simple-line-icons"},"_id":"c1d1d2c","link":{"url":"#","is_external":"","nofollow":""}}],"icon_color":"#FD6E4F"},"elements":[],"isInner":false,"widgetType":"icon-list","elType":"widget"},{"id":"39d25648","settings":{"editor":"<p>(+99) 123 - 456 -789<\/p><p>contact@example.com<\/p><p>71 Pilgrim Avenue, St.Chevy Chase, MD 20815<\/p>"},"elements":[],"isInner":false,"widgetType":"text-editor","elType":"widget"}],"isInner":false,"elType":"column"}],"isInner":false,"elType":"section"},{"id":"1793175c","settings":{"background_background":"classic","background_color":"#FCFCFC","padding":{"unit":"px","top":"0","right":"0","bottom":"20","left":"0","isLinked":false}},"elements":[{"id":"45533947","settings":{"_column_size":100,"_inline_size":null},"elements":[{"id":"1db13198","settings":{"editor":"Copyright \u00a9 2020 Puca. Designed by\u00a0<a href=\"http:\/\/thembay.com\/\">ThemBay<\/a>. All Rights Reserved.","align":"center"},"elements":[],"isInner":false,"widgetType":"text-editor","elType":"widget"}],"isInner":false,"elType":"column"}],"isInner":false,"elType":"section"}]}