{"version":"0.4","title":"Template &#8211; Footer 6","type":"page","content":[{"id":"1eb3ec86","settings":{"padding":{"unit":"px","top":"50","right":"0","bottom":"0","left":"0","isLinked":false}},"elements":[{"id":"afa1e96","settings":{"_column_size":100,"_inline_size":null,"padding_mobile":{"unit":"px","top":"0","right":"0","bottom":"0","left":"0","isLinked":false}},"elements":[{"id":"369b2568","settings":{"heading_title":"subscribe newsletter","style":"style2","heading_description":"Subcribe to our newsletter to get the lastest news and products updates directly to your email. Just a second to subsrcibe today"},"elements":[],"isInner":false,"widgetType":"tbay-newsletter","elType":"widget"}],"isInner":false,"elType":"column"}],"isInner":false,"elType":"section"},{"id":"4c0d42f0","settings":{"padding":{"unit":"px","top":"40","right":"0","bottom":"30","left":"0","isLinked":false}},"elements":[{"id":"1159d702","settings":{"_column_size":100,"_inline_size":null},"elements":[{"id":"7e8dcc71","settings":{"view":"inline","icon_list":[{"text":"Facebook","selected_icon":{"value":"icon- icon-social-facebook","library":"simple-line-icons"},"_id":"13e74b0","link":{"url":"#","is_external":"","nofollow":""}},{"text":"Twitter","selected_icon":{"value":"icon- icon-social-twitter","library":"simple-line-icons"},"_id":"b678f08","link":{"url":"#","is_external":"","nofollow":""}},{"text":"Youtube","selected_icon":{"value":"icon- icon-social-youtube","library":"simple-line-icons"},"_id":"c1d1d2c","link":{"url":"#","is_external":"","nofollow":""}}],"icon_color":"#FD6E4F","icon_align":"center"},"elements":[],"isInner":false,"widgetType":"icon-list","elType":"widget"}],"isInner":false,"elType":"column"}],"isInner":false,"elType":"section"},{"id":"fa3f6c1","settings":{"background_background":"classic","background_color":"#0A0E39","padding":{"unit":"px","top":"25","right":"0","bottom":"25","left":"0","isLinked":false},"structure":"20","border_width":{"unit":"px","top":"0","right":"0","bottom":"0","left":"0","isLinked":false},"border_color":"#EEEEEE"},"elements":[{"id":"26b89f02","settings":{"_column_size":50,"_inline_size":null,"_inline_size_tablet":100,"padding_mobile":{"unit":"px","top":"0","right":"0","bottom":"0","left":"0","isLinked":false}},"elements":[{"id":"bfec48e","settings":{"editor":"Copyright \u00a9 2020 Puca. Designed by\u00a0<a href=\"http:\/\/thembay.com\/\">ThemBay<\/a>. All Rights Reserved.","align":"left","text_color":"#BBBBBB","align_tablet":"center"},"elements":[],"isInner":false,"widgetType":"text-editor","elType":"widget"}],"isInner":false,"elType":"column"},{"id":"2e6ffb4b","settings":{"_column_size":50,"_inline_size":null,"hide_tablet":"hidden-tablet","hide_mobile":"hidden-phone","padding_mobile":{"unit":"px","top":"0","right":"0","bottom":"0","left":"0","isLinked":false}},"elements":[{"id":"2ed5f6a0","settings":{"editor":"<ul class=\"footer-info color-white\"><li>(+99) 123 - 456 -789<\/li><li>contact@example.com<\/li><\/ul>","align":"right","text_color":"#FFFFFF"},"elements":[],"isInner":false,"widgetType":"text-editor","elType":"widget"}],"isInner":false,"elType":"column"}],"isInner":false,"elType":"section"}]}