{"version":"0.4","title":"Template &#8211; Footer 1","type":"page","content":[{"id":"1fe8d31d","settings":{"structure":"40","padding":{"unit":"px","top":"50","right":"0","bottom":"0","left":"0","isLinked":false},"padding_tablet":{"unit":"px","top":"50","right":"0","bottom":"0","left":"0","isLinked":false},"padding_mobile":{"unit":"px","top":"0","right":"0","bottom":"0","left":"0","isLinked":false}},"elements":[{"id":"59c3385e","settings":{"_column_size":25,"_inline_size":33.329999999999998,"padding":{"unit":"px","top":"0","right":"15","bottom":"50","left":"15","isLinked":false},"padding_mobile":{"unit":"px","top":"0","right":"0","bottom":"0","left":"0","isLinked":false}},"elements":[{"id":"503cdd92","settings":{"heading_title":"subscribe newsletter","align":"left"},"elements":[],"isInner":false,"widgetType":"tbay-newsletter","elType":"widget"}],"isInner":false,"elType":"column"},{"id":"72284d79","settings":{"_column_size":25,"_inline_size":16.670000000000002,"padding":{"unit":"px","top":"0","right":"15","bottom":"50","left":"15","isLinked":false},"padding_mobile":{"unit":"px","top":"0","right":"0","bottom":"0","left":"0","isLinked":false}},"elements":[{"id":"7799406a","settings":[],"elements":[],"isInner":false,"widgetType":"tbay-nav-menu","elType":"widget"}],"isInner":false,"elType":"column"},{"id":"6100d897","settings":{"_column_size":25,"_inline_size":16.670000000000002,"padding":{"unit":"px","top":"0","right":"15","bottom":"50","left":"15","isLinked":false},"padding_mobile":{"unit":"px","top":"0","right":"0","bottom":"0","left":"0","isLinked":false}},"elements":[{"id":"755e7c3c","settings":[],"elements":[],"isInner":false,"widgetType":"tbay-nav-menu","elType":"widget"}],"isInner":false,"elType":"column"},{"id":"76396fc6","settings":{"_column_size":25,"_inline_size":33.329999999999998,"padding":{"unit":"px","top":"0","right":"15","bottom":"50","left":"15","isLinked":false},"padding_mobile":{"unit":"px","top":"0","right":"0","bottom":"30","left":"0","isLinked":false}},"elements":[{"id":"4403227d","settings":{"editor":"(+99) 123 - 456 -789<br\/>\ncontact@example.com<br\/>\n71 Pilgrim Avenue, St.Chevy Chase, MD 20815","typography_typography":"custom","typography_line_height":{"unit":"px","size":30,"sizes":[]},"column_gap":{"unit":"px","size":0,"sizes":[]}},"elements":[],"isInner":false,"widgetType":"text-editor","elType":"widget"},{"id":"401c0255","settings":{"social_icon_list":[{"social_icon":{"value":"icon- icon-social-facebook","library":"simple-line-icons"},"_id":"0259372","link":{"url":"#","is_external":"true","nofollow":""},"item_icon_color":"custom","item_icon_primary_color":"#3B5998","item_icon_secondary_color":""},{"social_icon":{"value":"icon- icon-social-twitter","library":"simple-line-icons"},"_id":"e194b88","link":{"url":"#","is_external":"true","nofollow":""},"item_icon_color":"custom","item_icon_primary_color":"#1EA1F3","item_icon_secondary_color":""},{"social_icon":{"value":"icon- icon-social-pinterest","library":"simple-line-icons"},"_id":"863f60c","link":{"url":"#","is_external":"true","nofollow":""},"item_icon_color":"custom","item_icon_primary_color":"#BD081B","item_icon_secondary_color":""}],"shape":"square","align":"left","icon_size":{"unit":"px","size":15,"sizes":[]},"icon_padding":{"unit":"em","size":0.40000000000000002,"sizes":[]},"icon_spacing":{"unit":"px","size":5,"sizes":[]}},"elements":[],"isInner":false,"widgetType":"social-icons","elType":"widget"}],"isInner":false,"elType":"column"}],"isInner":false,"elType":"section"},{"id":"5ad06f2a","settings":{"background_background":"classic","background_color":"#FAFAFA","padding":{"unit":"px","top":"10","right":"10","bottom":"10","left":"10","isLinked":true}},"elements":[{"id":"53822ca3","settings":{"_column_size":100,"_inline_size":null,"padding_mobile":{"unit":"px","top":"0","right":"0","bottom":"0","left":"0","isLinked":false}},"elements":[{"id":"2d5066e8","settings":{"editor":"Copyright \u00a9 2020 Puca. Designed by\u00a0<a href=\"http:\/\/thembay.com\/\">ThemBay<\/a>. All Rights Reserved.","align":"center"},"elements":[],"isInner":false,"widgetType":"text-editor","elType":"widget"}],"isInner":false,"elType":"column"}],"isInner":false,"elType":"section"}]}