{"version":"0.4","title":"template_home_2","type":"page","content":[{"id":"54e2f756","settings":{"stretch_section":"section-stretched","layout":"full_width","padding":{"unit":"px","top":"0","right":"50","bottom":"0","left":"50","isLinked":false},"padding_mobile":{"unit":"px","top":"0","right":"0","bottom":"0","left":"0","isLinked":false},"padding_tablet":{"unit":"px","top":"0","right":"0","bottom":"0","left":"0","isLinked":false}},"elements":[{"id":"6f51188b","settings":{"_column_size":100,"_inline_size":null,"padding_mobile":{"unit":"px","top":"10","right":"0","bottom":"10","left":"0","isLinked":false}},"elements":[{"id":"1dc95651","settings":{"revslidertitle":"Fashion 2 Home 2","shortcode":"[rev_slider alias=\"fashion-2-home-2\"][\/rev_slider]"},"elements":[],"isInner":false,"widgetType":"slider_revolution","elType":"widget"}],"isInner":false,"elType":"column"}],"isInner":false,"elType":"section"},{"id":"2fb2633d","settings":{"padding":{"unit":"px","top":"117","right":"0","bottom":"129","left":"0","isLinked":false},"stretch_section":"section-stretched","padding_mobile":{"unit":"px","top":"0","right":"0","bottom":"0","left":"0","isLinked":false},"hide_mobile":"hidden-phone","padding_tablet":{"unit":"px","top":"0","right":"0","bottom":"0","left":"0","isLinked":false}},"elements":[{"id":"45e53b8d","settings":{"_column_size":100,"_inline_size":null},"elements":[{"id":"3cea640e","settings":{"heading_title":"happy shopping with Puca","heading_description":"\u201cWe all hope you to enjoy express worldwide delivery and same-day delivery in London, New York, Paris, Los Angeles, Miami, Madrid, Milan, Barcelona and Rome, plus swift and simple returns, and exciting new men\u2019s and women\u2019s pieces uploaded every day. Thank my friends!\u201d","styles":"style2"},"elements":[],"isInner":false,"widgetType":"tbay-heading","elType":"widget"},{"id":"64ba9b0c","settings":{"image":{"url":"https:\/\/elementor.thembay.com\/puca_fashion2\/wp-content\/uploads\/2018\/01\/home1_banner1.jpg","id":4193},"_padding":{"unit":"px","top":"10","right":"0","bottom":"0","left":"0","isLinked":false}},"elements":[],"isInner":false,"widgetType":"image","elType":"widget"},{"id":"526786ef","settings":{"heading_title":"K.alatinsk","heading_subtitle":"Puca's Fashion Co-Founder","styles":"stylesmall","heading_title_typography_typography":"custom","heading_title_typography_font_size":{"unit":"px","size":13,"sizes":[]},"heading_title_typography_line_height":{"unit":"px","size":20,"sizes":[]},"heading_subtitle_typography_typography":"custom","heading_subtitle_typography_font_size":{"unit":"px","size":13,"sizes":[]},"heading_subtitle_typography_font_weight":"400","heading_subtitle_typography_font_style":"italic","heading_subtitle_typography_line_height":{"unit":"px","size":20,"sizes":[]},"_padding":{"unit":"px","top":"30","right":"0","bottom":"0","left":"0","isLinked":false}},"elements":[],"isInner":false,"widgetType":"tbay-heading","elType":"widget"},{"id":"588507ff","settings":{"text_button":"more about us ","link_button":{"url":"#","is_external":"","nofollow":""},"_padding":{"unit":"px","top":"0","right":"0","bottom":"20","left":"0","isLinked":false},"btn_align":"center"},"elements":[],"isInner":false,"widgetType":"tbay-button","elType":"widget"}],"isInner":false,"elType":"column"}],"isInner":false,"elType":"section"},{"id":"19541c87","settings":{"stretch_section":"section-stretched","layout":"full_width","structure":"20","padding":{"unit":"px","top":"0","right":"50","bottom":"0","left":"50","isLinked":false},"padding_mobile":{"unit":"px","top":"10","right":"0","bottom":"0","left":"0","isLinked":false},"padding_tablet":{"unit":"px","top":"0","right":"15","bottom":"0","left":"15","isLinked":false}},"elements":[{"id":"2ea9a67e","settings":{"_column_size":50,"_inline_size":null,"_inline_size_mobile":50,"padding_tablet":{"unit":"px","top":"0","right":"15","bottom":"0","left":"15","isLinked":false},"padding_mobile":{"unit":"px","top":"0","right":"5","bottom":"0","left":"0","isLinked":false}},"elements":[{"id":"203b67d1","settings":{"image":{"url":"https:\/\/elementor.thembay.com\/puca_fashion2\/wp-content\/uploads\/2018\/01\/home2_banner1.jpg","id":4235},"image_size":"full","align":"center","link_to":"custom","link":{"url":"#","is_external":"","nofollow":""},"align_mobile":"left"},"elements":[],"isInner":false,"widgetType":"image","elType":"widget"}],"isInner":false,"elType":"column"},{"id":"42e8bd73","settings":{"_column_size":50,"_inline_size":null,"_inline_size_mobile":50,"padding_tablet":{"unit":"px","top":"0","right":"15","bottom":"0","left":"15","isLinked":false},"padding_mobile":{"unit":"px","top":"0","right":"0","bottom":"0","left":"5","isLinked":false}},"elements":[{"id":"66c584ef","settings":{"image":{"url":"https:\/\/elementor.thembay.com\/puca_fashion2\/wp-content\/uploads\/2018\/01\/home2_banner2.jpg","id":4236},"image_size":"full","align":"center","link_to":"custom","link":{"url":"#","is_external":"","nofollow":""}},"elements":[],"isInner":false,"widgetType":"image","elType":"widget"}],"isInner":false,"elType":"column"}],"isInner":false,"elType":"section"},{"id":"7825562d","settings":{"stretch_section":"section-stretched","padding":{"unit":"px","top":"87","right":"0","bottom":"150","left":"0","isLinked":false},"padding_mobile":{"unit":"px","top":"0","right":"0","bottom":"0","left":"0","isLinked":false},"padding_tablet":{"unit":"px","top":"0","right":"10","bottom":"0","left":"10","isLinked":false}},"elements":[{"id":"49c8bfb8","settings":{"_column_size":100,"_inline_size":null,"padding_mobile":{"unit":"px","top":"0","right":"0","bottom":"0","left":"0","isLinked":false},"padding_tablet":{"unit":"px","top":"0","right":"15","bottom":"0","left":"15","isLinked":false}},"elements":[{"id":"52d5205a","settings":{"heading_title":"must have in this season","heading_description":"Holiday gifts for everyone. Choose two favorites and enjoy 70% off for all men denim jacket","styles":"style1"},"elements":[],"isInner":false,"widgetType":"tbay-heading","elType":"widget"},{"id":"5384940f","settings":{"categories":["accessories"],"show_more":"yes","text_button":"view all products","selected_icon":{"value":"icon- icon-arrow-right","library":"simple-line-icons"},"column":"4","col_desktop":"3","col_desktopsmall":"3","col_landscape":"3","limit":4,"_padding_tablet":{"unit":"px","top":"0","right":"0","bottom":"50","left":"0","isLinked":false}},"elements":[],"isInner":false,"widgetType":"tbay-products","elType":"widget"}],"isInner":false,"elType":"column"}],"isInner":false,"elType":"section"},{"id":"77a6583c","settings":{"stretch_section":"section-stretched","layout":"full_width","padding":{"unit":"px","top":"0","right":"50","bottom":"0","left":"50","isLinked":false},"padding_tablet":{"unit":"px","top":"0","right":"0","bottom":"0","left":"0","isLinked":false},"padding_mobile":{"unit":"px","top":"0","right":"0","bottom":"0","left":"0","isLinked":false},"hide_mobile":"hidden-phone"},"elements":[{"id":"3e731efc","settings":{"_column_size":100,"_inline_size":null},"elements":[{"id":"2867ae75","settings":{"layout":"full_width","gap":"no","background_background":"classic","background_color":"#FFFFFF","background_image":{"url":"https:\/\/elementor.thembay.com\/puca_fashion2\/wp-content\/uploads\/2018\/01\/home2_testi.jpg","id":4273},"background_position":"center center","background_repeat":"no-repeat","background_size":"cover"},"elements":[{"id":"70e3809e","settings":{"_column_size":100,"_inline_size":null},"elements":[{"id":"54b49ada","settings":{"heading_title":"The testimonials","heading_subtitle":"min","column":"1","col_desktop":"1","col_desktopsmall":"1","col_landscape":"1","heading_style_margin":{"unit":"px","top":"0","right":"0","bottom":"0","left":"0","isLinked":true},"heading_style_padding":{"unit":"px","top":"57","right":"0","bottom":"0","left":"0","isLinked":false},"_margin":{"unit":"px","top":"11","right":"13","bottom":"11","left":"13","isLinked":false},"_background_background":"classic","_background_color":"#FFFFFF","column_tablet":"1","column_mobile":"1","navigation":"","disable_mobile":"","_padding_mobile":{"unit":"px","top":"10","right":"10","bottom":"10","left":"10","isLinked":true}},"elements":[],"isInner":false,"widgetType":"tbay-testimonials","elType":"widget"}],"isInner":true,"elType":"column"}],"isInner":true,"elType":"section"}],"isInner":false,"elType":"column"}],"isInner":false,"elType":"section"},{"id":"7b4b67fd","settings":{"stretch_section":"section-stretched"},"elements":[{"id":"28225680","settings":{"_column_size":100},"elements":[{"id":"2fa720a0","settings":{"editor":"<p style=\"text-align: center;\"><i class=\"icons icon-note\"><\/i>How\u2018re we doing? <a class=\"color-primary\" href=\"#\">Give us a feedback.<\/a><br \/>It\u2019s very important to us to improve your experiences, many thanks for your contributions.<\/p>","_css_classes":"text-feedback","typography_typography":"custom","typography_line_height":{"unit":"px","size":30,"sizes":[]},"_padding":{"unit":"px","top":"110","right":"0","bottom":"72","left":"0","isLinked":false},"_padding_mobile":{"unit":"px","top":"50","right":"0","bottom":"38","left":"0","isLinked":false},"text_color":"#BBBBBB","_padding_tablet":{"unit":"px","top":"0","right":"0","bottom":"17","left":"0","isLinked":false}},"elements":[],"isInner":false,"widgetType":"text-editor","elType":"widget"}],"isInner":false,"elType":"column"}],"isInner":false,"elType":"section"},{"id":"213369a0","settings":{"gap":"no"},"elements":[{"id":"364f5aff","settings":{"_column_size":100,"_inline_size":null,"padding_mobile":{"unit":"px","top":"0","right":"0","bottom":"0","left":"0","isLinked":false}},"elements":[{"id":"6a498809","settings":{"heading_title":"our blogs & news","heading_description":"Go along with your fashion","styles":"style1","heading_description_bottom_space":{"unit":"px","size":3,"sizes":[]},"_padding_mobile":{"unit":"px","top":"0","right":"0","bottom":"10","left":"0","isLinked":false}},"elements":[],"isInner":false,"widgetType":"tbay-heading","elType":"widget"},{"id":"b42a920","settings":{"text":"See all news","align":"center","size":"xs","selected_icon":{"value":"icon- icon-arrow-right","library":"simple-line-icons"},"icon_align":"right","icon_indent":{"unit":"px","size":7,"sizes":[]},"typography_typography":"custom","typography_font_size":{"unit":"px","size":13,"sizes":[]},"typography_font_weight":"700","typography_text_transform":"uppercase","typography_line_height":{"unit":"px","size":23,"sizes":[]},"button_text_color":"#000000","background_color":"#FFFFFF","hover_color":"#FFFFFF","button_background_hover_color":"#000000","border_border":"solid","border_width":{"unit":"px","top":"1","right":"1","bottom":"1","left":"1","isLinked":true},"border_color":"#000000","border_radius":{"unit":"px","top":"0","right":"0","bottom":"0","left":"0","isLinked":true},"text_padding":{"unit":"px","top":"7","right":"30","bottom":"7","left":"30","isLinked":false},"_margin":{"unit":"px","top":"-8","right":"0","bottom":"0","left":"0","isLinked":false},"_padding":{"unit":"px","top":"0","right":"0","bottom":"31","left":"0","isLinked":false},"_margin_mobile":{"unit":"px","top":"0","right":"0","bottom":"0","left":"0","isLinked":false},"_padding_mobile":{"unit":"px","top":"0","right":"0","bottom":"0","left":"0","isLinked":false}},"elements":[],"isInner":false,"widgetType":"button","elType":"widget"},{"id":"474c8674","settings":{"column":"3","col_desktop":"3","column_tablet":"2","column_mobile":"1","col_desktopsmall":"3","_padding_mobile":{"unit":"px","top":"0","right":"0","bottom":"20","left":"0","isLinked":false},"layout_type":"carousel-v2","navigation":"","pagination":"yes"},"elements":[],"isInner":false,"widgetType":"tbay-posts-grid","elType":"widget"}],"isInner":false,"elType":"column"}],"isInner":false,"elType":"section"}]}