{"version":"0.4","title":"template_home_6","type":"page","content":[{"id":"73b805ee","settings":{"stretch_section":"section-stretched","layout":"full_width","background_overlay_background":"classic","background_overlay_image":{"url":"https:\/\/elementor.thembay.com\/puca_fashion2\/wp-content\/uploads\/2018\/01\/home6_banner1.jpg","id":4474},"background_overlay_position":"bottom center","background_overlay_attachment":"fixed","background_overlay_repeat":"no-repeat","background_overlay_size":"cover","background_overlay_opacity":{"unit":"px","size":1,"sizes":[]}},"elements":[{"id":"46132ee","settings":{"_column_size":100,"_inline_size":null,"padding":{"unit":"px","top":"0","right":"0","bottom":"0","left":"0","isLinked":false},"padding_mobile":{"unit":"px","top":"0","right":"0","bottom":"0","left":"0","isLinked":false}},"elements":[{"id":"40315054","settings":{"layout":"full_width","structure":"20","background_background":"classic","background_image":{"url":"https:\/\/elementor.thembay.com\/puca_fashion2\/wp-content\/uploads\/2017\/12\/bg-tags.jpg","id":4104},"background_position":"center center","background_repeat":"no-repeat","background_size":"cover"},"elements":[{"id":"6d096d23","settings":{"_column_size":50,"_inline_size":null,"padding":{"unit":"px","top":"0","right":"0","bottom":"0","left":"0","isLinked":false},"padding_mobile":{"unit":"px","top":"0","right":"0","bottom":"0","left":"0","isLinked":false}},"elements":[],"isInner":true,"elType":"column"},{"id":"2a826c5e","settings":{"_column_size":50,"_inline_size":null},"elements":[{"id":"2cd4f328","settings":{"limit":12,"heading_style_margin":{"unit":"px","top":"0","right":"-15","bottom":"0","left":"-15","isLinked":false},"heading_title":"TRENDING TAGS","heading_style_margin_mobile":{"unit":"px","top":"-60","right":"-10","bottom":"0","left":"-10","isLinked":false},"heading_style_margin_tablet":{"unit":"px","top":"0","right":"-45","bottom":"0","left":"0","isLinked":false}},"elements":[],"isInner":false,"widgetType":"tbay-fashion2-woocommerce-tags","elType":"widget"}],"isInner":true,"elType":"column"}],"isInner":true,"elType":"section"},{"id":"9b47c8b","settings":{"padding":{"unit":"px","top":"268","right":"0","bottom":"100","left":"0","isLinked":false},"border_border":"solid","border_width":{"unit":"px","top":"1","right":"0","bottom":"0","left":"0","isLinked":false},"border_color":"#FFFFFF","margin":{"unit":"px","top":"0","right":0,"bottom":"0","left":0,"isLinked":false},"padding_tablet":{"unit":"px","top":"70","right":"0","bottom":"70","left":"0","isLinked":false},"border_width_mobile":{"unit":"px","top":"10","right":"0","bottom":"0","left":"0","isLinked":false},"margin_mobile":{"unit":"px","top":"","right":0,"bottom":"","left":0,"isLinked":true}},"elements":[{"id":"54d44cc4","settings":{"_column_size":100,"_inline_size":null},"elements":[{"id":"e7a50a9","settings":{"banner_title":"women\u2019s accessories 2020","banner_sub_title":"Leather Mid-Heel T-Strap Hoodies","btn_text_1":"shop this","btn_link_1":{"url":"#","is_external":"","nofollow":""},"btn_text_2":"see related","btn_link_2":{"url":"#","is_external":"","nofollow":""}},"elements":[],"isInner":false,"widgetType":"tbay-fashion2-banner","elType":"widget"}],"isInner":true,"elType":"column"}],"isInner":true,"elType":"section"}],"isInner":false,"elType":"column"}],"isInner":false,"elType":"section"},{"id":"1ab37a43","settings":{"stretch_section":"section-stretched","padding":{"unit":"px","top":"117","right":"0","bottom":"140","left":"0","isLinked":false},"margin_mobile":{"unit":"px","top":"","right":0,"bottom":"","left":0,"isLinked":true},"padding_tablet":{"unit":"px","top":"50","right":"0","bottom":"0","left":"0","isLinked":false},"padding_mobile":{"unit":"px","top":"0","right":"0","bottom":"0","left":"0","isLinked":false}},"elements":[{"id":"36eaaa92","settings":{"_column_size":100,"_inline_size":null,"padding_mobile":{"unit":"px","top":"0","right":"0","bottom":"0","left":"0","isLinked":false}},"elements":[{"id":"8f8f6dd","settings":{"heading_title":"on black friday deals","heading_description":"Hodilay gifts for everyone. Choose two favorites and enjoy 70% off for all products only today","styles":"style1"},"elements":[],"isInner":false,"widgetType":"tbay-heading","elType":"widget"},{"id":"b002861","settings":{"limit":4,"categories":["clothing"],"show_more":"yes","text_button":"view all products","selected_icon":{"value":"icon- icon-arrow-right","library":"simple-line-icons"},"col_desktopsmall":"3","_margin_mobile":{"unit":"px","top":"0","right":"0","bottom":"60","left":"0","isLinked":false}},"elements":[],"isInner":false,"widgetType":"tbay-products","elType":"widget"}],"isInner":false,"elType":"column"}],"isInner":false,"elType":"section"},{"id":"aa4bbdd","settings":{"stretch_section":"section-stretched","layout":"full_width","background_overlay_background":"classic","background_overlay_image":{"url":"https:\/\/elementor.thembay.com\/puca_fashion2\/wp-content\/uploads\/2018\/01\/home6_banner2.jpg","id":4507},"background_overlay_position":"center center","background_overlay_attachment":"fixed","background_overlay_repeat":"no-repeat","padding":{"unit":"px","top":"268","right":"0","bottom":"100","left":"0","isLinked":false},"margin_tablet":{"unit":"px","top":"50","right":0,"bottom":"0","left":0,"isLinked":false},"margin_mobile":{"unit":"px","top":"","right":0,"bottom":"","left":0,"isLinked":true},"padding_tablet":{"unit":"px","top":"70","right":"0","bottom":"70","left":"0","isLinked":false},"background_overlay_opacity":{"unit":"px","size":1,"sizes":[]}},"elements":[{"id":"35bc647e","settings":{"_column_size":100,"_inline_size":null,"padding_mobile":{"unit":"px","top":"0","right":"0","bottom":"0","left":"0","isLinked":false}},"elements":[{"id":"53c14728","settings":[],"elements":[{"id":"13a71524","settings":{"_column_size":100,"_inline_size":null},"elements":[{"id":"27eb9a86","settings":{"banner_title":"women\u2019s denim jacket","banner_sub_title":"New fitted jacket collections 2020","style":"style2","btn_text_1":"shop now","btn_link_1":{"url":"#","is_external":"","nofollow":""},"btn_text_2":"view more","btn_link_2":{"url":"#","is_external":"","nofollow":""}},"elements":[],"isInner":false,"widgetType":"tbay-fashion2-banner","elType":"widget"}],"isInner":true,"elType":"column"}],"isInner":true,"elType":"section"}],"isInner":false,"elType":"column"}],"isInner":false,"elType":"section"},{"id":"11c77369","settings":{"padding":{"unit":"px","top":"117","right":"0","bottom":"97","left":"0","isLinked":false},"stretch_section":"section-stretched","padding_mobile":{"unit":"px","top":"0","right":"0","bottom":"0","left":"0","isLinked":false},"hide_mobile":"hidden-phone","padding_tablet":{"unit":"px","top":"20","right":"0","bottom":"0","left":"0","isLinked":false}},"elements":[{"id":"3b8e0f42","settings":{"_column_size":100,"_inline_size":null},"elements":[{"id":"2dbbc892","settings":{"heading_title":"happy shopping with Puca","heading_description":"\u201cWe all hope you to enjoy express worldwide delivery and same-day delivery in London, New York, Paris, Los Angeles, Miami, Madrid, Milan, Barcelona and Rome, plus swift and simple returns, and exciting new men\u2019s and women\u2019s pieces uploaded every day. Thank my friends!\u201d","styles":"style2"},"elements":[],"isInner":false,"widgetType":"tbay-heading","elType":"widget"},{"id":"5afb7b7b","settings":{"text_button":"more about us ","link_button":{"url":"#","is_external":"","nofollow":""},"_padding":{"unit":"px","top":"0","right":"0","bottom":"20","left":"0","isLinked":false},"btn_align":"center"},"elements":[],"isInner":false,"widgetType":"tbay-button","elType":"widget"}],"isInner":false,"elType":"column"}],"isInner":false,"elType":"section"},{"id":"237c83a5","settings":{"stretch_section":"section-stretched","padding_mobile":{"unit":"px","top":"0","right":"0","bottom":"0","left":"0","isLinked":false},"padding_tablet":{"unit":"px","top":"30","right":"0","bottom":"0","left":"0","isLinked":false}},"elements":[{"id":"3e9a2693","settings":{"_column_size":100,"_inline_size":null,"padding_mobile":{"unit":"px","top":"0","right":"0","bottom":"0","left":"0","isLinked":false}},"elements":[{"id":"19c0e773","settings":{"heading_title":"our product list","styles":"style1"},"elements":[],"isInner":false,"widgetType":"tbay-heading","elType":"widget"},{"id":"63c29756","settings":{"limit":4,"categories":["women"],"list_product_tabs":[{"product_tabs_title":"On Sale","product_tabs":"on_sale","_id":"8c02d39"},{"product_tabs_title":"Featured Product","product_tabs":"featured","_id":"607d9b1"},{"product_tabs_title":"Newest","product_tabs":"newest","_id":"6d178d3"},{"product_tabs_title":"Best Selling","product_tabs":"best_selling","_id":"f679a02"}],"col_desktopsmall":"3"},"elements":[],"isInner":false,"widgetType":"tbay-product-tabs","elType":"widget"},{"id":"2e9bf049","settings":{"text":"view all products","align":"center","size":"xs","selected_icon":{"value":"icon- icon-arrow-right","library":"simple-line-icons"},"icon_align":"right","icon_indent":{"unit":"px","size":7,"sizes":[]},"typography_typography":"custom","typography_font_size":{"unit":"px","size":13,"sizes":[]},"typography_font_weight":"700","typography_text_transform":"uppercase","typography_line_height":{"unit":"px","size":23,"sizes":[]},"button_text_color":"#000000","background_color":"#FFFFFF","hover_color":"#FFFFFF","button_background_hover_color":"#000000","border_border":"solid","border_width":{"unit":"px","top":"1","right":"1","bottom":"1","left":"1","isLinked":true},"border_color":"#000000","border_radius":{"unit":"px","top":"0","right":"0","bottom":"0","left":"0","isLinked":true},"text_padding":{"unit":"px","top":"7","right":"30","bottom":"7","left":"30","isLinked":false},"_margin_mobile":{"unit":"px","top":"0","right":"0","bottom":"0","left":"0","isLinked":false},"_padding_mobile":{"unit":"px","top":"0","right":"0","bottom":"0","left":"0","isLinked":false},"_padding":{"unit":"px","top":"33","right":"0","bottom":"117","left":"0","isLinked":false},"_padding_tablet":{"unit":"px","top":"20","right":"0","bottom":"0","left":"0","isLinked":false}},"elements":[],"isInner":false,"widgetType":"button","elType":"widget"}],"isInner":false,"elType":"column"}],"isInner":false,"elType":"section"},{"id":"42c4c5f4","settings":{"gap":"no","stretch_section":"section-stretched","layout":"full_width","padding_tablet":{"unit":"px","top":"50","right":"0","bottom":"0","left":"0","isLinked":false},"padding_mobile":{"unit":"px","top":"0","right":"0","bottom":"0","left":"0","isLinked":false}},"elements":[{"id":"458d1fc","settings":{"_column_size":100,"_inline_size":null,"padding_mobile":{"unit":"px","top":"0","right":"5","bottom":"0","left":"5","isLinked":false}},"elements":[{"id":"2329163c","settings":{"heading_title":"our blogs & news","heading_description":"Go along with your fashion","styles":"style1","heading_description_bottom_space":{"unit":"px","size":3,"sizes":[]},"_padding_mobile":{"unit":"px","top":"0","right":"0","bottom":"10","left":"0","isLinked":false}},"elements":[],"isInner":false,"widgetType":"tbay-heading","elType":"widget"},{"id":"1b32fc3d","settings":{"text":"all stories","align":"center","size":"xs","selected_icon":{"value":"icon- icon-arrow-right","library":"simple-line-icons"},"icon_align":"right","icon_indent":{"unit":"px","size":7,"sizes":[]},"typography_typography":"custom","typography_font_size":{"unit":"px","size":13,"sizes":[]},"typography_font_weight":"700","typography_text_transform":"uppercase","typography_line_height":{"unit":"px","size":23,"sizes":[]},"button_text_color":"#000000","background_color":"#FFFFFF","hover_color":"#FFFFFF","button_background_hover_color":"#000000","border_border":"solid","border_width":{"unit":"px","top":"1","right":"1","bottom":"1","left":"1","isLinked":true},"border_color":"#000000","border_radius":{"unit":"px","top":"0","right":"0","bottom":"0","left":"0","isLinked":true},"text_padding":{"unit":"px","top":"7","right":"30","bottom":"7","left":"30","isLinked":false},"_margin":{"unit":"px","top":"-8","right":"0","bottom":"0","left":"0","isLinked":false},"_padding":{"unit":"px","top":"0","right":"0","bottom":"31","left":"0","isLinked":false},"_margin_mobile":{"unit":"px","top":"0","right":"0","bottom":"0","left":"0","isLinked":false},"_padding_mobile":{"unit":"px","top":"0","right":"0","bottom":"0","left":"0","isLinked":false}},"elements":[],"isInner":false,"widgetType":"button","elType":"widget"},{"id":"14db11b","settings":{"column":"4","col_desktop":"3","column_tablet":"2","column_mobile":"1","col_desktopsmall":"3","_padding_mobile":{"unit":"px","top":"0","right":"0","bottom":"20","left":"0","isLinked":false},"layout_type":"carousel-v3","navigation":""},"elements":[],"isInner":false,"widgetType":"tbay-posts-grid","elType":"widget"}],"isInner":false,"elType":"column"}],"isInner":false,"elType":"section"},{"id":"213646b7","settings":{"stretch_section":"section-stretched","padding":{"unit":"px","top":"40","right":"0","bottom":"105","left":"0","isLinked":false},"padding_tablet":{"unit":"px","top":"0","right":"0","bottom":"30","left":"0","isLinked":false}},"elements":[{"id":"204c95f1","settings":{"_column_size":100,"_inline_size":null,"padding_tablet":{"unit":"px","top":"0","right":"0","bottom":"0","left":"0","isLinked":false}},"elements":[{"id":"6abb0a9d","settings":{"editor":"<p style=\"text-align: center;\"><i class=\"icon-note icons\"><\/i> <em>How\u2018re we doing? <a class=\"color-primary\" href=\"#\">Give us a feedback.<\/a><\/em><br \/><em>It\u2019s very important to us to improve your experiences, many thanks for your contributions.<\/em><\/p>","_css_classes":"text-feedback"},"elements":[],"isInner":false,"widgetType":"text-editor","elType":"widget"}],"isInner":false,"elType":"column"}],"isInner":false,"elType":"section"}]}