{"version":"0.4","title":"template_home_8","type":"page","content":[{"id":"1f296b0e","settings":{"stretch_section":"section-stretched","layout":"full_width","padding":{"unit":"px","top":"0","right":"50","bottom":"0","left":"50","isLinked":false},"padding_tablet":{"unit":"px","top":"0","right":"0","bottom":"0","left":"0","isLinked":false}},"elements":[{"id":"657562a2","settings":{"_column_size":100,"_inline_size":null,"padding_mobile":{"unit":"px","top":"0","right":"0","bottom":"0","left":"0","isLinked":false}},"elements":[{"id":"185f915","settings":{"revslidertitle":"Fashion 2 Home 8","shortcode":"[rev_slider alias=\"fashion-2-home-8\"][\/rev_slider]"},"elements":[],"isInner":false,"widgetType":"slider_revolution","elType":"widget"}],"isInner":false,"elType":"column"}],"isInner":false,"elType":"section"},{"id":"7ec0127e","settings":{"padding":{"unit":"px","top":"117","right":"0","bottom":"97","left":"0","isLinked":false},"stretch_section":"section-stretched","padding_mobile":{"unit":"px","top":"0","right":"0","bottom":"0","left":"0","isLinked":false},"hide_mobile":"hidden-phone","padding_tablet":{"unit":"px","top":"0","right":"0","bottom":"0","left":"0","isLinked":false}},"elements":[{"id":"7dc0194f","settings":{"_column_size":100,"_inline_size":null},"elements":[{"id":"574670d2","settings":{"heading_title":"happy shopping with Puca","heading_description":"\u201cWe all hope you to enjoy express worldwide delivery and same-day delivery in London, New York, Paris, Los Angeles, Miami, Madrid, Milan, Barcelona and Rome, plus swift and simple returns, and exciting new men\u2019s and women\u2019s pieces uploaded every day. Thank my friends!\u201d","styles":"style2"},"elements":[],"isInner":false,"widgetType":"tbay-heading","elType":"widget"},{"id":"24990899","settings":{"text_button":"more about us ","link_button":{"url":"#","is_external":"","nofollow":""},"_padding":{"unit":"px","top":"0","right":"0","bottom":"20","left":"0","isLinked":false},"btn_align":"center"},"elements":[],"isInner":false,"widgetType":"tbay-button","elType":"widget"}],"isInner":false,"elType":"column"}],"isInner":false,"elType":"section"},{"id":"4963ba3a","settings":{"stretch_section":"section-stretched","layout":"full_width","gap":"no","padding":{"unit":"px","top":"0","right":"50","bottom":"0","left":"50","isLinked":false},"padding_tablet":{"unit":"px","top":"0","right":"0","bottom":"0","left":"0","isLinked":false}},"elements":[{"id":"3331ff9a","settings":{"_column_size":100,"_inline_size":null,"padding_mobile":{"unit":"px","top":"0","right":"0","bottom":"0","left":"0","isLinked":false}},"elements":[{"id":"4f326e7c","settings":{"heading_title":"fashion for her","heading_description":"Holiday gifts for everyone. Choose two favorites and enjoy 70% off for all products only today","styles":"style4"},"elements":[],"isInner":false,"widgetType":"tbay-heading","elType":"widget"},{"id":"14809106","settings":{"layout":"full_width","structure":"20"},"elements":[{"id":"2eacd269","settings":{"_column_size":50,"_inline_size":null,"padding_mobile":{"unit":"px","top":"0","right":"0","bottom":"30","left":"0","isLinked":false}},"elements":[{"id":"12a57280","settings":{"image":{"url":"https:\/\/elementor.thembay.com\/puca_fashion2\/wp-content\/uploads\/2018\/01\/home8_banner1.jpg","id":4518},"image_size":"full","link_to":"custom","link":{"url":"#","is_external":"","nofollow":""}},"elements":[],"isInner":false,"widgetType":"image","elType":"widget"}],"isInner":true,"elType":"column"},{"id":"1681d9d8","settings":{"_column_size":50,"_inline_size":null,"padding_mobile":{"unit":"px","top":"0","right":"0","bottom":"0","left":"0","isLinked":false}},"elements":[{"id":"554a235c","settings":{"layout_type":"carousel","categories":["shoes"],"text_button":"show more","column":"3","col_desktop":"3","navigation":"","auto":"yes","autospeed":6000,"column_tablet":"2"},"elements":[],"isInner":false,"widgetType":"tbay-products","elType":"widget"}],"isInner":true,"elType":"column"}],"isInner":true,"elType":"section"}],"isInner":false,"elType":"column"}],"isInner":false,"elType":"section"},{"id":"52a7dc55","settings":{"stretch_section":"section-stretched","padding":{"unit":"px","top":"74","right":"0","bottom":"0","left":"0","isLinked":false},"padding_tablet":{"unit":"px","top":"0","right":"0","bottom":"0","left":"0","isLinked":false}},"elements":[{"id":"1ac0f62e","settings":{"_column_size":100,"padding_mobile":{"unit":"px","top":"0","right":"0","bottom":"0","left":"0","isLinked":false}},"elements":[{"id":"250f493c","settings":{"heading_title":"sale up to 70%","heading_description":"Holiday gifts for everyone. Choose two favorites and get now.","styles":"style4"},"elements":[],"isInner":false,"widgetType":"tbay-heading","elType":"widget"}],"isInner":false,"elType":"column"}],"isInner":false,"elType":"section"},{"id":"4c22caf7","settings":{"stretch_section":"section-stretched","structure":"20"},"elements":[{"id":"2d00c3ef","settings":{"_column_size":50,"_inline_size":null,"padding_mobile":{"unit":"px","top":"0","right":"0","bottom":"0","left":"0","isLinked":false}},"elements":[{"id":"218d42ef","settings":{"image":{"url":"https:\/\/elementor.thembay.com\/puca_fashion2\/wp-content\/uploads\/2018\/01\/home8_banner2.jpg","id":4519},"image_size":"full","link_to":"custom","link":{"url":"#","is_external":"","nofollow":""}},"elements":[],"isInner":false,"widgetType":"image","elType":"widget"}],"isInner":false,"elType":"column"},{"id":"7ae9e04d","settings":{"_column_size":50,"_inline_size":null,"padding_mobile":{"unit":"px","top":"0","right":"0","bottom":"0","left":"0","isLinked":false}},"elements":[{"id":"7f018050","settings":{"image":{"url":"https:\/\/elementor.thembay.com\/puca_fashion2\/wp-content\/uploads\/2018\/01\/home8_banner3.jpg","id":4520},"image_size":"full","link_to":"custom","link":{"url":"#","is_external":"","nofollow":""}},"elements":[],"isInner":false,"widgetType":"image","elType":"widget"}],"isInner":false,"elType":"column"}],"isInner":false,"elType":"section"},{"id":"5d63dff","settings":{"stretch_section":"section-stretched","layout":"full_width","gap":"no","padding":{"unit":"px","top":"74","right":"50","bottom":"0","left":"50","isLinked":false},"padding_tablet":{"unit":"px","top":"0","right":"0","bottom":"0","left":"0","isLinked":false}},"elements":[{"id":"4b6aae81","settings":{"_column_size":100,"_inline_size":null},"elements":[{"id":"4f666ef1","settings":{"heading_title":"fashion for him","heading_description":" Holiday gifts for everyone. Choose two favorites.","styles":"style4"},"elements":[],"isInner":false,"widgetType":"tbay-heading","elType":"widget"},{"id":"33f3f2e7","settings":{"layout":"full_width","structure":"20"},"elements":[{"id":"2ab7e0a6","settings":{"_column_size":50,"_inline_size":null,"padding_mobile":{"unit":"px","top":"0","right":"0","bottom":"0","left":"0","isLinked":false}},"elements":[{"id":"3069a3e6","settings":{"layout_type":"carousel","categories":[],"text_button":"show more","column":"3","col_desktop":"3","navigation":"","auto":"yes","autospeed":6000,"column_tablet":"2"},"elements":[],"isInner":false,"widgetType":"tbay-products","elType":"widget"}],"isInner":true,"elType":"column"},{"id":"4267b941","settings":{"_column_size":50,"_inline_size":null,"padding_mobile":{"unit":"px","top":"30","right":"0","bottom":"0","left":"0","isLinked":false}},"elements":[{"id":"d326948","settings":{"image":{"url":"https:\/\/elementor.thembay.com\/puca_fashion2\/wp-content\/uploads\/2018\/01\/home8_banner4.jpg","id":4521},"image_size":"full","link_to":"custom","link":{"url":"#","is_external":"","nofollow":""}},"elements":[],"isInner":false,"widgetType":"image","elType":"widget"}],"isInner":true,"elType":"column"}],"isInner":true,"elType":"section"}],"isInner":false,"elType":"column"}],"isInner":false,"elType":"section"},{"id":"69c65bbd","settings":{"stretch_section":"section-stretched"},"elements":[{"id":"5abedc5","settings":{"_column_size":100},"elements":[{"id":"655ee8e2","settings":{"editor":"<p style=\"text-align: center;\"><i class=\"icons icon-note\"><\/i><span style=\"color: #bbbbbb;\">How\u2018re we doing? <span style=\"color: #00e5a6;\"><a class=\"color-primary\" style=\"color: #00e5a6;\" href=\"#\">Give us a feedback.<\/a><\/span><\/span><br \/><span style=\"color: #bbbbbb;\">It\u2019s very important to us to improve your experiences, many thanks for your contributions.<\/span><\/p>","_css_classes":"text-feedback","typography_typography":"custom","typography_line_height":{"unit":"px","size":30,"sizes":[]},"_padding":{"unit":"px","top":"110","right":"0","bottom":"72","left":"0","isLinked":false},"_padding_mobile":{"unit":"px","top":"50","right":"0","bottom":"38","left":"0","isLinked":false},"text_color":"#BBBBBB","_padding_tablet":{"unit":"px","top":"0","right":"0","bottom":"17","left":"0","isLinked":false}},"elements":[],"isInner":false,"widgetType":"text-editor","elType":"widget"}],"isInner":false,"elType":"column"}],"isInner":false,"elType":"section"}]}