{"version":"0.4","title":"template_home_5","type":"page","content":[{"id":"600f6dee","settings":{"stretch_section":"section-stretched","layout":"full_width","background_overlay_background":"classic","background_overlay_image":{"url":"https:\/\/elementor.thembay.com\/puca_fashion2\/wp-content\/uploads\/2018\/01\/home5_feature.jpg","id":4395},"background_overlay_position":"top center","background_overlay_attachment":"fixed","background_overlay_repeat":"no-repeat","padding":{"unit":"px","top":"0","right":"50","bottom":"0","left":"50","isLinked":false},"padding_tablet":{"unit":"px","top":"0","right":"0","bottom":"0","left":"0","isLinked":false},"background_background":"classic","background_overlay_position_mobile":"top center","background_overlay_repeat_mobile":"no-repeat","background_overlay_size_mobile":"contain","background_overlay_opacity":{"unit":"px","size":1,"sizes":[]},"background_overlay_position_tablet":"top center"},"elements":[{"id":"3b44cf82","settings":{"_column_size":100,"_inline_size":null,"padding_mobile":{"unit":"px","top":"0","right":"0","bottom":"0","left":"0","isLinked":false}},"elements":[{"id":"6743968a","settings":{"layout":"full_width"},"elements":[{"id":"6b052faa","settings":{"_column_size":100,"_inline_size":null,"padding_tablet":{"unit":"px","top":"0","right":"0","bottom":"0","left":"0","isLinked":false},"padding_mobile":{"unit":"px","top":"0","right":"0","bottom":"0","left":"0","isLinked":false}},"elements":[{"id":"3b1a292","settings":{"heading_title":"New Spring featured collections","heading_description":"Holiday gifts for everyone. Choose two favorites and enjoy 70% off for all products only today","styles":"style4","heading_title_color":"#FFFFFF","heading_description_color":"#FFFFFF","_padding_mobile":{"unit":"px","top":"0","right":"15","bottom":"0","left":"15","isLinked":false}},"elements":[],"isInner":false,"widgetType":"tbay-heading","elType":"widget"},{"id":"25e8d599","settings":{"layout_type":"carousel","categories":["uncategorized","jewellery"],"special_home5":"yes","text_button":"show more","pagination":"yes","column":"3","col_desktop":"3"},"elements":[],"isInner":false,"widgetType":"tbay-products","elType":"widget"}],"isInner":true,"elType":"column"}],"isInner":true,"elType":"section"}],"isInner":false,"elType":"column"}],"isInner":false,"elType":"section"},{"id":"7877be25","settings":{"stretch_section":"section-stretched","layout":"full_width","padding":{"unit":"px","top":"0","right":"50","bottom":"0","left":"50","isLinked":false},"padding_tablet":{"unit":"px","top":"50","right":"0","bottom":"0","left":"0","isLinked":false},"padding_mobile":{"unit":"px","top":"0","right":"0","bottom":"0","left":"0","isLinked":false},"hide_mobile":"hidden-phone"},"elements":[{"id":"63c9d666","settings":{"_column_size":100,"_inline_size":null,"padding_mobile":{"unit":"px","top":"0","right":"0","bottom":"0","left":"0","isLinked":false}},"elements":[{"id":"499c29f4","settings":{"layout":"full_width","gap":"no","background_background":"classic","background_image":{"url":"https:\/\/elementor.thembay.com\/puca_fashion2\/wp-content\/uploads\/2018\/01\/home2_testi.jpg","id":4273},"background_position":"center center","background_repeat":"no-repeat","background_size":"cover","padding":{"unit":"px","top":"13","right":"26","bottom":"13","left":"26","isLinked":false},"padding_mobile":{"unit":"px","top":"10","right":"10","bottom":"10","left":"10","isLinked":true}},"elements":[{"id":"31696262","settings":{"_column_size":100,"_inline_size":null,"background_background":"classic","background_color":"#FFFFFF"},"elements":[{"id":"1aa6597","settings":{"heading_title":"welcome to puca fashion","heading_description":"\u201cWe all hope you to enjoy express worldwide delivery and same-day delivery in London, New York, Paris, Los Angeles, Miami, Madrid, Milan, Barcelona and Rome, plus swift and simple returns, and exciting new men\u2019s and women\u2019s pieces uploaded every day. Thank my friends!\u201d","styles":"style2","_background_background":"classic","_padding":{"unit":"px","top":"49","right":"0","bottom":"34","left":"0","isLinked":false}},"elements":[],"isInner":false,"widgetType":"tbay-heading","elType":"widget"},{"id":"56283177","settings":{"image":{"url":"https:\/\/elementor.thembay.com\/puca_fashion2\/wp-content\/uploads\/2018\/01\/home1_banner1.jpg","id":4193},"_padding":{"unit":"px","top":"10","right":"0","bottom":"0","left":"0","isLinked":false},"_background_background":"classic"},"elements":[],"isInner":false,"widgetType":"image","elType":"widget"},{"id":"50e6e029","settings":{"heading_title":"K.alatinsk","heading_subtitle":"Puca's Fashion Co-Founder","styles":"stylesmall","heading_title_typography_typography":"custom","heading_title_typography_font_size":{"unit":"px","size":13,"sizes":[]},"heading_title_typography_line_height":{"unit":"px","size":20,"sizes":[]},"heading_subtitle_typography_typography":"custom","heading_subtitle_typography_font_size":{"unit":"px","size":13,"sizes":[]},"heading_subtitle_typography_font_weight":"400","heading_subtitle_typography_font_style":"italic","heading_subtitle_typography_line_height":{"unit":"px","size":20,"sizes":[]},"_padding":{"unit":"px","top":"30","right":"0","bottom":"0","left":"0","isLinked":false},"_css_classes":"subtitle-primary","heading_subtitle_margin":{"unit":"px","top":"0","right":"0","bottom":"0","left":"0","isLinked":false}},"elements":[],"isInner":false,"widgetType":"tbay-heading","elType":"widget"},{"id":"2dbf6539","settings":{"text_button":"more about us ","link_button":{"url":"#","is_external":"","nofollow":""},"_padding":{"unit":"px","top":"0","right":"0","bottom":"76","left":"0","isLinked":false},"btn_align":"center"},"elements":[],"isInner":false,"widgetType":"tbay-button","elType":"widget"}],"isInner":true,"elType":"column"}],"isInner":true,"elType":"section"}],"isInner":false,"elType":"column"}],"isInner":false,"elType":"section"},{"id":"727f5134","settings":{"stretch_section":"section-stretched"},"elements":[{"id":"6fcb0445","settings":{"_column_size":100,"_inline_size":null,"padding":{"unit":"px","top":"0","right":"0","bottom":"0","left":"0","isLinked":false}},"elements":[{"id":"46f562c7","settings":{"selected_icon":{"value":"icon- icon-badge","library":"simple-line-icons"},"primary_color":"#150404","size":{"unit":"px","size":20,"sizes":[]},"_padding":{"unit":"px","top":"92","right":"0","bottom":"65","left":"0","isLinked":false},"_padding_mobile":{"unit":"px","top":"0","right":"0","bottom":"0","left":"0","isLinked":false},"hide_mobile":"hidden-phone"},"elements":[],"isInner":false,"widgetType":"icon","elType":"widget"},{"id":"4333612e","settings":{"structure":"30"},"elements":[{"id":"63481cb","settings":{"_column_size":33,"_inline_size":null,"padding_mobile":{"unit":"px","top":"0","right":"0","bottom":"0","left":"0","isLinked":false}},"elements":[{"id":"78133f8f","settings":{"image":{"url":"https:\/\/elementor.thembay.com\/puca_fashion2\/wp-content\/uploads\/2018\/01\/home5_banner1.jpg","id":4385},"link_to":"custom","link":{"url":"#","is_external":"","nofollow":""}},"elements":[],"isInner":false,"widgetType":"image","elType":"widget"}],"isInner":true,"elType":"column"},{"id":"2d0476a","settings":{"_column_size":33,"_inline_size":null,"padding_mobile":{"unit":"px","top":"0","right":"0","bottom":"0","left":"0","isLinked":false}},"elements":[{"id":"70e83666","settings":{"image":{"url":"https:\/\/elementor.thembay.com\/puca_fashion2\/wp-content\/uploads\/2018\/01\/home5_banner2.jpg","id":4386},"link_to":"custom","link":{"url":"#","is_external":"","nofollow":""}},"elements":[],"isInner":false,"widgetType":"image","elType":"widget"}],"isInner":true,"elType":"column"},{"id":"5e04db79","settings":{"_column_size":33,"_inline_size":null,"padding_mobile":{"unit":"px","top":"0","right":"0","bottom":"0","left":"0","isLinked":false}},"elements":[{"id":"33d8c7c1","settings":{"image":{"url":"https:\/\/elementor.thembay.com\/puca_fashion2\/wp-content\/uploads\/2018\/01\/home5_banner3.jpg","id":4387},"link_to":"custom","link":{"url":"#","is_external":"","nofollow":""}},"elements":[],"isInner":false,"widgetType":"image","elType":"widget"}],"isInner":true,"elType":"column"}],"isInner":true,"elType":"section"}],"isInner":false,"elType":"column"}],"isInner":false,"elType":"section"},{"id":"1f70ca5e","settings":{"stretch_section":"section-stretched","padding_mobile":{"unit":"px","top":"0","right":"0","bottom":"0","left":"0","isLinked":false},"padding":{"unit":"px","top":"87","right":"0","bottom":"0","left":"0","isLinked":false},"padding_tablet":{"unit":"px","top":"0","right":"0","bottom":"0","left":"0","isLinked":true}},"elements":[{"id":"c7bc79d","settings":{"_column_size":100,"_inline_size":null,"padding_mobile":{"unit":"px","top":"0","right":"0","bottom":"0","left":"0","isLinked":false}},"elements":[{"id":"7baff27d","settings":{"heading_title":"our product list","styles":"style1"},"elements":[],"isInner":false,"widgetType":"tbay-heading","elType":"widget"},{"id":"42f227c9","settings":{"limit":16,"categories":["women"],"list_product_tabs":[{"product_tabs_title":"On Sale","product_tabs":"on_sale","_id":"8c02d39"},{"product_tabs_title":"Featured Product","product_tabs":"featured","_id":"607d9b1"},{"product_tabs_title":"Newest","product_tabs":"newest","_id":"6d178d3"},{"product_tabs_title":"Best Selling","product_tabs":"best_selling","_id":"f679a02"}],"layout_type":"carousel","rows":"2","navigation":"","pagination":"yes","col_desktopsmall":"3"},"elements":[],"isInner":false,"widgetType":"tbay-product-tabs","elType":"widget"}],"isInner":false,"elType":"column"}],"isInner":false,"elType":"section"},{"id":"3d5723d1","settings":{"padding_mobile":{"unit":"px","top":"0","right":"0","bottom":"0","left":"0","isLinked":false},"stretch_section":"section-stretched"},"elements":[{"id":"5f8fdcc6","settings":{"_column_size":100,"_inline_size":null,"padding_mobile":{"unit":"px","top":"0","right":"0","bottom":"0","left":"0","isLinked":false}},"elements":[{"id":"861f8ce","settings":{"heading_title":"our blogs & news","heading_description":"Go along with your fashion","styles":"style1","heading_description_bottom_space":{"unit":"px","size":3,"sizes":[]},"_padding_mobile":{"unit":"px","top":"0","right":"0","bottom":"10","left":"0","isLinked":false}},"elements":[],"isInner":false,"widgetType":"tbay-heading","elType":"widget"},{"id":"18fb67cc","settings":{"text":"all stories","align":"center","size":"xs","selected_icon":{"value":"icon- icon-arrow-right","library":"simple-line-icons"},"icon_align":"right","icon_indent":{"unit":"px","size":7,"sizes":[]},"typography_typography":"custom","typography_font_size":{"unit":"px","size":13,"sizes":[]},"typography_font_weight":"700","typography_text_transform":"uppercase","typography_line_height":{"unit":"px","size":23,"sizes":[]},"button_text_color":"#000000","background_color":"#FFFFFF","hover_color":"#FFFFFF","button_background_hover_color":"#000000","border_border":"solid","border_width":{"unit":"px","top":"1","right":"1","bottom":"1","left":"1","isLinked":true},"border_color":"#000000","border_radius":{"unit":"px","top":"0","right":"0","bottom":"0","left":"0","isLinked":true},"text_padding":{"unit":"px","top":"7","right":"30","bottom":"7","left":"30","isLinked":false},"_margin":{"unit":"px","top":"-8","right":"0","bottom":"0","left":"0","isLinked":false},"_padding":{"unit":"px","top":"0","right":"0","bottom":"31","left":"0","isLinked":false},"_margin_mobile":{"unit":"px","top":"0","right":"0","bottom":"0","left":"0","isLinked":false},"_padding_mobile":{"unit":"px","top":"0","right":"0","bottom":"0","left":"0","isLinked":false}},"elements":[],"isInner":false,"widgetType":"button","elType":"widget"},{"id":"25188f8b","settings":{"column":"3","col_desktop":"3","column_tablet":"2","column_mobile":"1","col_desktopsmall":"3","_padding_mobile":{"unit":"px","top":"0","right":"0","bottom":"20","left":"0","isLinked":false},"navigation":""},"elements":[],"isInner":false,"widgetType":"tbay-posts-grid","elType":"widget"}],"isInner":false,"elType":"column"}],"isInner":false,"elType":"section"},{"id":"1cfede23","settings":{"stretch_section":"section-stretched","padding":{"unit":"px","top":"0","right":"0","bottom":"88","left":"0","isLinked":false},"padding_tablet":{"unit":"px","top":"0","right":"0","bottom":"40","left":"0","isLinked":false},"padding_mobile":{"unit":"px","top":"0","right":"0","bottom":"0","left":"0","isLinked":false}},"elements":[{"id":"5db2a79f","settings":{"_column_size":100,"_inline_size":null},"elements":[{"id":"27f8630","settings":{"editor":"<p style=\"text-align: center;\"><i class=\"icon-note icons\"><\/i> How\u2018re we doing? <a class=\"color-primary\" href=\"#\">Give us a feedback.<\/a><br \/>It\u2019s very important to us to improve your experiences, many thanks for your contributions.<\/p>"},"elements":[],"isInner":false,"widgetType":"text-editor","elType":"widget"}],"isInner":false,"elType":"column"}],"isInner":false,"elType":"section"}]}