{"version":"0.4","title":"Template &#8211; Home 7","type":"page","content":[{"id":"641dc849","settings":{"stretch_section":"section-stretched","layout":"full_width"},"elements":[{"id":"1cefd742","settings":{"_column_size":100,"_inline_size":null},"elements":[{"id":"af6551a","settings":{"revslidertitle":"Fashion 2 Home 7","shortcode":"[rev_slider alias=\"fashion-2-home-7\"][\/rev_slider]"},"elements":[],"isInner":false,"widgetType":"slider_revolution","elType":"widget"}],"isInner":false,"elType":"column"}],"isInner":false,"elType":"section"}]}