{"version":"0.4","title":"template_home_1","type":"page","content":[{"id":"5abfa275","settings":{"stretch_section":"section-stretched","layout":"full_width","padding":{"unit":"px","top":"0","right":"50","bottom":"0","left":"50","isLinked":false},"padding_tablet":{"unit":"px","top":"0","right":"0","bottom":"0","left":"0","isLinked":false},"margin_mobile":{"unit":"px","top":"","right":0,"bottom":"","left":0,"isLinked":true}},"elements":[{"id":"1ebf9f08","settings":{"_column_size":100,"_inline_size":null,"padding_mobile":{"unit":"px","top":"10","right":"0","bottom":"10","left":"0","isLinked":false}},"elements":[{"id":"10c448b1","settings":{"revslidertitle":"Fashion 2 Home1","shortcode":"[rev_slider alias=\"fashion2-home1\"][\/rev_slider]"},"elements":[],"isInner":false,"widgetType":"slider_revolution","elType":"widget"}],"isInner":false,"elType":"column"}],"isInner":false,"elType":"section"},{"id":"2b7e2063","settings":{"padding":{"unit":"px","top":"117","right":"0","bottom":"97","left":"0","isLinked":false},"stretch_section":"section-stretched","padding_mobile":{"unit":"px","top":"0","right":"0","bottom":"0","left":"0","isLinked":false},"hide_mobile":"hidden-phone","padding_tablet":{"unit":"px","top":"0","right":"0","bottom":"0","left":"0","isLinked":false}},"elements":[{"id":"6dfe330a","settings":{"_column_size":100,"_inline_size":null},"elements":[{"id":"6274a21","settings":{"heading_title":"happy shopping with Puca","heading_description":"\u201cWe all hope you to enjoy express worldwide delivery and same-day delivery in London, New York, Paris, Los Angeles, Miami, Madrid, Milan, Barcelona and Rome, plus swift and simple returns, and exciting new men\u2019s and women\u2019s pieces uploaded every day. Thank my friends!\u201d","styles":"style2","align":"center","heading_title_bottom_space":{"unit":"px","size":17,"sizes":[]},"heading_subtitle_bottom_space":{"unit":"px","size":0,"sizes":[]},"heading_description_margin":{"unit":"px","top":"17","right":"107","bottom":"30","left":"107","isLinked":false}},"elements":[],"isInner":false,"widgetType":"tbay-heading","elType":"widget"},{"id":"1d3ed3b1","settings":{"image":{"url":"https:\/\/elementor.thembay.com\/puca_fashion2\/wp-content\/uploads\/2018\/01\/home1_banner1.jpg","id":4193},"_padding":{"unit":"px","top":"0","right":"0","bottom":"30","left":"0","isLinked":false}},"elements":[],"isInner":false,"widgetType":"image","elType":"widget"},{"id":"549bf3e5","settings":{"heading_title":"K.alatinsk","heading_subtitle":"Puca's Fashion Co-Founder","styles":"stylesmall","heading_title_typography_typography":"custom","heading_title_typography_font_size":{"unit":"px","size":13,"sizes":[]},"heading_title_typography_line_height":{"unit":"px","size":20,"sizes":[]},"heading_subtitle_typography_typography":"custom","heading_subtitle_typography_font_size":{"unit":"px","size":13,"sizes":[]},"heading_subtitle_typography_font_weight":"400","heading_subtitle_typography_font_style":"italic","heading_subtitle_typography_line_height":{"unit":"px","size":20,"sizes":[]},"_padding":{"unit":"px","top":"0","right":"0","bottom":"0","left":"0","isLinked":false},"heading_subtitle_margin":{"unit":"px","top":"4","right":"0","bottom":"0","left":"0","isLinked":false},"heading_style_margin":{"unit":"px","top":"-10","right":"0","bottom":"0","left":"0","isLinked":false}},"elements":[],"isInner":false,"widgetType":"tbay-heading","elType":"widget"},{"id":"4c205e24","settings":{"text_button":"more about us ","link_button":{"url":"#","is_external":"","nofollow":""},"_padding":{"unit":"px","top":"10","right":"0","bottom":"20","left":"0","isLinked":false},"btn_align":"center"},"elements":[],"isInner":false,"widgetType":"tbay-button","elType":"widget"}],"isInner":false,"elType":"column"}],"isInner":false,"elType":"section"},{"id":"c9345f0","settings":{"stretch_section":"section-stretched","padding":{"unit":"px","top":"0","right":"0","bottom":"117","left":"0","isLinked":false},"padding_mobile":{"unit":"px","top":"0","right":"0","bottom":"0","left":"0","isLinked":false}},"elements":[{"id":"8256f5","settings":{"_column_size":100,"_inline_size":null,"padding_mobile":{"unit":"px","top":"0","right":"0","bottom":"0","left":"0","isLinked":false}},"elements":[{"id":"42562cf8","settings":{"heading_title":"featured products","heading_description":"Holiday gifts for everyone. Choose two favorites and enjoy 70% off for all men denim jacket","styles":"style1","align":"center","heading_title_bottom_space":{"unit":"px","size":14,"sizes":[]},"heading_description_color":"#BBBBBB","heading_description_typography_typography":"custom","heading_description_bottom_space":{"unit":"px","size":13,"sizes":[]}},"elements":[],"isInner":false,"widgetType":"tbay-heading","elType":"widget"},{"id":"2b92550e","settings":{"categories":["accessories"],"show_more":"yes","text_button":"load more","selected_icon":{"value":"icon- icon-arrow-right","library":"simple-line-icons"},"column":"3","col_desktop":"3","col_desktopsmall":"3","col_landscape":"3","carousel_blur":"yes"},"elements":[],"isInner":false,"widgetType":"tbay-products","elType":"widget"}],"isInner":false,"elType":"column"}],"isInner":false,"elType":"section"},{"id":"374f2ea3","settings":{"gap":"no"},"elements":[{"id":"52f011bf","settings":{"_column_size":100,"_inline_size":null,"padding_mobile":{"unit":"px","top":"0","right":"0","bottom":"0","left":"0","isLinked":false}},"elements":[{"id":"2e84d5d","settings":{"heading_title":"our blogs & news","heading_description":"Go along with your fashion","styles":"style1","heading_description_bottom_space":{"unit":"px","size":3,"sizes":[]},"_padding_mobile":{"unit":"px","top":"0","right":"0","bottom":"10","left":"0","isLinked":false},"align":"center"},"elements":[],"isInner":false,"widgetType":"tbay-heading","elType":"widget"},{"id":"41e7427","settings":{"text":"all stories","align":"center","size":"xs","selected_icon":{"value":"icon- icon-arrow-right","library":"simple-line-icons"},"icon_align":"right","icon_indent":{"unit":"px","size":7,"sizes":[]},"typography_typography":"custom","typography_font_size":{"unit":"px","size":13,"sizes":[]},"typography_font_weight":"700","typography_text_transform":"uppercase","typography_line_height":{"unit":"px","size":23,"sizes":[]},"button_text_color":"#000000","background_color":"#FFFFFF","hover_color":"#FFFFFF","button_background_hover_color":"#000000","border_border":"solid","border_width":{"unit":"px","top":"1","right":"1","bottom":"1","left":"1","isLinked":true},"border_color":"#000000","border_radius":{"unit":"px","top":"0","right":"0","bottom":"0","left":"0","isLinked":true},"text_padding":{"unit":"px","top":"7","right":"30","bottom":"7","left":"30","isLinked":false},"_margin":{"unit":"px","top":"-8","right":"0","bottom":"0","left":"0","isLinked":false},"_padding":{"unit":"px","top":"0","right":"0","bottom":"31","left":"0","isLinked":false},"_margin_mobile":{"unit":"px","top":"0","right":"0","bottom":"0","left":"0","isLinked":false},"_padding_mobile":{"unit":"px","top":"0","right":"0","bottom":"0","left":"0","isLinked":false}},"elements":[],"isInner":false,"widgetType":"button","elType":"widget"},{"id":"59f3e8f9","settings":{"column":"3","col_desktop":"3","column_tablet":"2","column_mobile":"1","col_desktopsmall":"3","_padding_mobile":{"unit":"px","top":"0","right":"0","bottom":"20","left":"0","isLinked":false},"navigation":""},"elements":[],"isInner":false,"widgetType":"tbay-posts-grid","elType":"widget"},{"id":"6c321b3e","settings":{"editor":"<p style=\"text-align: center;\"><i class=\"icons icon-note\"><\/i>How\u2018re we doing? <a class=\"color-primary\" href=\"#\">Give us a feedback.<\/a><br \/>It\u2019s very important to us to improve your experiences, many thanks for your contributions.<\/p>","_css_classes":"text-feedback","typography_typography":"custom","typography_line_height":{"unit":"px","size":30,"sizes":[]},"_padding":{"unit":"px","top":"17","right":"0","bottom":"104","left":"0","isLinked":false},"_padding_mobile":{"unit":"px","top":"0","right":"0","bottom":"38","left":"0","isLinked":false}},"elements":[],"isInner":false,"widgetType":"text-editor","elType":"widget"}],"isInner":false,"elType":"column"}],"isInner":false,"elType":"section"}]}