{"version":"0.4","title":"template_home_3","type":"page","content":[{"id":"53ad4796","settings":{"stretch_section":"section-stretched","layout":"full_width"},"elements":[{"id":"159ee438","settings":{"_column_size":100,"_inline_size":null,"padding":{"unit":"px","top":"0","right":"0","bottom":"0","left":"0","isLinked":false}},"elements":[{"id":"1259b81","settings":{"revslidertitle":"Fashion 2 Home 3","shortcode":"[rev_slider alias=\"fashion-2-home-3\"][\/rev_slider]"},"elements":[],"isInner":false,"widgetType":"slider_revolution","elType":"widget"}],"isInner":false,"elType":"column"}],"isInner":false,"elType":"section"},{"id":"fdbab64","settings":{"stretch_section":"section-stretched"},"elements":[{"id":"548a56a9","settings":{"_column_size":100,"_inline_size":null,"padding_mobile":{"unit":"px","top":"0","right":"0","bottom":"0","left":"0","isLinked":false}},"elements":[{"id":"6883095","settings":{"styles":"style2","features":[{"feature_title":"fast & Free Shipping","feature_desc":"","feature_type":"icon","selected_icon":{"value":"icon- icon-plane","library":"simple-line-icons"},"type_image":{"url":"","id":""},"feature_margin_icon":{"unit":"px","top":"","right":"","bottom":"","left":"","isLinked":true},"feature_margin_icon_tablet":{"unit":"px","top":"","right":"","bottom":"","left":"","isLinked":true},"feature_margin_icon_mobile":{"unit":"px","top":"","right":"","bottom":"","left":"","isLinked":true},"_id":"0e8a1b7"},{"feature_title":"members gift weekly","feature_desc":"","feature_type":"icon","selected_icon":{"value":"icon- icon-present","library":"simple-line-icons"},"type_image":{"url":"","id":""},"feature_margin_icon":{"unit":"px","top":"","right":"","bottom":"","left":"","isLinked":true},"feature_margin_icon_tablet":{"unit":"px","top":"","right":"","bottom":"","left":"","isLinked":true},"feature_margin_icon_mobile":{"unit":"px","top":"","right":"","bottom":"","left":"","isLinked":true},"_id":"df2d34b"},{"feature_title":"friendly support all time","feature_desc":"","feature_type":"icon","selected_icon":{"value":"icon- icon-umbrella","library":"simple-line-icons"},"type_image":{"url":"","id":""},"feature_margin_icon":{"unit":"px","top":"","right":"","bottom":"","left":"","isLinked":true},"feature_margin_icon_tablet":{"unit":"px","top":"","right":"","bottom":"","left":"","isLinked":true},"feature_margin_icon_mobile":{"unit":"px","top":"","right":"","bottom":"","left":"","isLinked":true},"_id":"88cc6b7"}]},"elements":[],"isInner":false,"widgetType":"tbay-features","elType":"widget"}],"isInner":false,"elType":"column"}],"isInner":false,"elType":"section"},{"id":"6517a034","settings":{"stretch_section":"section-stretched","layout":"full_width","structure":"33","padding":{"unit":"px","top":"0","right":"50","bottom":"0","left":"50","isLinked":false},"padding_mobile":{"unit":"px","top":"0","right":"0","bottom":"0","left":"0","isLinked":false}},"elements":[{"id":"e78945a","settings":{"_column_size":25,"_inline_size":null,"padding":{"unit":"px","top":"0","right":"115","bottom":"0","left":"115","isLinked":false},"padding_mobile":{"unit":"px","top":"0","right":"0","bottom":"0","left":"0","isLinked":false},"padding_tablet":{"unit":"px","top":"0","right":"0","bottom":"0","left":"0","isLinked":false}},"elements":[{"id":"586b6f48","settings":{"layout_type":"carousel-special","categories":["bags"],"text_button":"show more","column":"1","col_desktop":"1","col_desktopsmall":"1","col_landscape":"1","auto":"yes","autospeed":5000,"navigation":"","disable_mobile":"","column_mobile":"2","column_tablet":"1"},"elements":[],"isInner":false,"widgetType":"tbay-products","elType":"widget"}],"isInner":false,"elType":"column"},{"id":"64fc1274","settings":{"_column_size":50,"_inline_size":null,"padding_mobile":{"unit":"px","top":"0","right":"0","bottom":"0","left":"0","isLinked":false}},"elements":[{"id":"6973cb55","settings":{"image":{"url":"https:\/\/elementor.thembay.com\/puca_fashion2\/wp-content\/uploads\/2018\/01\/home3_banner1.jpg","id":4295},"image_size":"full","align":"center","link_to":"custom","link":{"url":"#","is_external":"","nofollow":""}},"elements":[],"isInner":false,"widgetType":"image","elType":"widget"}],"isInner":false,"elType":"column"},{"id":"1c47ee8d","settings":{"_column_size":25,"_inline_size":null,"padding":{"unit":"px","top":"0","right":"115","bottom":"0","left":"115","isLinked":false},"padding_mobile":{"unit":"px","top":"0","right":"0","bottom":"0","left":"0","isLinked":false},"padding_tablet":{"unit":"px","top":"0","right":"0","bottom":"0","left":"0","isLinked":false}},"elements":[{"id":"67296402","settings":{"layout_type":"carousel-special","categories":["men"],"text_button":"show more","column":"1","col_desktop":"1","col_desktopsmall":"1","col_landscape":"1","auto":"yes","autospeed":5000,"navigation":"","disable_mobile":"","column_mobile":"2","column_tablet":"1"},"elements":[],"isInner":false,"widgetType":"tbay-products","elType":"widget"}],"isInner":false,"elType":"column"}],"isInner":false,"elType":"section"},{"id":"3a797271","settings":{"stretch_section":"section-stretched","padding":{"unit":"px","top":"24","right":"0","bottom":"0","left":"0","isLinked":false},"padding_tablet":{"unit":"px","top":"0","right":"0","bottom":"0","left":"0","isLinked":false},"padding_mobile":{"unit":"px","top":"0","right":"0","bottom":"0","left":"0","isLinked":false}},"elements":[{"id":"66671f13","settings":{"_column_size":100,"_inline_size":null,"padding_mobile":{"unit":"px","top":"0","right":"0","bottom":"0","left":"0","isLinked":false}},"elements":[{"id":"50a2de3b","settings":{"heading_title":"on black friday deals","heading_description":"Holiday gifts for everyone. Choose two favorites and enjoy 70% off for all men denim jacket","styles":"style1"},"elements":[],"isInner":false,"widgetType":"tbay-heading","elType":"widget"},{"id":"2befc1a1","settings":{"products":["2251","2263","2273","2317"],"col_desktopsmall":"3"},"elements":[],"isInner":false,"widgetType":"tbay-product-count-down","elType":"widget"},{"id":"3bb0b461","settings":{"text":"view all products","align":"center","size":"xs","selected_icon":{"value":"icon- icon-arrow-right","library":"simple-line-icons"},"icon_align":"right","icon_indent":{"unit":"px","size":7,"sizes":[]},"typography_typography":"custom","typography_font_size":{"unit":"px","size":13,"sizes":[]},"typography_font_weight":"700","typography_text_transform":"uppercase","typography_line_height":{"unit":"px","size":23,"sizes":[]},"button_text_color":"#000000","background_color":"#FFFFFF","hover_color":"#FFFFFF","button_background_hover_color":"#000000","border_border":"solid","border_width":{"unit":"px","top":"1","right":"1","bottom":"1","left":"1","isLinked":true},"border_color":"#000000","border_radius":{"unit":"px","top":"0","right":"0","bottom":"0","left":"0","isLinked":true},"text_padding":{"unit":"px","top":"7","right":"30","bottom":"7","left":"30","isLinked":false},"_margin_mobile":{"unit":"px","top":"0","right":"0","bottom":"0","left":"0","isLinked":false},"_padding_mobile":{"unit":"px","top":"0","right":"0","bottom":"0","left":"0","isLinked":false},"_padding":{"unit":"px","top":"33","right":"0","bottom":"117","left":"0","isLinked":false},"_padding_tablet":{"unit":"px","top":"20","right":"0","bottom":"0","left":"0","isLinked":false}},"elements":[],"isInner":false,"widgetType":"button","elType":"widget"}],"isInner":false,"elType":"column"}],"isInner":false,"elType":"section"},{"id":"2163c430","settings":{"stretch_section":"section-stretched","padding_mobile":{"unit":"px","top":"0","right":"0","bottom":"0","left":"0","isLinked":false}},"elements":[{"id":"43610ef4","settings":{"_column_size":100,"_inline_size":null,"padding_mobile":{"unit":"px","top":"0","right":"0","bottom":"0","left":"0","isLinked":false}},"elements":[{"id":"17e8724c","settings":{"heading_title":"our product list","styles":"style1"},"elements":[],"isInner":false,"widgetType":"tbay-heading","elType":"widget"},{"id":"173a8af2","settings":{"limit":4,"categories":["women"],"list_product_tabs":[{"product_tabs_title":"On Sale","product_tabs":"on_sale","_id":"8c02d39"},{"product_tabs_title":"Featured Product","product_tabs":"featured","_id":"607d9b1"},{"product_tabs_title":"Newest","product_tabs":"newest","_id":"6d178d3"},{"product_tabs_title":"Best Selling","product_tabs":"best_selling","_id":"f679a02"}],"col_desktopsmall":"3"},"elements":[],"isInner":false,"widgetType":"tbay-product-tabs","elType":"widget"},{"id":"262b85fe","settings":{"text":"view all products","align":"center","size":"xs","selected_icon":{"value":"icon- icon-arrow-right","library":"simple-line-icons"},"icon_align":"right","icon_indent":{"unit":"px","size":7,"sizes":[]},"typography_typography":"custom","typography_font_size":{"unit":"px","size":13,"sizes":[]},"typography_font_weight":"700","typography_text_transform":"uppercase","typography_line_height":{"unit":"px","size":23,"sizes":[]},"button_text_color":"#000000","background_color":"#FFFFFF","hover_color":"#FFFFFF","button_background_hover_color":"#000000","border_border":"solid","border_width":{"unit":"px","top":"1","right":"1","bottom":"1","left":"1","isLinked":true},"border_color":"#000000","border_radius":{"unit":"px","top":"0","right":"0","bottom":"0","left":"0","isLinked":true},"text_padding":{"unit":"px","top":"7","right":"30","bottom":"7","left":"30","isLinked":false},"_margin_mobile":{"unit":"px","top":"0","right":"0","bottom":"0","left":"0","isLinked":false},"_padding_mobile":{"unit":"px","top":"0","right":"0","bottom":"0","left":"0","isLinked":false},"_padding":{"unit":"px","top":"33","right":"0","bottom":"117","left":"0","isLinked":false},"_padding_tablet":{"unit":"px","top":"20","right":"0","bottom":"0","left":"0","isLinked":false}},"elements":[],"isInner":false,"widgetType":"button","elType":"widget"}],"isInner":false,"elType":"column"}],"isInner":false,"elType":"section"},{"id":"560baee7","settings":{"stretch_section":"section-stretched"},"elements":[{"id":"11d242bc","settings":{"_column_size":100,"_inline_size":null,"padding_mobile":{"unit":"px","top":"0","right":"0","bottom":"0","left":"0","isLinked":false}},"elements":[{"id":"6c107cd6","settings":{"heading_title":"the testimonials","heading_subtitle":"min","number":4,"styles":"v2","column":"3","col_desktop":"3","col_desktopsmall":"3","navigation":"","pagination":"yes","column_mobile":"1"},"elements":[],"isInner":false,"widgetType":"tbay-testimonials","elType":"widget"}],"isInner":false,"elType":"column"}],"isInner":false,"elType":"section"},{"id":"28aaa2d3","settings":{"hide_mobile":"hidden-phone"},"elements":[{"id":"6fb9aa87","settings":{"_column_size":100},"elements":[{"id":"18a09ef","settings":{"editor":"<p style=\"text-align: center;\"><i class=\"icons icon-note\"><\/i>How\u2018re we doing? <a class=\"color-primary\" href=\"#\">Give us a feedback.<\/a><br \/>It\u2019s very important to us to improve your experiences, many thanks for your contributions.<\/p>","_css_classes":"text-feedback","typography_typography":"custom","typography_line_height":{"unit":"px","size":30,"sizes":[]},"_padding":{"unit":"px","top":"65","right":"0","bottom":"65","left":"0","isLinked":false},"_padding_mobile":{"unit":"px","top":"50","right":"0","bottom":"38","left":"0","isLinked":false},"text_color":"#BBBBBB","_padding_tablet":{"unit":"px","top":"0","right":"0","bottom":"17","left":"0","isLinked":false}},"elements":[],"isInner":false,"widgetType":"text-editor","elType":"widget"}],"isInner":false,"elType":"column"}],"isInner":false,"elType":"section"},{"id":"76c1b93e","settings":{"gap":"no","stretch_section":"section-stretched","layout":"full_width"},"elements":[{"id":"40429363","settings":{"_column_size":100,"_inline_size":null,"padding_mobile":{"unit":"px","top":"0","right":"5","bottom":"0","left":"5","isLinked":false}},"elements":[{"id":"ea70ce6","settings":{"heading_title":"our blogs & news","heading_description":"Go along with your fashion","styles":"style1","heading_description_bottom_space":{"unit":"px","size":3,"sizes":[]},"_padding_mobile":{"unit":"px","top":"0","right":"0","bottom":"10","left":"0","isLinked":false}},"elements":[],"isInner":false,"widgetType":"tbay-heading","elType":"widget"},{"id":"66e7672","settings":{"text":"all stories","align":"center","size":"xs","selected_icon":{"value":"icon- icon-arrow-right","library":"simple-line-icons"},"icon_align":"right","icon_indent":{"unit":"px","size":7,"sizes":[]},"typography_typography":"custom","typography_font_size":{"unit":"px","size":13,"sizes":[]},"typography_font_weight":"700","typography_text_transform":"uppercase","typography_line_height":{"unit":"px","size":23,"sizes":[]},"button_text_color":"#000000","background_color":"#FFFFFF","hover_color":"#FFFFFF","button_background_hover_color":"#000000","border_border":"solid","border_width":{"unit":"px","top":"1","right":"1","bottom":"1","left":"1","isLinked":true},"border_color":"#000000","border_radius":{"unit":"px","top":"0","right":"0","bottom":"0","left":"0","isLinked":true},"text_padding":{"unit":"px","top":"7","right":"30","bottom":"7","left":"30","isLinked":false},"_margin":{"unit":"px","top":"-8","right":"0","bottom":"0","left":"0","isLinked":false},"_padding":{"unit":"px","top":"0","right":"0","bottom":"31","left":"0","isLinked":false},"_margin_mobile":{"unit":"px","top":"0","right":"0","bottom":"0","left":"0","isLinked":false},"_padding_mobile":{"unit":"px","top":"0","right":"0","bottom":"0","left":"0","isLinked":false}},"elements":[],"isInner":false,"widgetType":"button","elType":"widget"},{"id":"5aa39e00","settings":{"column":"4","col_desktop":"3","column_tablet":"2","column_mobile":"1","col_desktopsmall":"3","_padding_mobile":{"unit":"px","top":"0","right":"0","bottom":"20","left":"0","isLinked":false},"layout_type":"carousel-v3","navigation":""},"elements":[],"isInner":false,"widgetType":"tbay-posts-grid","elType":"widget"}],"isInner":false,"elType":"column"}],"isInner":false,"elType":"section"}]}