{"version":"0.4","title":"template_home_9","type":"page","content":[{"id":"43c871d5","settings":{"stretch_section":"section-stretched","layout":"full_width"},"elements":[{"id":"519baef1","settings":{"_column_size":100,"_inline_size":null},"elements":[{"id":"7a9bef0f","settings":{"revslidertitle":"Fashion 2 Home 9","shortcode":"[rev_slider alias=\"fashion-2-home-9\"][\/rev_slider]"},"elements":[],"isInner":false,"widgetType":"slider_revolution","elType":"widget"}],"isInner":false,"elType":"column"}],"isInner":false,"elType":"section"},{"id":"4d6220a7","settings":{"stretch_section":"section-stretched","layout":"full_width","background_background":"classic","background_color":"#FCFCFC","padding":{"unit":"px","top":"0","right":"50","bottom":"0","left":"50","isLinked":false},"padding_tablet":{"unit":"px","top":"0","right":"0","bottom":"0","left":"0","isLinked":false},"padding_mobile":{"unit":"px","top":"0","right":"0","bottom":"0","left":"0","isLinked":false}},"elements":[{"id":"5d49ce94","settings":{"_column_size":100,"_inline_size":null,"padding_mobile":{"unit":"px","top":"0","right":"0","bottom":"0","left":"0","isLinked":false}},"elements":[{"id":"65b0c19a","settings":{"styles":"style3","features":[{"feature_title":"fast & Free Shipping","feature_desc":"","feature_type":"icon","selected_icon":{"value":"icon- icon-plane","library":"simple-line-icons"},"type_image":{"url":"","id":""},"feature_margin_icon":{"unit":"px","top":"","right":"","bottom":"","left":"","isLinked":true},"feature_margin_icon_tablet":{"unit":"px","top":"","right":"","bottom":"","left":"","isLinked":true},"feature_margin_icon_mobile":{"unit":"px","top":"","right":"","bottom":"","left":"","isLinked":true},"_id":"0e8a1b7"},{"feature_title":"members gift weekly","feature_desc":"","feature_type":"icon","selected_icon":{"value":"icon- icon-present","library":"simple-line-icons"},"type_image":{"url":"","id":""},"feature_margin_icon":{"unit":"px","top":"","right":"","bottom":"","left":"","isLinked":true},"feature_margin_icon_tablet":{"unit":"px","top":"","right":"","bottom":"","left":"","isLinked":true},"feature_margin_icon_mobile":{"unit":"px","top":"","right":"","bottom":"","left":"","isLinked":true},"_id":"df2d34b"},{"feature_title":"friendly support all time","feature_desc":"","feature_type":"icon","selected_icon":{"value":"icon- icon-umbrella","library":"simple-line-icons"},"type_image":{"url":"","id":""},"feature_margin_icon":{"unit":"px","top":"","right":"","bottom":"","left":"","isLinked":true},"feature_margin_icon_tablet":{"unit":"px","top":"","right":"","bottom":"","left":"","isLinked":true},"feature_margin_icon_mobile":{"unit":"px","top":"","right":"","bottom":"","left":"","isLinked":true},"_id":"88cc6b7"}]},"elements":[],"isInner":false,"widgetType":"tbay-features","elType":"widget"}],"isInner":false,"elType":"column"}],"isInner":false,"elType":"section"},{"id":"69452cb6","settings":{"stretch_section":"section-stretched","padding":{"unit":"px","top":"92","right":"0","bottom":"150","left":"0","isLinked":false},"padding_mobile":{"unit":"px","top":"0","right":"0","bottom":"0","left":"0","isLinked":false},"padding_tablet":{"unit":"px","top":"0","right":"10","bottom":"0","left":"10","isLinked":false}},"elements":[{"id":"3710b2b8","settings":{"_column_size":100,"_inline_size":null,"padding_mobile":{"unit":"px","top":"0","right":"0","bottom":"0","left":"0","isLinked":false},"padding_tablet":{"unit":"px","top":"0","right":"15","bottom":"0","left":"15","isLinked":false}},"elements":[{"id":"7d1d25db","settings":{"heading_title":"today featured products","heading_description":"Hodilay gifts for everyone. Choose two favorites and enjoy 70% off for all products only today","styles":"style1"},"elements":[],"isInner":false,"widgetType":"tbay-heading","elType":"widget"},{"id":"4f5af98f","settings":{"categories":["accessories"],"show_more":"yes","text_button":"view all products","selected_icon":{"value":"icon- icon-arrow-right","library":"simple-line-icons"},"column":"4","col_desktop":"3","col_desktopsmall":"3","col_landscape":"3","limit":8,"_padding_tablet":{"unit":"px","top":"0","right":"0","bottom":"50","left":"0","isLinked":false}},"elements":[],"isInner":false,"widgetType":"tbay-products","elType":"widget"}],"isInner":false,"elType":"column"}],"isInner":false,"elType":"section"},{"id":"7f78ba6","settings":{"stretch_section":"section-stretched","layout":"full_width","padding":{"unit":"px","top":"0","right":"50","bottom":"0","left":"50","isLinked":false},"padding_tablet":{"unit":"px","top":"0","right":"0","bottom":"0","left":"0","isLinked":false},"padding_mobile":{"unit":"px","top":"0","right":"0","bottom":"0","left":"0","isLinked":false}},"elements":[{"id":"47047eae","settings":{"_column_size":100,"_inline_size":null,"padding_mobile":{"unit":"px","top":"0","right":"0","bottom":"0","left":"0","isLinked":false}},"elements":[{"id":"3c8cd0c9","settings":{"layout":"full_width","gap":"no","background_background":"classic","background_color":"#FFFFFF","background_image":{"url":"https:\/\/elementor.thembay.com\/puca_fashion2\/wp-content\/uploads\/2018\/01\/home2_testi.jpg","id":4273},"background_position":"center center","background_repeat":"no-repeat","background_size":"cover","margin_mobile":{"unit":"px","top":"0","right":0,"bottom":"0","left":0,"isLinked":false},"padding_mobile":{"unit":"px","top":"0","right":"0","bottom":"0","left":"0","isLinked":false}},"elements":[{"id":"6460d9cd","settings":{"_column_size":100,"_inline_size":null,"margin_mobile":{"unit":"px","top":"0","right":"0","bottom":"-2","left":"0","isLinked":false},"padding_mobile":{"unit":"px","top":"0","right":"0","bottom":"0","left":"0","isLinked":false}},"elements":[{"id":"59e8ac77","settings":{"heading_title":"The testimonials","heading_subtitle":"min","column":"1","col_desktop":"1","col_desktopsmall":"1","col_landscape":"1","heading_style_margin":{"unit":"px","top":"0","right":"0","bottom":"0","left":"0","isLinked":true},"heading_style_padding":{"unit":"px","top":"57","right":"0","bottom":"0","left":"0","isLinked":false},"_margin":{"unit":"px","top":"11","right":"13","bottom":"11","left":"13","isLinked":false},"_background_background":"classic","_background_color":"#FFFFFF","column_tablet":"1","column_mobile":"1","navigation":"","_padding_mobile":{"unit":"px","top":"0","right":"0","bottom":"0","left":"0","isLinked":true},"heading_style_padding_mobile":{"unit":"px","top":"0","right":"0","bottom":"0","left":"0","isLinked":false},"_margin_mobile":{"unit":"px","top":"0","right":"0","bottom":"0","left":"0","isLinked":true}},"elements":[],"isInner":false,"widgetType":"tbay-testimonials","elType":"widget"}],"isInner":true,"elType":"column"}],"isInner":true,"elType":"section"}],"isInner":false,"elType":"column"}],"isInner":false,"elType":"section"},{"id":"6106c329","settings":{"stretch_section":"section-stretched"},"elements":[{"id":"20787285","settings":{"_column_size":100},"elements":[{"id":"39f37fb3","settings":{"editor":"<p style=\"text-align: center;\"><i class=\"icons icon-note\"><\/i>How\u2018re we doing? <a class=\"color-primary\" href=\"#\">Give us a feedback.<\/a><br \/>It\u2019s very important to us to improve your experiences, many thanks for your contributions.<\/p>","_css_classes":"text-feedback","typography_typography":"custom","typography_line_height":{"unit":"px","size":30,"sizes":[]},"_padding":{"unit":"px","top":"110","right":"0","bottom":"72","left":"0","isLinked":false},"_padding_mobile":{"unit":"px","top":"0","right":"0","bottom":"0","left":"0","isLinked":true},"text_color":"#BBBBBB","_padding_tablet":{"unit":"px","top":"0","right":"0","bottom":"17","left":"0","isLinked":false}},"elements":[],"isInner":false,"widgetType":"text-editor","elType":"widget"}],"isInner":false,"elType":"column"}],"isInner":false,"elType":"section"},{"id":"79225450","settings":{"gap":"no"},"elements":[{"id":"629ac554","settings":{"_column_size":100,"_inline_size":null,"padding_mobile":{"unit":"px","top":"0","right":"0","bottom":"0","left":"0","isLinked":false}},"elements":[{"id":"72bac718","settings":{"heading_title":"our blogs & news","heading_description":"Go along with your fashion","styles":"style1","heading_description_bottom_space":{"unit":"px","size":3,"sizes":[]},"_padding_mobile":{"unit":"px","top":"0","right":"0","bottom":"10","left":"0","isLinked":false}},"elements":[],"isInner":false,"widgetType":"tbay-heading","elType":"widget"},{"id":"1bc1d718","settings":{"column":"2","col_desktop":"2","column_tablet":"2","column_mobile":"2","col_desktopsmall":"2","_padding_mobile":{"unit":"px","top":"0","right":"0","bottom":"20","left":"0","isLinked":false},"layout_type":"carousel-vertical","navigation":"","pagination":"yes"},"elements":[],"isInner":false,"widgetType":"tbay-posts-grid","elType":"widget"}],"isInner":false,"elType":"column"}],"isInner":false,"elType":"section"}]}