{"content":[{"id":"1a138de1","settings":[],"elements":[{"id":"a05eb2c","settings":{"_column_size":100,"_inline_size":null},"elements":[{"id":"6b22c22d","settings":{"revslidertitle":"Fashion 3 Home 1","shortcode":"[rev_slider alias=\"fashion3-home1\" slidertitle=\"Fashion 3 Home 1\"][\/rev_slider]"},"elements":[],"isInner":false,"widgetType":"slider_revolution","elType":"widget"}],"isInner":false,"elType":"column"}],"isInner":false,"elType":"section"},{"id":"98aebbb","settings":{"stretch_section":"section-stretched","padding":{"unit":"px","top":"44","right":"0","bottom":"0","left":"0","isLinked":false},"padding_mobile":{"unit":"px","top":"58","right":"0","bottom":"0","left":"0","isLinked":false}},"elements":[{"id":"31ca6fae","settings":{"_column_size":100,"_inline_size":null},"elements":[{"id":"54ab563","settings":{"heading_title":"best selling products","layout_type":"carousel","product_type":"best_selling","text_button":"show more","col_desktopsmall":"4"},"elements":[],"isInner":false,"widgetType":"tbay-products","elType":"widget"}],"isInner":false,"elType":"column"}],"isInner":false,"elType":"section"},{"id":"30bbf925","settings":{"stretch_section":"section-stretched"},"elements":[{"id":"dd260af","settings":{"_column_size":100,"_inline_size":null},"elements":[{"id":"277f1dea","settings":{"text":"Divider","color":"#EAEAEA","gap":{"unit":"px","size":8,"sizes":[]},"hide_mobile":"hidden-mobile"},"elements":[],"isInner":false,"widgetType":"divider","elType":"widget"}],"isInner":false,"elType":"column"}],"isInner":false,"elType":"section"},{"id":"242c89da","settings":{"height":"min-height","custom_height":{"unit":"px","size":"","sizes":[]},"stretch_section":"section-stretched","structure":"20","padding":{"unit":"px","top":"56","right":"0","bottom":"0","left":"0","isLinked":false},"padding_mobile":{"unit":"px","top":"31","right":"0","bottom":"0","left":"0","isLinked":false}},"elements":[{"id":"51aba6e6","settings":{"_column_size":50,"_inline_size":null},"elements":[{"id":"1e0762fd","settings":[],"elements":[{"id":"5a73365d","settings":{"_column_size":100,"_inline_size":null,"background_background":"classic","background_image":{"url":"https:\/\/elementor3.thembay.com\/puca_fashion3\/wp-content\/uploads\/2022\/01\/banner-home1-01.jpg","id":6109,"alt":"","source":"library"},"background_position":"center center","background_repeat":"no-repeat","background_size":"cover"},"elements":[{"id":"716bc800","settings":{"title":"Women Spring Collection","align":"center","title_color":"#FFFFFF","typography_typography":"custom","typography_font_size":{"unit":"px","size":24,"sizes":[]},"typography_font_weight":"700","typography_line_height":{"unit":"px","size":32,"sizes":[]},"typography_line_height_tablet":{"unit":"px","size":"","sizes":[]},"typography_line_height_mobile":{"unit":"px","size":"","sizes":[]},"_padding":{"unit":"px","top":"243","right":"0","bottom":"3","left":"0","isLinked":false},"typography_font_size_mobile":{"unit":"px","size":20,"sizes":[]},"_padding_mobile":{"unit":"px","top":"130","right":"0","bottom":"0","left":"0","isLinked":false}},"elements":[],"isInner":false,"widgetType":"heading","elType":"widget"},{"id":"61aef4c4","settings":{"editor":"<p>Etiam vitae cursus nibh, vel consequat erat<\/p>","align":"center","text_color":"#FFFFFF","typography_typography":"custom","typography_line_height":{"unit":"px","size":20,"sizes":[]},"typography_line_height_tablet":{"unit":"px","size":"","sizes":[]},"typography_line_height_mobile":{"unit":"px","size":"","sizes":[]},"_padding":{"unit":"px","top":"0","right":"0","bottom":"12","left":"0","isLinked":false},"typography_font_size_mobile":{"unit":"px","size":13,"sizes":[]},"_padding_mobile":{"unit":"px","top":"0","right":"0","bottom":"0","left":"0","isLinked":false}},"elements":[],"isInner":false,"widgetType":"text-editor","elType":"widget"},{"id":"621642b7","settings":{"text":"shop now","link":{"url":"https:\/\/elementor3.thembay.com\/puca_fashion3\/shop\/","is_external":"","nofollow":"","custom_attributes":""},"align":"center","typography_typography":"custom","typography_font_size":{"unit":"px","size":14,"sizes":[]},"typography_font_weight":"500","typography_text_transform":"uppercase","typography_line_height":{"unit":"px","size":24,"sizes":[]},"typography_line_height_tablet":{"unit":"px","size":"","sizes":[]},"typography_line_height_mobile":{"unit":"px","size":"","sizes":[]},"typography_letter_spacing":{"unit":"px","size":0.6,"sizes":[]},"button_text_color":"#1F1F1F","background_color":"#FFFFFF","border_radius":{"unit":"px","top":"0","right":"0","bottom":"0","left":"0","isLinked":true},"text_padding":{"unit":"px","top":"8","right":"16","bottom":"8","left":"16","isLinked":false},"_padding":{"unit":"px","top":"0","right":"0","bottom":"48","left":"0","isLinked":false},"hover_color":"#FFFFFF","button_background_hover_color":"#000000","_padding_mobile":{"unit":"px","top":"6","right":"0","bottom":"24","left":"0","isLinked":false}},"elements":[],"isInner":false,"widgetType":"button","elType":"widget"}],"isInner":true,"elType":"column"}],"isInner":true,"elType":"section"}],"isInner":false,"elType":"column"},{"id":"369f3ff7","settings":{"_column_size":50,"_inline_size":null},"elements":[{"id":"51218fb6","settings":{"padding_mobile":{"unit":"px","top":"8","right":"0","bottom":"0","left":"0","isLinked":false}},"elements":[{"id":"467638fe","settings":{"_column_size":100,"_inline_size":null,"background_background":"classic","background_image":{"url":"https:\/\/elementor3.thembay.com\/puca_fashion3\/wp-content\/uploads\/2022\/01\/banner-home1-02.jpg","id":6110,"alt":"","source":"library"},"background_position":"center center","background_repeat":"no-repeat","background_size":"cover"},"elements":[{"id":"1171f84a","settings":{"title":"Women Fashion Trending","align":"center","title_color":"#FFFFFF","typography_typography":"custom","typography_font_size":{"unit":"px","size":24,"sizes":[]},"typography_font_weight":"700","typography_line_height":{"unit":"px","size":32,"sizes":[]},"typography_line_height_tablet":{"unit":"px","size":"","sizes":[]},"typography_line_height_mobile":{"unit":"px","size":"","sizes":[]},"_padding":{"unit":"px","top":"243","right":"0","bottom":"3","left":"0","isLinked":false},"typography_font_size_mobile":{"unit":"px","size":20,"sizes":[]},"_padding_mobile":{"unit":"px","top":"130","right":"0","bottom":"0","left":"0","isLinked":false}},"elements":[],"isInner":false,"widgetType":"heading","elType":"widget"},{"id":"7e237c3c","settings":{"editor":"<p>Etiam vitae cursus nibh, vel consequat erat<\/p>","align":"center","text_color":"#FFFFFF","typography_typography":"custom","typography_line_height":{"unit":"px","size":20,"sizes":[]},"typography_line_height_tablet":{"unit":"px","size":"","sizes":[]},"typography_line_height_mobile":{"unit":"px","size":"","sizes":[]},"_padding":{"unit":"px","top":"0","right":"0","bottom":"12","left":"0","isLinked":false},"typography_font_size_mobile":{"unit":"px","size":13,"sizes":[]},"_padding_mobile":{"unit":"px","top":"0","right":"0","bottom":"0","left":"0","isLinked":false}},"elements":[],"isInner":false,"widgetType":"text-editor","elType":"widget"},{"id":"671f0671","settings":{"text":"shop now","link":{"url":"https:\/\/elementor3.thembay.com\/puca_fashion3\/shop\/","is_external":"","nofollow":"","custom_attributes":""},"align":"center","typography_typography":"custom","typography_font_size":{"unit":"px","size":14,"sizes":[]},"typography_font_weight":"500","typography_text_transform":"uppercase","typography_line_height":{"unit":"px","size":24,"sizes":[]},"typography_line_height_tablet":{"unit":"px","size":"","sizes":[]},"typography_line_height_mobile":{"unit":"px","size":"","sizes":[]},"typography_letter_spacing":{"unit":"px","size":0.6,"sizes":[]},"button_text_color":"#1F1F1F","background_color":"#FFFFFF","border_radius":{"unit":"px","top":"0","right":"0","bottom":"0","left":"0","isLinked":true},"text_padding":{"unit":"px","top":"8","right":"16","bottom":"8","left":"16","isLinked":false},"_padding":{"unit":"px","top":"0","right":"0","bottom":"48","left":"0","isLinked":false},"hover_color":"#FFFFFF","button_background_hover_color":"#000000","_padding_mobile":{"unit":"px","top":"6","right":"0","bottom":"24","left":"0","isLinked":false}},"elements":[],"isInner":false,"widgetType":"button","elType":"widget"}],"isInner":true,"elType":"column"}],"isInner":true,"elType":"section"}],"isInner":false,"elType":"column"}],"isInner":false,"elType":"section"},{"id":"c1adb5","settings":{"stretch_section":"section-stretched"},"elements":[{"id":"70ef440","settings":{"_column_size":100,"_inline_size":null},"elements":[{"id":"795800a0","settings":{"padding":{"unit":"px","top":"30","right":"0","bottom":"0","left":"0","isLinked":false},"padding_mobile":{"unit":"px","top":"8","right":"0","bottom":"8","left":"0","isLinked":false}},"elements":[{"id":"299c194e","settings":{"_column_size":100,"_inline_size":null,"background_background":"classic","background_image":{"url":"https:\/\/elementor3.thembay.com\/puca_fashion3\/wp-content\/uploads\/2022\/01\/banner-home1-03.jpg","id":6111,"alt":"","source":"library"},"background_position_mobile":"center center","background_repeat_mobile":"no-repeat","background_size_mobile":"cover"},"elements":[{"id":"2720c36d","settings":{"title":"Pellentesque in 2022 Maximus","align":"center","title_color":"#1F1F1F","typography_typography":"custom","typography_font_size":{"unit":"px","size":24,"sizes":[]},"typography_font_weight":"700","typography_line_height":{"unit":"px","size":32,"sizes":[]},"typography_line_height_tablet":{"unit":"px","size":"","sizes":[]},"typography_line_height_mobile":{"unit":"px","size":"","sizes":[]},"_padding":{"unit":"px","top":"235","right":"0","bottom":"3","left":"0","isLinked":false},"typography_font_size_mobile":{"unit":"px","size":20,"sizes":[]},"_padding_mobile":{"unit":"px","top":"30","right":"0","bottom":"0","left":"0","isLinked":false}},"elements":[],"isInner":false,"widgetType":"heading","elType":"widget"},{"id":"6b6d3b4b","settings":{"editor":"<p>Phasellus luctus, odio eget vestibulum pretium<\/p>","align":"center","text_color":"#1F1F1F","typography_typography":"custom","typography_line_height":{"unit":"px","size":20,"sizes":[]},"typography_line_height_tablet":{"unit":"px","size":"","sizes":[]},"typography_line_height_mobile":{"unit":"px","size":"","sizes":[]},"_padding":{"unit":"px","top":"0","right":"0","bottom":"12","left":"0","isLinked":false},"typography_font_size_mobile":{"unit":"px","size":13,"sizes":[]},"_padding_mobile":{"unit":"px","top":"2","right":"0","bottom":"10","left":"0","isLinked":false}},"elements":[],"isInner":false,"widgetType":"text-editor","elType":"widget"},{"id":"6c93c734","settings":{"text":"explore now","link":{"url":"https:\/\/elementor3.thembay.com\/puca_fashion3\/shop\/","is_external":"","nofollow":"","custom_attributes":""},"align":"center","typography_typography":"custom","typography_font_size":{"unit":"px","size":14,"sizes":[]},"typography_font_weight":"500","typography_text_transform":"uppercase","typography_line_height":{"unit":"px","size":24,"sizes":[]},"typography_line_height_tablet":{"unit":"px","size":"","sizes":[]},"typography_line_height_mobile":{"unit":"px","size":"","sizes":[]},"typography_letter_spacing":{"unit":"px","size":0.6,"sizes":[]},"button_text_color":"#1F1F1F","background_color":"#FFFFFF","border_radius":{"unit":"px","top":"0","right":"0","bottom":"0","left":"0","isLinked":true},"text_padding":{"unit":"px","top":"8","right":"16","bottom":"8","left":"16","isLinked":false},"_padding":{"unit":"px","top":"0","right":"0","bottom":"57","left":"0","isLinked":false},"hover_color":"#FFFFFF","button_background_hover_color":"#1F1F1F","_padding_mobile":{"unit":"px","top":"0","right":"0","bottom":"24","left":"0","isLinked":false}},"elements":[],"isInner":false,"widgetType":"button","elType":"widget"}],"isInner":true,"elType":"column"}],"isInner":true,"elType":"section"}],"isInner":false,"elType":"column"}],"isInner":false,"elType":"section"},{"id":"2c9b61a4","settings":{"stretch_section":"section-stretched"},"elements":[{"id":"3702d4a5","settings":{"_column_size":100,"_inline_size":null},"elements":[{"id":"419161d4","settings":{"padding":{"unit":"px","top":"30","right":"0","bottom":"0","left":"0","isLinked":false}},"elements":[{"id":"2789880b","settings":{"_column_size":100,"_inline_size":null,"background_background":"classic","background_color":"#F1EBDF","border_border":"solid","border_width":{"unit":"px","top":"1","right":"1","bottom":"1","left":"1","isLinked":true},"border_color":"#484848"},"elements":[{"id":"5147e1d","settings":{"title":"Free shipping through 12\/09: Order soon to get by 12\/24!","align":"center","title_color":"#E50010","typography_typography":"custom","typography_font_size":{"unit":"px","size":22,"sizes":[]},"typography_line_height":{"unit":"px","size":28,"sizes":[]},"typography_line_height_tablet":{"unit":"px","size":"","sizes":[]},"typography_line_height_mobile":{"unit":"px","size":"","sizes":[]},"_padding":{"unit":"px","top":"39","right":"0","bottom":"10","left":"0","isLinked":false},"typography_font_size_mobile":{"unit":"px","size":20,"sizes":[]},"_padding_mobile":{"unit":"px","top":"26","right":"0","bottom":"12","left":"0","isLinked":false}},"elements":[],"isInner":false,"widgetType":"heading","elType":"widget"},{"id":"7c062b25","settings":{"editor":"<p><span style=\"white-space: pre-wrap;\">Enjoy express worldwide delivery and same-day delivery in London, New York, Paris, Los Angeles, Miami, Madrid, Milan, Barcelona and Rome, plus swift and simple returns, and exciting new men\u2019s and women\u2019s pieces uploaded every day!<\/span><\/p>","align":"center","text_color":"#1F1F1F","typography_typography":"custom","typography_line_height":{"unit":"px","size":22,"sizes":[]},"typography_line_height_tablet":{"unit":"px","size":"","sizes":[]},"typography_line_height_mobile":{"unit":"px","size":21,"sizes":[]},"_padding":{"unit":"px","top":"0","right":"220","bottom":"0","left":"220","isLinked":false},"typography_font_size_mobile":{"unit":"px","size":13,"sizes":[]},"_padding_tablet":{"unit":"px","top":"0","right":"0","bottom":"0","left":"0","isLinked":false}},"elements":[],"isInner":false,"widgetType":"text-editor","elType":"widget"},{"id":"70a72fe3","settings":{"text":"let\u2019s get started","link":{"url":"https:\/\/elementor3.thembay.com\/puca_fashion3\/shop\/","is_external":"","nofollow":"","custom_attributes":""},"align":"center","button_text_color":"#1F1F1F","background_color":"#02010100","border_border":"solid","border_width":{"unit":"px","top":"0","right":"0","bottom":"1","left":"0","isLinked":false},"border_color":"#1F1F1F","border_radius":{"unit":"px","top":"0","right":"0","bottom":"0","left":"0","isLinked":true},"text_padding":{"unit":"px","top":"0","right":"0","bottom":"6","left":"0","isLinked":false},"typography_typography":"custom","typography_font_weight":"500","typography_text_transform":"uppercase","hover_color":"#1F1F1FA6","button_hover_border_color":"#1F1F1FA6","_padding":{"unit":"px","top":"12","right":"0","bottom":"39","left":"0","isLinked":false},"_padding_mobile":{"unit":"px","top":"4","right":"0","bottom":"16","left":"0","isLinked":false}},"elements":[],"isInner":false,"widgetType":"button","elType":"widget"}],"isInner":true,"elType":"column"}],"isInner":true,"elType":"section"}],"isInner":false,"elType":"column"}],"isInner":false,"elType":"section"},{"id":"6421e396","settings":{"stretch_section":"section-stretched","padding":{"unit":"px","top":"64","right":"0","bottom":"0","left":"0","isLinked":false},"padding_mobile":{"unit":"px","top":"58","right":"0","bottom":"0","left":"0","isLinked":false}},"elements":[{"id":"1f498c76","settings":{"_column_size":100,"_inline_size":null},"elements":[{"id":"3e0c4873","settings":{"heading_title":"Recommendedv for you","product_type":"best_selling","text_button":"shop all products","heading_subtitle":"Lorem ipsum dolor sit amet, consectetur adipiscing elit.","limit":8,"show_more":"yes","selected_icon":{"value":"","library":""},"col_desktopsmall":"4"},"elements":[],"isInner":false,"widgetType":"tbay-products","elType":"widget"}],"isInner":false,"elType":"column"}],"isInner":false,"elType":"section"},{"id":"359300f6","settings":{"stretch_section":"section-stretched","padding":{"unit":"px","top":"57","right":"0","bottom":"0","left":"0","isLinked":false},"hide_mobile":"hidden-mobile"},"elements":[{"id":"3a6c230f","settings":{"_column_size":100,"_inline_size":null},"elements":[{"id":"78534605","settings":{"text":"Divider","color":"#EAEAEA","gap":{"unit":"px","size":8,"sizes":[]}},"elements":[],"isInner":false,"widgetType":"divider","elType":"widget"}],"isInner":false,"elType":"column"}],"isInner":false,"elType":"section"},{"id":"6bdbe242","settings":{"stretch_section":"section-stretched"},"elements":[{"id":"f71f4ba","settings":{"_column_size":100,"_inline_size":null},"elements":[{"id":"790d10b9","settings":{"number":6,"layout_type":"carousel","column":"5","col_desktop":"6","column_tablet":"4","col_desktopsmall":"6","_padding":{"unit":"px","top":"28","right":"56","bottom":"32","left":"56","isLinked":false},"_padding_tablet":{"unit":"px","top":"28","right":"0","bottom":"28","left":"0","isLinked":false},"col_landscape":"3","disable_mobile":"","_padding_mobile":{"unit":"px","top":"0","right":"0","bottom":"0","left":"0","isLinked":false}},"elements":[],"isInner":false,"widgetType":"tbay-brands","elType":"widget"}],"isInner":false,"elType":"column"}],"isInner":false,"elType":"section"}],"page_settings":[],"version":"0.4","title":"Home-1","type":"page"}