{"content":[{"id":"204688c3","settings":{"structure":"30"},"elements":[{"id":"5ae1b166","settings":{"_column_size":33,"_inline_size":16.66,"_inline_size_tablet":2},"elements":[],"isInner":false,"elType":"column"},{"id":"4f45d42a","settings":{"_column_size":33,"_inline_size":66.012,"padding":{"unit":"px","top":"0","right":"0","bottom":"0","left":"0","isLinked":false},"_inline_size_tablet":96},"elements":[{"id":"17f4e56f","settings":{"structure":"30","margin_mobile":{"unit":"px","top":"15","right":0,"bottom":"0","left":0,"isLinked":false}},"elements":[{"id":"4bc1744e","settings":{"_column_size":33,"_inline_size":null,"border_border":"solid","border_width":{"unit":"px","top":"1","right":"1","bottom":"1","left":"1","isLinked":true},"border_color":"#B3B3B3","margin":{"unit":"px","top":"0","right":"12","bottom":"0","left":"0","isLinked":false},"padding":{"unit":"px","top":"23","right":"23","bottom":"11","left":"23","isLinked":false},"_inline_size_tablet":33,"margin_mobile":{"unit":"px","top":"0","right":"0","bottom":"0","left":"0","isLinked":false}},"elements":[{"id":"b514232","settings":{"title":"Call us","title_color":"#8C8C8C","typography_typography":"custom","typography_font_size":{"unit":"px","size":13,"sizes":[]},"typography_font_weight":"600","typography_line_height":{"unit":"px","size":22,"sizes":[]},"typography_line_height_tablet":{"unit":"px","size":"","sizes":[]},"typography_line_height_mobile":{"unit":"px","size":"","sizes":[]}},"elements":[],"isInner":false,"widgetType":"heading","elType":"widget"},{"id":"c83d0c7","settings":{"editor":"<p><span style=\"color: #1f1f1f;\"><a style=\"color: #1f1f1f;\" href=\"tel: 1 123 456 789\">+1 123 456 789<\/a><\/span><\/p>","text_color":"#1F1F1F","typography_typography":"custom","typography_font_size":{"unit":"px","size":18,"sizes":[]},"typography_font_weight":"500","typography_line_height":{"unit":"px","size":26,"sizes":[]},"typography_line_height_tablet":{"unit":"px","size":"","sizes":[]},"typography_line_height_mobile":{"unit":"px","size":"","sizes":[]},"_padding":{"unit":"px","top":"15","right":"0","bottom":"0","left":"0","isLinked":false}},"elements":[],"isInner":false,"widgetType":"text-editor","elType":"widget"},{"id":"34ef8740","settings":{"editor":"<p><span style=\"color: #1f1f1f;\"><a style=\"color: #1f1f1f;\" href=\"tel: 1 987 654 321\">+1 987 654 321<\/a><\/span><\/p>","text_color":"#1F1F1F","typography_typography":"custom","typography_font_size":{"unit":"px","size":18,"sizes":[]},"typography_font_weight":"500","typography_line_height":{"unit":"px","size":26,"sizes":[]},"typography_line_height_tablet":{"unit":"px","size":"","sizes":[]},"typography_line_height_mobile":{"unit":"px","size":"","sizes":[]}},"elements":[],"isInner":false,"widgetType":"text-editor","elType":"widget"}],"isInner":true,"elType":"column"},{"id":"2cd90507","settings":{"_column_size":33,"_inline_size":null,"border_border":"solid","border_width":{"unit":"px","top":"1","right":"1","bottom":"1","left":"1","isLinked":true},"border_color":"#B3B3B3","margin":{"unit":"px","top":"0","right":"12","bottom":"0","left":"0","isLinked":false},"padding":{"unit":"px","top":"23","right":"23","bottom":"11","left":"23","isLinked":false},"_inline_size_tablet":33,"margin_mobile":{"unit":"px","top":"15","right":"0","bottom":"15","left":"0","isLinked":false}},"elements":[{"id":"8f53792","settings":{"title":"Email at","title_color":"#8C8C8C","typography_typography":"custom","typography_font_size":{"unit":"px","size":13,"sizes":[]},"typography_font_weight":"600","typography_line_height":{"unit":"px","size":22,"sizes":[]},"typography_line_height_tablet":{"unit":"px","size":"","sizes":[]},"typography_line_height_mobile":{"unit":"px","size":"","sizes":[]}},"elements":[],"isInner":false,"widgetType":"heading","elType":"widget"},{"id":"43749fbc","settings":{"editor":"<p><span style=\"color: #1f1f1f;\"><a style=\"color: #1f1f1f;\" href=\"mailto:contact@puca.com\">contact@puca.com<\/a><\/span><\/p>","text_color":"#1F1F1F","typography_typography":"custom","typography_font_size":{"unit":"px","size":18,"sizes":[]},"typography_font_weight":"500","typography_line_height":{"unit":"px","size":26,"sizes":[]},"typography_line_height_tablet":{"unit":"px","size":"","sizes":[]},"typography_line_height_mobile":{"unit":"px","size":"","sizes":[]},"_padding":{"unit":"px","top":"15","right":"0","bottom":"0","left":"0","isLinked":false}},"elements":[],"isInner":false,"widgetType":"text-editor","elType":"widget"},{"id":"6793d73d","settings":{"editor":"<p><span style=\"color: #1f1f1f;\"><a style=\"color: #1f1f1f;\" href=\"mailto:no-reply@puca.com\">no-reply@puca.com<\/a><\/span><\/p>","text_color":"#1F1F1F","typography_typography":"custom","typography_font_size":{"unit":"px","size":18,"sizes":[]},"typography_font_weight":"500","typography_line_height":{"unit":"px","size":26,"sizes":[]},"typography_line_height_tablet":{"unit":"px","size":"","sizes":[]},"typography_line_height_mobile":{"unit":"px","size":"","sizes":[]}},"elements":[],"isInner":false,"widgetType":"text-editor","elType":"widget"}],"isInner":true,"elType":"column"},{"id":"26c0f352","settings":{"_column_size":33,"_inline_size":null,"border_border":"solid","border_width":{"unit":"px","top":"1","right":"1","bottom":"1","left":"1","isLinked":true},"border_color":"#B3B3B3","padding":{"unit":"px","top":"23","right":"23","bottom":"11","left":"23","isLinked":false},"_inline_size_tablet":34},"elements":[{"id":"6ce0a72c","settings":{"title":"Location","title_color":"#8C8C8C","typography_typography":"custom","typography_font_size":{"unit":"px","size":13,"sizes":[]},"typography_font_weight":"600","typography_line_height":{"unit":"px","size":22,"sizes":[]},"typography_line_height_tablet":{"unit":"px","size":"","sizes":[]},"typography_line_height_mobile":{"unit":"px","size":"","sizes":[]}},"elements":[],"isInner":false,"widgetType":"heading","elType":"widget"},{"id":"28cb3436","settings":{"editor":"<p>71 Pilgrim Avenue, St.Chevy Chase, MD 20815<\/p>","text_color":"#1F1F1F","typography_typography":"custom","typography_font_size":{"unit":"px","size":18,"sizes":[]},"typography_font_weight":"500","typography_line_height":{"unit":"px","size":26,"sizes":[]},"typography_line_height_tablet":{"unit":"px","size":"","sizes":[]},"typography_line_height_mobile":{"unit":"px","size":"","sizes":[]},"_padding":{"unit":"px","top":"15","right":"0","bottom":"0","left":"0","isLinked":false}},"elements":[],"isInner":false,"widgetType":"text-editor","elType":"widget"}],"isInner":true,"elType":"column"}],"isInner":true,"elType":"section"}],"isInner":false,"elType":"column"},{"id":"235c55d3","settings":{"_column_size":33,"_inline_size":16.66,"_inline_size_tablet":2},"elements":[],"isInner":false,"elType":"column"}],"isInner":false,"elType":"section"},{"id":"2f4ff601","settings":{"structure":"34","padding":{"unit":"px","top":"51","right":"0","bottom":"60","left":"0","isLinked":false},"css_classes":"contact-form1","padding_mobile":{"unit":"px","top":"0","right":"0","bottom":"30","left":"0","isLinked":false}},"elements":[{"id":"5bf1a081","settings":{"_column_size":16,"_inline_size":null,"hide_tablet":"hidden-tablet","hide_mobile":"hidden-phone"},"elements":[],"isInner":false,"elType":"column"},{"id":"68908ae1","settings":{"_column_size":66,"_inline_size":null,"_inline_size_tablet":100,"padding_mobile":{"unit":"px","top":"0","right":"0","bottom":"0","left":"0","isLinked":false},"padding":{"unit":"px","top":"0","right":"0","bottom":"0","left":"0","isLinked":false}},"elements":[{"id":"2f8b603b","settings":{"padding_mobile":{"unit":"px","top":"0","right":"0","bottom":"20","left":"0","isLinked":false}},"elements":[{"id":"77c579c0","settings":{"_column_size":100,"_inline_size":null,"padding_tablet":{"unit":"px","top":"0","right":"0","bottom":"0","left":"0","isLinked":false},"padding":{"unit":"px","top":"0","right":"0","bottom":"0","left":"0","isLinked":false}},"elements":[{"id":"6ef0c87f","settings":{"align":"left","heading_title":"contact form","heading_subtitle":"Vestibulum luctus sem sit amet ipsum pharetra ullamcorper. Curabitur sit amet leo quis ante mattis luctus a in ligula.","heading_title_size":{"unit":"px","size":16,"sizes":[]},"heading_title_line_height":{"unit":"px","size":26,"sizes":[]},"heading_subtitle_size":{"unit":"px","size":13,"sizes":[]},"heading_title_color":"#000000","heading_subtitle_color":"#575353","heading_title_typography_typography":"custom","heading_title_typography_font_size":{"unit":"px","size":18,"sizes":[]},"heading_subtitle_typography_typography":"custom","heading_subtitle_typography_font_size":{"unit":"px","size":13,"sizes":[]},"heading_title_typography_text_transform":"capitalize"},"elements":[],"isInner":false,"widgetType":"tbay-heading","elType":"widget"}],"isInner":true,"elType":"column"}],"isInner":true,"elType":"section"},{"id":"4b53cb82","settings":[],"elements":[{"id":"5588cb81","settings":{"_column_size":100,"_inline_size":null,"padding_tablet":{"unit":"px","top":"0","right":"0","bottom":"0","left":"0","isLinked":false},"padding":{"unit":"px","top":"0","right":"0","bottom":"0","left":"0","isLinked":false}},"elements":[{"id":"2aba043f","settings":{"shortcode":"[contact-form-7 id=\"559\" title=\"Contact form 1\"]"},"elements":[],"isInner":false,"widgetType":"shortcode","elType":"widget"}],"isInner":true,"elType":"column"}],"isInner":true,"elType":"section"}],"isInner":false,"elType":"column"},{"id":"7cfd2c1d","settings":{"_column_size":16,"_inline_size":null,"hide_tablet":"hidden-tablet","hide_mobile":"hidden-phone"},"elements":[],"isInner":false,"elType":"column"}],"isInner":false,"elType":"section"}],"page_settings":[],"version":"0.4","title":"Contact Us","type":"page"}