{"content":[{"id":"60f14289","settings":{"content_width":{"unit":"px","size":1760,"sizes":[]},"stretch_section":"section-stretched","structure":"20","padding":{"unit":"px","top":"40","right":"0","bottom":"0","left":"0","isLinked":false},"padding_mobile":{"unit":"px","top":"15","right":"0","bottom":"0","left":"0","isLinked":false}},"elements":[{"id":"1ec8049c","settings":{"_column_size":50,"_inline_size":null,"background_background":"classic","background_image":{"url":"https:\/\/elementor3.thembay.com\/puca_fashion3\/wp-content\/uploads\/2022\/01\/banner-home3-01.jpg","id":6678,"alt":"","source":"library"},"background_position":"top center","background_repeat":"no-repeat","margin":{"unit":"px","top":"0","right":"115","bottom":"0","left":"0","isLinked":false},"padding":{"unit":"px","top":"0","right":"0","bottom":"0","left":"0","isLinked":false},"background_size":"auto","margin_tablet":{"unit":"px","top":"0","right":"15","bottom":"0","left":"0","isLinked":false},"margin_mobile":{"unit":"px","top":"0","right":"15","bottom":"0","left":"15","isLinked":false}},"elements":[{"id":"37385b7a","settings":[],"elements":[{"id":"750c5527","settings":{"_column_size":100,"_inline_size":null,"background_background":"classic","background_color":"#FFFFFF","border_border":"solid","border_width":{"unit":"px","top":"1","right":"1","bottom":"1","left":"1","isLinked":true},"border_color":"#4B4B4B","margin":{"unit":"px","top":"273","right":"219","bottom":"153","left":"219","isLinked":false},"margin_tablet":{"unit":"px","top":"250","right":"50","bottom":"150","left":"50","isLinked":false},"margin_mobile":{"unit":"px","top":"250","right":"30","bottom":"99","left":"30","isLinked":false}},"elements":[{"id":"68264a30","settings":{"editor":"<p>Sale up to<\/p>","align":"center","text_color":"#1F1F1F","typography_typography":"custom","typography_font_size":{"unit":"px","size":22,"sizes":[]},"typography_font_weight":"500","typography_line_height":{"unit":"px","size":30,"sizes":[]},"typography_line_height_tablet":{"unit":"px","size":"","sizes":[]},"typography_line_height_mobile":{"unit":"px","size":"","sizes":[]},"_padding":{"unit":"px","top":"34","right":"0","bottom":"0","left":"0","isLinked":false},"_padding_mobile":{"unit":"px","top":"30","right":"0","bottom":"0","left":"0","isLinked":false}},"elements":[],"isInner":false,"widgetType":"text-editor","elType":"widget"},{"id":"30448528","settings":{"editor":"<p>60%<\/p>","align":"center","_margin":{"unit":"px","top":"-11","right":"0","bottom":"0","left":"0","isLinked":false},"_margin_mobile":{"unit":"px","top":"0","right":"0","bottom":"0","left":"0","isLinked":false},"text_color":"#E50010","typography_typography":"custom","typography_font_size":{"unit":"px","size":90,"sizes":[]},"typography_font_weight":"600","typography_line_height":{"unit":"px","size":109,"sizes":[]},"typography_line_height_tablet":{"unit":"px","size":"","sizes":[]},"typography_line_height_mobile":{"unit":"px","size":"","sizes":[]},"typography_letter_spacing":{"unit":"px","size":-2,"sizes":[]}},"elements":[],"isInner":false,"widgetType":"text-editor","elType":"widget"},{"id":"58540793","settings":{"editor":"<p>Pellentesque augue ante<\/p>","align":"center","_margin":{"unit":"px","top":"-15","right":"0","bottom":"0","left":"0","isLinked":false},"_padding":{"unit":"px","top":"0","right":"0","bottom":"16","left":"0","isLinked":false},"_margin_mobile":{"unit":"px","top":"0","right":"0","bottom":"0","left":"0","isLinked":false},"_padding_mobile":{"unit":"px","top":"0","right":"0","bottom":"0","left":"0","isLinked":false}},"elements":[],"isInner":false,"widgetType":"text-editor","elType":"widget"},{"id":"34ede04d","settings":{"text":"shop now","link":{"url":"https:\/\/elementor3.thembay.com\/puca_fashion3\/shop\/","is_external":"","nofollow":"","custom_attributes":""},"align":"center","button_text_color":"#1F1F1F","background_color":"#02010100","border_border":"solid","border_width":{"unit":"px","top":"0","right":"0","bottom":"1","left":"0","isLinked":false},"border_color":"#1F1F1F","border_radius":{"unit":"px","top":"0","right":"0","bottom":"0","left":"0","isLinked":true},"text_padding":{"unit":"px","top":"0","right":"0","bottom":"0","left":"0","isLinked":false},"typography_typography":"custom","typography_font_size":{"unit":"px","size":14,"sizes":[]},"typography_font_weight":"500","typography_text_transform":"uppercase","typography_line_height":{"unit":"px","size":24,"sizes":[]},"typography_line_height_tablet":{"unit":"px","size":"","sizes":[]},"typography_line_height_mobile":{"unit":"px","size":"","sizes":[]},"_padding":{"unit":"px","top":"0","right":"0","bottom":"47","left":"0","isLinked":false},"typography_letter_spacing":{"unit":"px","size":1,"sizes":[]}},"elements":[],"isInner":false,"widgetType":"button","elType":"widget"}],"isInner":true,"elType":"column"}],"isInner":true,"elType":"section"},{"id":"14dbbbe6","settings":{"image":{"url":"https:\/\/elementor3.thembay.com\/puca_fashion3\/wp-content\/uploads\/2022\/01\/banner-home3-02.jpg","id":6679,"alt":"","source":"library"},"image_size":"full","_padding":{"unit":"px","top":"112","right":"0","bottom":"0","left":"0","isLinked":false},"link_to":"custom","link":{"url":"https:\/\/elementor3.thembay.com\/puca_fashion3\/shop\/","is_external":"","nofollow":"","custom_attributes":""}},"elements":[],"isInner":false,"widgetType":"image","elType":"widget"},{"id":"40e73ee0","settings":{"title":"Women Spring Collection","title_color":"#1F1F1F","typography_typography":"custom","typography_font_size":{"unit":"px","size":22,"sizes":[]},"typography_font_weight":"500","typography_line_height":{"unit":"px","size":30,"sizes":[]},"typography_line_height_tablet":{"unit":"px","size":"","sizes":[]},"typography_line_height_mobile":{"unit":"px","size":"","sizes":[]},"_padding":{"unit":"px","top":"24","right":"40","bottom":"8","left":"40","isLinked":false},"_padding_mobile":{"unit":"px","top":"20","right":"20","bottom":"8","left":"20","isLinked":false}},"elements":[],"isInner":false,"widgetType":"heading","elType":"widget"},{"id":"ebe4f29","settings":{"editor":"<p>Etiam vitae cursus nibh, vel consequat erat<\/p>","text_color":"#1F1F1F","typography_typography":"custom","typography_line_height":{"unit":"px","size":20,"sizes":[]},"typography_line_height_tablet":{"unit":"px","size":"","sizes":[]},"typography_line_height_mobile":{"unit":"px","size":"","sizes":[]},"_padding":{"unit":"px","top":"0","right":"40","bottom":"0","left":"40","isLinked":false},"_padding_mobile":{"unit":"px","top":"0","right":"20","bottom":"20","left":"20","isLinked":false}},"elements":[],"isInner":false,"widgetType":"text-editor","elType":"widget"}],"isInner":false,"elType":"column"},{"id":"6b57e002","settings":{"_column_size":50,"_inline_size":null,"margin":{"unit":"px","top":"0","right":"0","bottom":"0","left":"85","isLinked":false},"padding":{"unit":"px","top":"0","right":"0","bottom":"0","left":"0","isLinked":false},"margin_tablet":{"unit":"px","top":"0","right":"0","bottom":"0","left":"15","isLinked":false},"margin_mobile":{"unit":"px","top":"0","right":"15","bottom":"0","left":"15","isLinked":false}},"elements":[{"id":"c81b502","settings":{"image":{"url":"https:\/\/elementor3.thembay.com\/puca_fashion3\/wp-content\/uploads\/2022\/01\/banner-home3-03.jpg","id":6680,"alt":"","source":"library"},"image_size":"full","link_to":"custom","link":{"url":"https:\/\/elementor3.thembay.com\/puca_fashion3\/shop\/","is_external":"","nofollow":"","custom_attributes":""}},"elements":[],"isInner":false,"widgetType":"image","elType":"widget"},{"id":"334e7f3c","settings":{"title":"Pellentesque in 2022 Maximus","title_color":"#1F1F1F","typography_typography":"custom","typography_font_size":{"unit":"px","size":22,"sizes":[]},"typography_font_weight":"500","typography_line_height":{"unit":"px","size":30,"sizes":[]},"typography_line_height_tablet":{"unit":"px","size":"","sizes":[]},"typography_line_height_mobile":{"unit":"px","size":"","sizes":[]},"_padding":{"unit":"px","top":"19","right":"40","bottom":"8","left":"40","isLinked":false},"_padding_mobile":{"unit":"px","top":"20","right":"20","bottom":"8","left":"20","isLinked":false}},"elements":[],"isInner":false,"widgetType":"heading","elType":"widget"},{"id":"4563d30e","settings":{"editor":"<p>Etiam vitae cursus nibh, vel consequat erat<\/p>","text_color":"#1F1F1F","typography_typography":"custom","typography_line_height":{"unit":"px","size":20,"sizes":[]},"typography_line_height_tablet":{"unit":"px","size":"","sizes":[]},"typography_line_height_mobile":{"unit":"px","size":"","sizes":[]},"_padding":{"unit":"px","top":"0","right":"40","bottom":"0","left":"40","isLinked":false},"_padding_mobile":{"unit":"px","top":"0","right":"20","bottom":"0","left":"20","isLinked":false}},"elements":[],"isInner":false,"widgetType":"text-editor","elType":"widget"},{"id":"228525fa","settings":{"padding":{"unit":"px","top":"95","right":"0","bottom":"0","left":"0","isLinked":false},"padding_tablet":{"unit":"px","top":"50","right":"0","bottom":"0","left":"0","isLinked":false},"padding_mobile":{"unit":"px","top":"30","right":"0","bottom":"0","left":"0","isLinked":false}},"elements":[{"id":"41aea229","settings":{"_column_size":100,"_inline_size":null,"background_background":"classic","background_color":"#FBF5EA","border_border":"solid","border_width":{"unit":"px","top":"1","right":"1","bottom":"1","left":"1","isLinked":true},"border_color":"#4B4B4B"},"elements":[{"id":"774dca88","settings":{"editor":"<p>Sale up to<\/p>","align":"center","text_color":"#1F1F1F","typography_typography":"custom","typography_font_size":{"unit":"px","size":22,"sizes":[]},"typography_font_weight":"500","typography_line_height":{"unit":"px","size":30,"sizes":[]},"typography_line_height_tablet":{"unit":"px","size":"","sizes":[]},"typography_line_height_mobile":{"unit":"px","size":"","sizes":[]},"_padding":{"unit":"px","top":"34","right":"0","bottom":"0","left":"0","isLinked":false}},"elements":[],"isInner":false,"widgetType":"text-editor","elType":"widget"},{"id":"4acb6dcd","settings":{"editor":"<p>70%<\/p>","align":"center","text_color":"#FFA825","typography_typography":"custom","typography_font_size":{"unit":"px","size":90,"sizes":[]},"typography_font_weight":"600","typography_line_height":{"unit":"px","size":109,"sizes":[]},"typography_line_height_tablet":{"unit":"px","size":"","sizes":[]},"typography_line_height_mobile":{"unit":"px","size":"","sizes":[]},"typography_letter_spacing":{"unit":"px","size":-2,"sizes":[]},"_margin":{"unit":"px","top":"-11","right":"0","bottom":"0","left":"0","isLinked":false}},"elements":[],"isInner":false,"widgetType":"text-editor","elType":"widget"},{"id":"b25d5ca","settings":{"editor":"<p>Pellentesque augue ante<\/p>","align":"center","_margin":{"unit":"px","top":"-14","right":"0","bottom":"0","left":"0","isLinked":false},"_padding":{"unit":"px","top":"0","right":"0","bottom":"16","left":"0","isLinked":false}},"elements":[],"isInner":false,"widgetType":"text-editor","elType":"widget"},{"id":"2cf37737","settings":{"text":"shop now","link":{"url":"https:\/\/elementor3.thembay.com\/puca_fashion3\/shop\/","is_external":"","nofollow":"","custom_attributes":""},"align":"center","button_text_color":"#1F1F1F","background_color":"#02010100","border_border":"solid","border_width":{"unit":"px","top":"0","right":"0","bottom":"1","left":"0","isLinked":false},"border_color":"#1F1F1F","border_radius":{"unit":"px","top":"0","right":"0","bottom":"0","left":"0","isLinked":true},"text_padding":{"unit":"px","top":"0","right":"0","bottom":"0","left":"0","isLinked":false},"typography_typography":"custom","typography_font_size":{"unit":"px","size":14,"sizes":[]},"typography_font_weight":"500","typography_text_transform":"uppercase","typography_line_height":{"unit":"px","size":24,"sizes":[]},"typography_line_height_tablet":{"unit":"px","size":"","sizes":[]},"typography_line_height_mobile":{"unit":"px","size":"","sizes":[]},"_padding":{"unit":"px","top":"0","right":"0","bottom":"47","left":"0","isLinked":false},"typography_letter_spacing":{"unit":"px","size":1,"sizes":[]}},"elements":[],"isInner":false,"widgetType":"button","elType":"widget"}],"isInner":true,"elType":"column"}],"isInner":true,"elType":"section"},{"id":"77e8ab5a","settings":{"image":{"url":"https:\/\/elementor3.thembay.com\/puca_fashion3\/wp-content\/uploads\/2022\/01\/banner-home3-04.jpg","id":6681,"alt":"","source":"library"},"image_size":"full","_padding":{"unit":"px","top":"124","right":"0","bottom":"0","left":"0","isLinked":false},"_padding_tablet":{"unit":"px","top":"50","right":"0","bottom":"0","left":"0","isLinked":false},"link_to":"custom","link":{"url":"https:\/\/elementor3.thembay.com\/puca_fashion3\/shop\/","is_external":"","nofollow":"","custom_attributes":""}},"elements":[],"isInner":false,"widgetType":"image","elType":"widget"},{"id":"d068f15","settings":{"title":"Class aptent taciti sociosqu","title_color":"#1F1F1F","typography_typography":"custom","typography_font_size":{"unit":"px","size":22,"sizes":[]},"typography_font_weight":"500","typography_line_height":{"unit":"px","size":30,"sizes":[]},"typography_line_height_tablet":{"unit":"px","size":"","sizes":[]},"typography_line_height_mobile":{"unit":"px","size":"","sizes":[]},"_padding":{"unit":"px","top":"24","right":"40","bottom":"8","left":"40","isLinked":false},"_padding_mobile":{"unit":"px","top":"20","right":"20","bottom":"8","left":"20","isLinked":false}},"elements":[],"isInner":false,"widgetType":"heading","elType":"widget"},{"id":"482fb8c","settings":{"editor":"<p>In hac habitasse platea dictumst.<\/p>","text_color":"#1F1F1F","typography_typography":"custom","typography_line_height":{"unit":"px","size":20,"sizes":[]},"typography_line_height_tablet":{"unit":"px","size":"","sizes":[]},"typography_line_height_mobile":{"unit":"px","size":"","sizes":[]},"_padding":{"unit":"px","top":"0","right":"40","bottom":"0","left":"40","isLinked":false},"_padding_mobile":{"unit":"px","top":"0","right":"20","bottom":"0","left":"20","isLinked":false}},"elements":[],"isInner":false,"widgetType":"text-editor","elType":"widget"}],"isInner":false,"elType":"column"}],"isInner":false,"elType":"section"},{"id":"492264c9","settings":{"content_width":{"unit":"px","size":1790,"sizes":[]},"stretch_section":"section-stretched","padding":{"unit":"px","top":"111","right":"0","bottom":"0","left":"0","isLinked":false},"padding_mobile":{"unit":"px","top":"70","right":"0","bottom":"0","left":"0","isLinked":false}},"elements":[{"id":"18a0918","settings":{"_column_size":100,"_inline_size":null},"elements":[{"id":"6f3e3bf2","settings":{"heading_title":"today flash sales","date_title":"This special price will end in ","date_title_ended":"Deal ended.","end_date":"2022-08-11 12:00","layout_type":"carousel","main_product_sale":[{"_id":"19142c7","product_sale_item":2367},{"_id":"44d42b5","product_sale_item":"83"},{"_id":"796cc24","product_sale_item":"2354"},{"_id":"e8ce2fa","product_sale_item":"2269"},{"_id":"031c112","product_sale_item":"99"},{"_id":"a9abfc8","product_sale_item":"2365"}],"readmore_text":"Read More","readmore_page":569,"enable_readmore":"","heading_title_typography_typography":"custom","heading_title_typography_font_size":{"unit":"px","size":24,"sizes":[]},"heading_title_typography_font_weight":"500","heading_title_typography_line_height":{"unit":"px","size":32,"sizes":[]},"heading_title_typography_line_height_tablet":{"unit":"px","size":"","sizes":[]},"heading_title_typography_line_height_mobile":{"unit":"px","size":"","sizes":[]},"col_desktopsmall":"3"},"elements":[],"isInner":false,"widgetType":"tbay-fashion3-product-flash-sale","elType":"widget"}],"isInner":false,"elType":"column"}],"isInner":false,"elType":"section"},{"id":"6b887697","settings":{"content_width":{"unit":"px","size":1760,"sizes":[]},"stretch_section":"section-stretched","gap":"no","padding":{"unit":"px","top":"13","right":"0","bottom":"0","left":"0","isLinked":false}},"elements":[{"id":"1623b4c9","settings":{"_column_size":100,"_inline_size":null},"elements":[{"id":"792d8d67","settings":{"text":"Divider","color":"#EAEAEA"},"elements":[],"isInner":false,"widgetType":"divider","elType":"widget"}],"isInner":false,"elType":"column"}],"isInner":false,"elType":"section"},{"id":"2bb59cf2","settings":{"content_width":{"unit":"px","size":1790,"sizes":[]},"stretch_section":"section-stretched","padding":{"unit":"px","top":"29","right":"0","bottom":"0","left":"0","isLinked":false}},"elements":[{"id":"3aa554c7","settings":{"_column_size":100,"_inline_size":null},"elements":[{"id":"537ebdb9","settings":{"heading_title":"on sales products","heading_subtitle":"Lorem ipsum dolor sit amet, consectetur adipiscing elit.","layout_type":"carousel","categories":["shoes"],"text_button":"shop all products","heading_title_typography_typography":"custom","heading_title_typography_font_size":{"unit":"px","size":22,"sizes":[]},"heading_title_typography_font_weight":"500","heading_title_typography_line_height":{"unit":"px","size":32,"sizes":[]},"heading_title_typography_line_height_tablet":{"unit":"px","size":"","sizes":[]},"heading_title_typography_line_height_mobile":{"unit":"px","size":"","sizes":[]},"col_desktopsmall":"3","show_more":"yes","selected_icon":{"value":"","library":""}},"elements":[],"isInner":false,"widgetType":"tbay-products","elType":"widget"}],"isInner":false,"elType":"column"}],"isInner":false,"elType":"section"},{"id":"4deeb3ef","settings":{"content_width":{"unit":"px","size":1790,"sizes":[]},"stretch_section":"section-stretched","background_background":"classic","background_color":"#F5F5F5","margin":{"unit":"px","top":"98","right":0,"bottom":"0","left":0,"isLinked":false},"padding":{"unit":"px","top":"80","right":"0","bottom":"34","left":"0","isLinked":false},"padding_tablet":{"unit":"px","top":"50","right":"0","bottom":"30","left":"0","isLinked":false},"margin_mobile":{"unit":"px","top":"30","right":0,"bottom":"0","left":0,"isLinked":false}},"elements":[{"id":"7b1183c","settings":{"_column_size":100,"_inline_size":null},"elements":[{"id":"68e11efa","settings":{"content_width":{"unit":"px","size":1790,"sizes":[]},"gap":"no"},"elements":[{"id":"7efc8933","settings":{"_column_size":100,"_inline_size":null},"elements":[{"id":"202fa233","settings":{"empty":"You have no recently viewed item.","limit":6,"column":"6","col_desktop":"6","readmore_text":"View all","readmore_page":"5972","product_item":"only-image","heading_title":"recent viewed","heading_title_bottom_space":{"unit":"px","size":4,"sizes":[]},"col_desktopsmall":"3","col_landscape":"3"},"elements":[],"isInner":false,"widgetType":"tbay-fashion3-product-recently-viewed","elType":"widget"}],"isInner":true,"elType":"column"}],"isInner":true,"elType":"section"}],"isInner":false,"elType":"column"}],"isInner":false,"elType":"section"},{"id":"4cbdd9b4","settings":{"content_width":{"unit":"px","size":1800,"sizes":[]},"stretch_section":"section-stretched","structure":"30","padding":{"unit":"px","top":"92","right":"0","bottom":"93","left":"0","isLinked":false},"padding_mobile":{"unit":"px","top":"30","right":"0","bottom":"30","left":"0","isLinked":false},"background_background":"classic","background_color":"#F1EBDF","margin":{"unit":"px","top":"0","right":0,"bottom":"-50","left":0,"isLinked":false},"padding_tablet":{"unit":"px","top":"60","right":"0","bottom":"60","left":"0","isLinked":false},"margin_tablet":{"unit":"px","top":"0","right":0,"bottom":"-70","left":0,"isLinked":false},"margin_mobile":{"unit":"px","top":"0","right":0,"bottom":"-65","left":0,"isLinked":false}},"elements":[{"id":"7063c7ca","settings":{"_column_size":33,"_inline_size":null,"padding":{"unit":"px","top":"0","right":"20","bottom":"0","left":"20","isLinked":false},"padding_tablet":{"unit":"px","top":"0","right":"10","bottom":"0","left":"10","isLinked":false},"padding_mobile":{"unit":"px","top":"0","right":"15","bottom":"0","left":"15","isLinked":false}},"elements":[{"id":"58002fce","settings":[],"elements":[{"id":"7d699bee","settings":{"_column_size":100,"_inline_size":null,"border_border":"solid","border_width":{"unit":"px","top":"1","right":"1","bottom":"1","left":"1","isLinked":true},"border_color":"#B3B3B3","padding":{"unit":"px","top":"48","right":"0","bottom":"36","left":"0","isLinked":false},"padding_tablet":{"unit":"px","top":"30","right":"10","bottom":"30","left":"10","isLinked":false},"margin_mobile":{"unit":"px","top":"0","right":"0","bottom":"15","left":"0","isLinked":false},"background_background":"classic","background_color":"#FFFFFF"},"elements":[{"id":"34d938c8","settings":{"title":"Fast & Free Shipping","align":"center","title_color":"#1F1F1F","typography_typography":"custom","typography_font_size":{"unit":"px","size":20,"sizes":[]},"typography_font_weight":"500","typography_line_height":{"unit":"px","size":26,"sizes":[]},"typography_line_height_tablet":{"unit":"px","size":24,"sizes":[]},"typography_line_height_mobile":{"unit":"px","size":"","sizes":[]},"_padding":{"unit":"px","top":"0","right":"0","bottom":"4","left":"0","isLinked":false},"typography_font_size_tablet":{"unit":"px","size":18,"sizes":[]}},"elements":[],"isInner":false,"widgetType":"heading","elType":"widget"},{"id":"61674e1","settings":{"editor":"<p>Offers apply to all orders over $500.<\/p>","align":"center","text_color":"#8C8C8C","typography_typography":"custom","typography_font_size":{"unit":"px","size":13,"sizes":[]},"typography_font_weight":"600","typography_line_height":{"unit":"px","size":22,"sizes":[]},"typography_line_height_tablet":{"unit":"px","size":"","sizes":[]},"typography_line_height_mobile":{"unit":"px","size":"","sizes":[]}},"elements":[],"isInner":false,"widgetType":"text-editor","elType":"widget"}],"isInner":true,"elType":"column"}],"isInner":true,"elType":"section"}],"isInner":false,"elType":"column"},{"id":"4bcb72b","settings":{"_column_size":33,"_inline_size":null,"padding":{"unit":"px","top":"0","right":"20","bottom":"0","left":"20","isLinked":false},"padding_tablet":{"unit":"px","top":"0","right":"10","bottom":"0","left":"10","isLinked":false},"padding_mobile":{"unit":"px","top":"0","right":"15","bottom":"0","left":"15","isLinked":false}},"elements":[{"id":"72be9d5f","settings":[],"elements":[{"id":"4e3ec91a","settings":{"_column_size":100,"_inline_size":null,"border_border":"solid","border_width":{"unit":"px","top":"1","right":"1","bottom":"1","left":"1","isLinked":true},"border_color":"#B3B3B3","padding":{"unit":"px","top":"48","right":"0","bottom":"36","left":"0","isLinked":false},"padding_tablet":{"unit":"px","top":"30","right":"10","bottom":"30","left":"10","isLinked":false},"margin_mobile":{"unit":"px","top":"0","right":"0","bottom":"15","left":"0","isLinked":false},"background_background":"classic","background_color":"#FFFFFF"},"elements":[{"id":"2e536fc9","settings":{"title":"Memeber Gifts Weekly","title_color":"#1F1F1F","typography_typography":"custom","typography_font_size":{"unit":"px","size":20,"sizes":[]},"typography_font_weight":"500","typography_line_height":{"unit":"px","size":26,"sizes":[]},"typography_line_height_tablet":{"unit":"px","size":24,"sizes":[]},"typography_line_height_mobile":{"unit":"px","size":"","sizes":[]},"align":"center","_padding":{"unit":"px","top":"0","right":"0","bottom":"4","left":"0","isLinked":false},"typography_font_size_tablet":{"unit":"px","size":18,"sizes":[]}},"elements":[],"isInner":false,"widgetType":"heading","elType":"widget"},{"id":"80df30e","settings":{"editor":"<p>Offer applied to customers purchsed over 3 times.<\/p>","text_color":"#8C8C8C","typography_typography":"custom","typography_font_size":{"unit":"px","size":13,"sizes":[]},"typography_font_weight":"600","typography_line_height":{"unit":"px","size":22,"sizes":[]},"typography_line_height_tablet":{"unit":"px","size":"","sizes":[]},"typography_line_height_mobile":{"unit":"px","size":"","sizes":[]},"align":"center"},"elements":[],"isInner":false,"widgetType":"text-editor","elType":"widget"}],"isInner":true,"elType":"column"}],"isInner":true,"elType":"section"}],"isInner":false,"elType":"column"},{"id":"7f1cfb5d","settings":{"_column_size":33,"_inline_size":null,"padding":{"unit":"px","top":"0","right":"20","bottom":"0","left":"20","isLinked":false},"padding_tablet":{"unit":"px","top":"0","right":"10","bottom":"0","left":"10","isLinked":false},"padding_mobile":{"unit":"px","top":"0","right":"15","bottom":"0","left":"15","isLinked":false}},"elements":[{"id":"1c40a385","settings":[],"elements":[{"id":"67293d72","settings":{"_column_size":100,"_inline_size":null,"border_border":"solid","border_width":{"unit":"px","top":"1","right":"1","bottom":"1","left":"1","isLinked":true},"border_color":"#B3B3B3","padding":{"unit":"px","top":"48","right":"0","bottom":"36","left":"0","isLinked":false},"padding_tablet":{"unit":"px","top":"30","right":"10","bottom":"30","left":"10","isLinked":false},"background_background":"classic","background_color":"#FFFFFF"},"elements":[{"id":"38b41bb5","settings":{"title":"Friendly Support 24\/7","title_color":"#1F1F1F","typography_typography":"custom","typography_font_size":{"unit":"px","size":20,"sizes":[]},"typography_font_weight":"500","typography_line_height":{"unit":"px","size":26,"sizes":[]},"typography_line_height_tablet":{"unit":"px","size":24,"sizes":[]},"typography_line_height_mobile":{"unit":"px","size":"","sizes":[]},"align":"center","_padding":{"unit":"px","top":"0","right":"0","bottom":"4","left":"0","isLinked":false},"typography_font_size_tablet":{"unit":"px","size":18,"sizes":[]}},"elements":[],"isInner":false,"widgetType":"heading","elType":"widget"},{"id":"12f09c92","settings":{"editor":"<p>Our supporters services are always to help<\/p>","text_color":"#8C8C8C","typography_typography":"custom","typography_font_size":{"unit":"px","size":13,"sizes":[]},"typography_font_weight":"600","typography_line_height":{"unit":"px","size":22,"sizes":[]},"typography_line_height_tablet":{"unit":"px","size":"","sizes":[]},"typography_line_height_mobile":{"unit":"px","size":"","sizes":[]},"align":"center"},"elements":[],"isInner":false,"widgetType":"text-editor","elType":"widget"}],"isInner":true,"elType":"column"}],"isInner":true,"elType":"section"}],"isInner":false,"elType":"column"}],"isInner":false,"elType":"section"}],"page_settings":[],"version":"0.4","title":"Home 3","type":"page"}