{"content":[{"id":"3489be0a","settings":{"stretch_section":"section-stretched","structure":"30"},"elements":[{"id":"459b4a40","settings":{"_column_size":33,"_inline_size":16.66,"_inline_size_tablet":10},"elements":[],"isInner":false,"elType":"column"},{"id":"41f114bc","settings":{"_column_size":33,"_inline_size":66.012,"_inline_size_tablet":80},"elements":[{"id":"403d73","settings":{"editor":"<p>Nulla tristique ipsum vitae urna pellentesque, sit amet tincidunt ex consequat. Praesent nibh ipsum, blandit eu nisi simet,\u00a0varius consequat ligula.<\/p>","align":"center","column_gap":{"unit":"px","size":0,"sizes":[]},"typography_typography":"custom","typography_line_height":{"unit":"px","size":22,"sizes":[]},"typography_line_height_tablet":{"unit":"px","size":"","sizes":[]},"typography_line_height_mobile":{"unit":"px","size":"","sizes":[]},"_padding":{"unit":"px","top":"0","right":"40","bottom":"13","left":"40","isLinked":false},"_padding_mobile":{"unit":"px","top":"30","right":"10","bottom":"13","left":"10","isLinked":false}},"elements":[],"isInner":false,"widgetType":"text-editor","elType":"widget"},{"id":"1dd4d488","settings":{"youtube_url":"https:\/\/www.youtube.com\/watch?v=hjgGtW85in8","vimeo_url":"https:\/\/vimeo.com\/235215203","dailymotion_url":"https:\/\/www.dailymotion.com\/video\/x6tqhqb"},"elements":[],"isInner":false,"widgetType":"video","elType":"widget"},{"id":"36963904","settings":{"editor":"<div class=\"wpb_text_column wpb_content_element  wpb_animate_when_almost_visible wpb_fadeInUp fadeInUp vc_custom_1509766148852 text-center wpb_start_animation animated\"><div class=\"wpb_wrapper\"><p>Vestibulum luctus sem sit amet ipsum pharetra ullamcorper. Curabitur sit amet leo quis ante mattis luctus a in ligula. Maecenas consequat feugiat con sequat. Morbi imperdiet metus eget tellus consectetur, nec viverra tellus dignissim. Integer ullamcorper quis diam eget rhoncus. Vivamus aliquet puru nec tempor dapibus. Sed suscipit lacus commodo blandit dapibus. Mauris eu finibus tellus.<\/p><\/div><\/div>","typography_typography":"custom","typography_line_height":{"unit":"px","size":22,"sizes":[]},"typography_line_height_tablet":{"unit":"px","size":"","sizes":[]},"typography_line_height_mobile":{"unit":"px","size":"","sizes":[]},"_padding":{"unit":"px","top":"23","right":"40","bottom":"0","left":"40","isLinked":false},"_padding_mobile":{"unit":"px","top":"20","right":"10","bottom":"0","left":"10","isLinked":false}},"elements":[],"isInner":false,"widgetType":"text-editor","elType":"widget"}],"isInner":false,"elType":"column"},{"id":"5b21fa93","settings":{"_column_size":33,"_inline_size":16.66,"_inline_size_tablet":10},"elements":[],"isInner":false,"elType":"column"}],"isInner":false,"elType":"section"},{"id":"327f2018","settings":{"stretch_section":"section-stretched","structure":"30","background_background":"classic","background_color":"#F1EBDF","margin":{"unit":"px","top":"44","right":0,"bottom":"0","left":0,"isLinked":false},"padding":{"unit":"px","top":"65","right":"0","bottom":"64","left":"0","isLinked":false}},"elements":[{"id":"42f7dbf1","settings":{"_column_size":33,"_inline_size":16.66,"_inline_size_tablet":10},"elements":[],"isInner":false,"elType":"column"},{"id":"2082e7d1","settings":{"_column_size":33,"_inline_size":66.012,"_inline_size_tablet":80},"elements":[{"id":"4b0f92c4","settings":{"title":"Our services","align":"center","typography_typography":"custom","typography_font_size":{"unit":"px","size":24,"sizes":[]},"typography_font_weight":"700","typography_line_height":{"unit":"px","size":32,"sizes":[]},"typography_line_height_tablet":{"unit":"px","size":"","sizes":[]},"typography_line_height_mobile":{"unit":"px","size":"","sizes":[]},"_padding":{"unit":"px","top":"0","right":"0","bottom":"22","left":"0","isLinked":false},"title_color":"#1F1F1F"},"elements":[],"isInner":false,"widgetType":"heading","elType":"widget"},{"id":"2839628f","settings":{"editor":"<p>Phasellus tempus et eros et aliquam. Integer faucibus semper orci eget elementum. Nullam dignissim sit amet ex a facilisis. Aenean ac augue ex. Ut volutpat elit libero, vitae ullamcorper nunc consequat at.<\/p>","typography_typography":"custom","typography_line_height":{"unit":"px","size":22,"sizes":[]},"typography_line_height_tablet":{"unit":"px","size":"","sizes":[]},"typography_line_height_mobile":{"unit":"px","size":"","sizes":[]},"align":"center","_padding":{"unit":"px","top":"0","right":"36","bottom":"22","left":"36","isLinked":false},"_padding_mobile":{"unit":"px","top":"0","right":"10","bottom":"20","left":"10","isLinked":false}},"elements":[],"isInner":false,"widgetType":"text-editor","elType":"widget"},{"id":"78e207d3","settings":{"structure":"30"},"elements":[{"id":"3e1eca5f","settings":{"_column_size":33,"_inline_size":null,"border_border":"solid","border_width":{"unit":"px","top":"1","right":"1","bottom":"1","left":"1","isLinked":true},"border_color":"#B3B3B3","background_background":"classic","background_color":"#FFFFFF","margin":{"unit":"px","top":"0","right":"16","bottom":"0","left":"0","isLinked":false},"padding":{"unit":"px","top":"40","right":"20","bottom":"26","left":"24","isLinked":false},"margin_mobile":{"unit":"px","top":"0","right":"0","bottom":"0","left":"0","isLinked":false}},"elements":[{"id":"4fa20375","settings":{"title":"Fast & free shipping","typography_typography":"custom","typography_font_size":{"unit":"px","size":18,"sizes":[]},"typography_line_height":{"unit":"px","size":24,"sizes":[]},"typography_line_height_tablet":{"unit":"px","size":"","sizes":[]},"typography_line_height_mobile":{"unit":"px","size":"","sizes":[]},"_margin":{"unit":"px","top":"0","right":"0","bottom":"8","left":"0","isLinked":false},"title_color":"#1F1F1F","typography_font_weight":"500"},"elements":[],"isInner":false,"widgetType":"heading","elType":"widget"},{"id":"1e7b8e01","settings":{"editor":"<p>Offers apply to all orders over $500.<\/p>","text_color":"#666666","typography_typography":"custom","typography_font_size":{"unit":"px","size":13,"sizes":[]},"typography_line_height":{"unit":"px","size":18,"sizes":[]},"typography_line_height_tablet":{"unit":"px","size":"","sizes":[]},"typography_line_height_mobile":{"unit":"px","size":"","sizes":[]}},"elements":[],"isInner":false,"widgetType":"text-editor","elType":"widget"}],"isInner":true,"elType":"column"},{"id":"623a7929","settings":{"_column_size":33,"_inline_size":null,"border_border":"solid","border_width":{"unit":"px","top":"1","right":"1","bottom":"1","left":"1","isLinked":true},"border_color":"#B3B3B3","background_background":"classic","background_color":"#FFFFFF","margin":{"unit":"px","top":"0","right":"8","bottom":"0","left":"8","isLinked":false},"padding":{"unit":"px","top":"40","right":"20","bottom":"26","left":"24","isLinked":false},"margin_mobile":{"unit":"px","top":"15","right":"0","bottom":"15","left":"0","isLinked":false}},"elements":[{"id":"74c3d2d","settings":{"title":"Member gift weekly","typography_typography":"custom","typography_font_size":{"unit":"px","size":18,"sizes":[]},"typography_line_height":{"unit":"px","size":24,"sizes":[]},"typography_line_height_tablet":{"unit":"px","size":"","sizes":[]},"typography_line_height_mobile":{"unit":"px","size":"","sizes":[]},"_margin":{"unit":"px","top":"0","right":"0","bottom":"8","left":"0","isLinked":false},"title_color":"#1F1F1F","typography_font_weight":"500"},"elements":[],"isInner":false,"widgetType":"heading","elType":"widget"},{"id":"682bc61d","settings":{"editor":"<p>Offer applied to customers purchsed over 3 times.<\/p>","text_color":"#666666","typography_typography":"custom","typography_font_size":{"unit":"px","size":13,"sizes":[]},"typography_line_height":{"unit":"px","size":18,"sizes":[]},"typography_line_height_tablet":{"unit":"px","size":"","sizes":[]},"typography_line_height_mobile":{"unit":"px","size":"","sizes":[]}},"elements":[],"isInner":false,"widgetType":"text-editor","elType":"widget"}],"isInner":true,"elType":"column"},{"id":"40a04bbd","settings":{"_column_size":33,"_inline_size":null,"border_border":"solid","border_width":{"unit":"px","top":"1","right":"1","bottom":"1","left":"1","isLinked":true},"border_color":"#B3B3B3","background_background":"classic","background_color":"#FFFFFF","margin":{"unit":"px","top":"0","right":"0","bottom":"0","left":"16","isLinked":false},"padding":{"unit":"px","top":"40","right":"20","bottom":"26","left":"24","isLinked":false},"margin_mobile":{"unit":"px","top":"0","right":"0","bottom":"0","left":"0","isLinked":false}},"elements":[{"id":"35805f4b","settings":{"title":"Friendly support 24\/7","typography_typography":"custom","typography_font_size":{"unit":"px","size":18,"sizes":[]},"typography_line_height":{"unit":"px","size":24,"sizes":[]},"typography_line_height_tablet":{"unit":"px","size":"","sizes":[]},"typography_line_height_mobile":{"unit":"px","size":"","sizes":[]},"_margin":{"unit":"px","top":"0","right":"0","bottom":"8","left":"0","isLinked":false},"title_color":"#1F1F1F","typography_font_weight":"500"},"elements":[],"isInner":false,"widgetType":"heading","elType":"widget"},{"id":"15bc114e","settings":{"editor":"<p>Our supporters services are always to help<\/p>","text_color":"#666666","typography_typography":"custom","typography_font_size":{"unit":"px","size":13,"sizes":[]},"typography_line_height":{"unit":"px","size":18,"sizes":[]},"typography_line_height_tablet":{"unit":"px","size":"","sizes":[]},"typography_line_height_mobile":{"unit":"px","size":"","sizes":[]}},"elements":[],"isInner":false,"widgetType":"text-editor","elType":"widget"}],"isInner":true,"elType":"column"}],"isInner":true,"elType":"section"},{"id":"6132705a","settings":{"structure":"30","padding":{"unit":"px","top":"24","right":"0","bottom":"0","left":"0","isLinked":false},"padding_mobile":{"unit":"px","top":"15","right":"0","bottom":"0","left":"0","isLinked":false}},"elements":[{"id":"28f9adb8","settings":{"_column_size":33,"_inline_size":null,"border_border":"solid","border_width":{"unit":"px","top":"1","right":"1","bottom":"1","left":"1","isLinked":true},"border_color":"#B3B3B3","background_background":"classic","background_color":"#FFFFFF","margin":{"unit":"px","top":"0","right":"16","bottom":"0","left":"0","isLinked":false},"padding":{"unit":"px","top":"40","right":"20","bottom":"26","left":"24","isLinked":false},"margin_mobile":{"unit":"px","top":"0","right":"0","bottom":"0","left":"0","isLinked":false}},"elements":[{"id":"2655dee2","settings":{"title":"Fast & free shipping","typography_typography":"custom","typography_font_size":{"unit":"px","size":18,"sizes":[]},"typography_line_height":{"unit":"px","size":24,"sizes":[]},"typography_line_height_tablet":{"unit":"px","size":"","sizes":[]},"typography_line_height_mobile":{"unit":"px","size":"","sizes":[]},"_margin":{"unit":"px","top":"0","right":"0","bottom":"8","left":"0","isLinked":false},"title_color":"#1F1F1F","typography_font_weight":"500"},"elements":[],"isInner":false,"widgetType":"heading","elType":"widget"},{"id":"d00af6f","settings":{"editor":"<p>Offers apply to all orders over $500.<\/p>","text_color":"#666666","typography_typography":"custom","typography_font_size":{"unit":"px","size":13,"sizes":[]},"typography_line_height":{"unit":"px","size":18,"sizes":[]},"typography_line_height_tablet":{"unit":"px","size":"","sizes":[]},"typography_line_height_mobile":{"unit":"px","size":"","sizes":[]}},"elements":[],"isInner":false,"widgetType":"text-editor","elType":"widget"}],"isInner":true,"elType":"column"},{"id":"7b24767d","settings":{"_column_size":33,"_inline_size":null,"border_border":"solid","border_width":{"unit":"px","top":"1","right":"1","bottom":"1","left":"1","isLinked":true},"border_color":"#B3B3B3","background_background":"classic","background_color":"#FFFFFF","margin":{"unit":"px","top":"0","right":"8","bottom":"0","left":"8","isLinked":false},"padding":{"unit":"px","top":"40","right":"20","bottom":"26","left":"24","isLinked":false},"margin_mobile":{"unit":"px","top":"15","right":"0","bottom":"15","left":"0","isLinked":false}},"elements":[{"id":"7b344b46","settings":{"title":"Member gift weekly","typography_typography":"custom","typography_font_size":{"unit":"px","size":18,"sizes":[]},"typography_line_height":{"unit":"px","size":24,"sizes":[]},"typography_line_height_tablet":{"unit":"px","size":"","sizes":[]},"typography_line_height_mobile":{"unit":"px","size":"","sizes":[]},"_margin":{"unit":"px","top":"0","right":"0","bottom":"8","left":"0","isLinked":false},"title_color":"#1F1F1F","typography_font_weight":"500"},"elements":[],"isInner":false,"widgetType":"heading","elType":"widget"},{"id":"232d11c3","settings":{"editor":"<p>Offer applied to customers purchsed over 3 times.<\/p>","text_color":"#666666","typography_typography":"custom","typography_font_size":{"unit":"px","size":13,"sizes":[]},"typography_line_height":{"unit":"px","size":18,"sizes":[]},"typography_line_height_tablet":{"unit":"px","size":"","sizes":[]},"typography_line_height_mobile":{"unit":"px","size":"","sizes":[]}},"elements":[],"isInner":false,"widgetType":"text-editor","elType":"widget"}],"isInner":true,"elType":"column"},{"id":"297e1f39","settings":{"_column_size":33,"_inline_size":null,"border_border":"solid","border_width":{"unit":"px","top":"1","right":"1","bottom":"1","left":"1","isLinked":true},"border_color":"#B3B3B3","background_background":"classic","background_color":"#FFFFFF","margin":{"unit":"px","top":"0","right":"0","bottom":"0","left":"16","isLinked":false},"padding":{"unit":"px","top":"40","right":"20","bottom":"26","left":"24","isLinked":false},"margin_mobile":{"unit":"px","top":"0","right":"0","bottom":"0","left":"0","isLinked":false}},"elements":[{"id":"51912bff","settings":{"title":"Friendly support 24\/7","typography_typography":"custom","typography_font_size":{"unit":"px","size":18,"sizes":[]},"typography_line_height":{"unit":"px","size":24,"sizes":[]},"typography_line_height_tablet":{"unit":"px","size":"","sizes":[]},"typography_line_height_mobile":{"unit":"px","size":"","sizes":[]},"_margin":{"unit":"px","top":"0","right":"0","bottom":"8","left":"0","isLinked":false},"title_color":"#1F1F1F","typography_font_weight":"500"},"elements":[],"isInner":false,"widgetType":"heading","elType":"widget"},{"id":"6e290330","settings":{"editor":"<p>Our supporters services are always to help<\/p>","text_color":"#666666","typography_typography":"custom","typography_font_size":{"unit":"px","size":13,"sizes":[]},"typography_line_height":{"unit":"px","size":18,"sizes":[]},"typography_line_height_tablet":{"unit":"px","size":"","sizes":[]},"typography_line_height_mobile":{"unit":"px","size":"","sizes":[]}},"elements":[],"isInner":false,"widgetType":"text-editor","elType":"widget"}],"isInner":true,"elType":"column"}],"isInner":true,"elType":"section"}],"isInner":false,"elType":"column"},{"id":"31d33a55","settings":{"_column_size":33,"_inline_size":16.66,"_inline_size_tablet":10},"elements":[],"isInner":false,"elType":"column"}],"isInner":false,"elType":"section"},{"id":"2e815e42","settings":{"stretch_section":"section-stretched","structure":"30"},"elements":[{"id":"1ccadffa","settings":{"_column_size":33,"_inline_size":16.66,"_inline_size_tablet":10},"elements":[],"isInner":false,"elType":"column"},{"id":"21d35158","settings":{"_column_size":33,"_inline_size":66.012,"_inline_size_tablet":80},"elements":[{"id":"71a4f39c","settings":{"structure":"40","gap":"no","padding":{"unit":"px","top":"66","right":"0","bottom":"30","left":"0","isLinked":false},"padding_mobile":{"unit":"px","top":"50","right":"0","bottom":"50","left":"0","isLinked":false}},"elements":[{"id":"1cac3847","settings":{"_column_size":25,"_inline_size":null},"elements":[{"id":"3a880297","settings":{"title":"15+","typography_typography":"custom","typography_font_size":{"unit":"px","size":46,"sizes":[]},"typography_font_weight":"500","typography_line_height":{"unit":"px","size":"","sizes":[]},"typography_line_height_tablet":{"unit":"px","size":"","sizes":[]},"typography_line_height_mobile":{"unit":"px","size":"","sizes":[]},"_padding":{"unit":"px","top":"0","right":"0","bottom":"5","left":"0","isLinked":false}},"elements":[],"isInner":false,"widgetType":"heading","elType":"widget"},{"id":"388b7efe","settings":{"editor":"<p>Ceritications accepted<\/p>","typography_typography":"custom","typography_font_size":{"unit":"px","size":13,"sizes":[]},"typography_line_height":{"unit":"px","size":22,"sizes":[]},"typography_line_height_tablet":{"unit":"px","size":"","sizes":[]},"typography_line_height_mobile":{"unit":"px","size":"","sizes":[]},"_padding_mobile":{"unit":"px","top":"0","right":"0","bottom":"30","left":"0","isLinked":false}},"elements":[],"isInner":false,"widgetType":"text-editor","elType":"widget"}],"isInner":true,"elType":"column"},{"id":"1237e624","settings":{"_column_size":25,"_inline_size":null},"elements":[{"id":"6e0e7ee1","settings":{"title":"30+","typography_typography":"custom","typography_font_size":{"unit":"px","size":46,"sizes":[]},"typography_font_weight":"500","typography_line_height":{"unit":"px","size":"","sizes":[]},"typography_line_height_tablet":{"unit":"px","size":"","sizes":[]},"typography_line_height_mobile":{"unit":"px","size":"","sizes":[]},"_padding":{"unit":"px","top":"0","right":"0","bottom":"5","left":"0","isLinked":false}},"elements":[],"isInner":false,"widgetType":"heading","elType":"widget"},{"id":"2e33e622","settings":{"editor":"<p>High rank brands sponsored<\/p>","_padding":{"unit":"px","top":"0","right":"030","bottom":"0","left":"0","isLinked":false},"typography_typography":"custom","typography_font_size":{"unit":"px","size":13,"sizes":[]},"typography_line_height":{"unit":"px","size":22,"sizes":[]},"typography_line_height_tablet":{"unit":"px","size":"","sizes":[]},"typography_line_height_mobile":{"unit":"px","size":"","sizes":[]},"_padding_mobile":{"unit":"px","top":"0","right":"0","bottom":"30","left":"0","isLinked":false}},"elements":[],"isInner":false,"widgetType":"text-editor","elType":"widget"}],"isInner":true,"elType":"column"},{"id":"1d02f2df","settings":{"_column_size":25,"_inline_size":null},"elements":[{"id":"82c8a22","settings":{"title":"999+","typography_typography":"custom","typography_font_size":{"unit":"px","size":46,"sizes":[]},"typography_font_weight":"500","typography_line_height":{"unit":"px","size":"","sizes":[]},"typography_line_height_tablet":{"unit":"px","size":"","sizes":[]},"typography_line_height_mobile":{"unit":"px","size":"","sizes":[]},"_padding":{"unit":"px","top":"0","right":"0","bottom":"5","left":"0","isLinked":false}},"elements":[],"isInner":false,"widgetType":"heading","elType":"widget"},{"id":"63d2a824","settings":{"editor":"<p>High quality products<\/p>","_padding":{"unit":"px","top":"0","right":"030","bottom":"0","left":"0","isLinked":false},"typography_typography":"custom","typography_font_size":{"unit":"px","size":13,"sizes":[]},"typography_line_height":{"unit":"px","size":22,"sizes":[]},"typography_line_height_tablet":{"unit":"px","size":"","sizes":[]},"typography_line_height_mobile":{"unit":"px","size":"","sizes":[]},"_padding_mobile":{"unit":"px","top":"0","right":"0","bottom":"30","left":"0","isLinked":false}},"elements":[],"isInner":false,"widgetType":"text-editor","elType":"widget"}],"isInner":true,"elType":"column"},{"id":"777a7047","settings":{"_column_size":25,"_inline_size":null},"elements":[{"id":"4bd046a5","settings":{"title":"4M+","typography_typography":"custom","typography_font_size":{"unit":"px","size":46,"sizes":[]},"typography_font_weight":"500","typography_line_height":{"unit":"px","size":"","sizes":[]},"typography_line_height_tablet":{"unit":"px","size":"","sizes":[]},"typography_line_height_mobile":{"unit":"px","size":"","sizes":[]},"_padding":{"unit":"px","top":"0","right":"0","bottom":"5","left":"0","isLinked":false}},"elements":[],"isInner":false,"widgetType":"heading","elType":"widget"},{"id":"6ba66c8f","settings":{"editor":"<p>Sastisfied customers worldwide<\/p>","_padding":{"unit":"px","top":"0","right":"030","bottom":"0","left":"0","isLinked":false},"typography_typography":"custom","typography_font_size":{"unit":"px","size":13,"sizes":[]},"typography_line_height":{"unit":"px","size":22,"sizes":[]},"typography_line_height_tablet":{"unit":"px","size":"","sizes":[]},"typography_line_height_mobile":{"unit":"px","size":"","sizes":[]}},"elements":[],"isInner":false,"widgetType":"text-editor","elType":"widget"}],"isInner":true,"elType":"column"}],"isInner":true,"elType":"section"}],"isInner":false,"elType":"column"},{"id":"6ff6d1a9","settings":{"_column_size":33,"_inline_size":16.66,"_inline_size_tablet":10},"elements":[],"isInner":false,"elType":"column"}],"isInner":false,"elType":"section"},{"id":"4cde663e","settings":{"stretch_section":"section-stretched","structure":"30"},"elements":[{"id":"89d18c2","settings":{"_column_size":33,"_inline_size":16.66,"_inline_size_tablet":10},"elements":[],"isInner":false,"elType":"column"},{"id":"4087c4d9","settings":{"_column_size":33,"_inline_size":66.012,"_inline_size_tablet":80},"elements":[{"id":"19ea7cb0","settings":{"text":"Divider","color":"#B3B3B3","_padding":{"unit":"px","top":"4","right":"0","bottom":"0","left":"0","isLinked":false}},"elements":[],"isInner":false,"widgetType":"divider","elType":"widget"},{"id":"1485aad2","settings":{"column":"1","col_desktop":"1","col_desktopsmall":"1","col_landscape":"1","column_tablet":"1","column_mobile":"1","disable_mobile":""},"elements":[],"isInner":false,"widgetType":"tbay-testimonials","elType":"widget"}],"isInner":false,"elType":"column"},{"id":"2c9cf5d2","settings":{"_column_size":33,"_inline_size":16.66,"_inline_size_tablet":10},"elements":[],"isInner":false,"elType":"column"}],"isInner":false,"elType":"section"},{"id":"6e9abf24","settings":{"stretch_section":"section-stretched","structure":"30","background_background":"classic","background_color":"#F5F5F5","padding":{"unit":"px","top":"64","right":"0","bottom":"96","left":"0","isLinked":false},"margin":{"unit":"px","top":"48","right":0,"bottom":"-50","left":0,"isLinked":false}},"elements":[{"id":"40cc0a5e","settings":{"_column_size":33,"_inline_size":16.66,"_inline_size_tablet":10},"elements":[],"isInner":false,"elType":"column"},{"id":"3a2533d4","settings":{"_column_size":33,"_inline_size":66.012,"_inline_size_tablet":80},"elements":[{"id":"32277c6e","settings":{"heading_title":"Our team member","heading_subtitle":"Lorem ipsum dolor sit amet, consectetur adipiscing elit. Aenean eu libero a risus aliquet euismod porttitor sed dolor. Cras non magna facilisis, mollis velit at, suscipit urna. Vivamus auctor fringilla felis at tincidunt.","layout_type":"carousel","our_team":[{"our_team_name":"Tran Tung Kerry","our_team_job":"Web Researcher","our_team_image":{"url":"https:\/\/elementor3.thembay.com\/puca_fashion3\/wp-content\/uploads\/2016\/06\/team-1.jpg","id":2857,"alt":"","source":"library"},"our_team_link_fb":{"url":"#","is_external":true,"nofollow":true},"our_team_link_tw":{"url":"#","is_external":true,"nofollow":true},"our_team_link_gg":{"url":"#","is_external":true,"nofollow":true},"our_team_link_linkin":{"url":"#","is_external":true,"nofollow":true},"our_team_link_instaram":{"url":"#","is_external":true,"nofollow":true},"_id":"e5923ef"},{"our_team_name":"Alan Manez","our_team_job":"Artist","our_team_image":{"url":"https:\/\/elementor3.thembay.com\/puca_fashion3\/wp-content\/uploads\/2016\/06\/team-4.jpg","id":2860,"alt":"","source":"library"},"our_team_link_fb":{"url":"#","is_external":true,"nofollow":true},"our_team_link_tw":{"url":"#","is_external":true,"nofollow":true},"our_team_link_gg":{"url":"#","is_external":true,"nofollow":true},"our_team_link_linkin":{"url":"#","is_external":true,"nofollow":true},"our_team_link_instaram":{"url":"#","is_external":true,"nofollow":true},"_id":"c4dbd28"},{"our_team_name":"John Cenan","our_team_job":"Web Designer","our_team_image":{"url":"https:\/\/elementor3.thembay.com\/puca_fashion3\/wp-content\/uploads\/2016\/06\/team-2.jpg","id":2858,"alt":"","source":"library"},"our_team_link_fb":{"url":"#","is_external":true,"nofollow":true},"our_team_link_tw":{"url":"#","is_external":true,"nofollow":true},"our_team_link_gg":{"url":"#","is_external":true,"nofollow":true},"our_team_link_linkin":{"url":"#","is_external":true,"nofollow":true},"our_team_link_instaram":{"url":"#","is_external":true,"nofollow":true},"_id":"bedbf85"},{"our_team_name":"Alan Manez","our_team_job":"Web Designer","our_team_image":{"url":"https:\/\/elementor3.thembay.com\/puca_fashion3\/wp-content\/uploads\/2016\/06\/team-3.jpg","id":2859,"alt":"","source":"library"},"our_team_link_fb":{"url":"#","is_external":true,"nofollow":true},"our_team_link_tw":{"url":"#","is_external":true,"nofollow":true},"our_team_link_gg":{"url":"#","is_external":true,"nofollow":true},"our_team_link_linkin":{"url":"#","is_external":true,"nofollow":true},"our_team_link_instaram":{"url":"#","is_external":true,"nofollow":true},"_id":"29c980a"}],"column":"3","col_desktop":"3","heading_title_typography_typography":"custom","heading_title_typography_font_size":{"unit":"px","size":24,"sizes":[]},"heading_title_typography_font_weight":"700","heading_title_typography_text_transform":"capitalize","heading_title_typography_line_height":{"unit":"px","size":32,"sizes":[]},"heading_title_typography_line_height_tablet":{"unit":"px","size":"","sizes":[]},"heading_title_typography_line_height_mobile":{"unit":"px","size":"","sizes":[]},"heading_title_bottom_space":{"unit":"px","size":15,"sizes":[]},"column_tablet":"2","col_desktopsmall":"3"},"elements":[],"isInner":false,"widgetType":"tbay-our-team","elType":"widget"}],"isInner":false,"elType":"column"},{"id":"4bbcb979","settings":{"_column_size":33,"_inline_size":16.66,"_inline_size_tablet":10},"elements":[],"isInner":false,"elType":"column"}],"isInner":false,"elType":"section"}],"page_settings":[],"version":"0.4","title":"About","type":"page"}