{"content":[{"id":"1fadbf23","settings":{"content_width":{"unit":"px","size":1920,"sizes":[]},"gap":"no","stretch_section":"section-stretched","structure":"20"},"elements":[{"id":"7bb1490c","settings":{"_column_size":50,"_inline_size":null,"background_background":"classic","background_image":{"url":"https:\/\/elementor3.thembay.com\/puca_fashion3\/wp-content\/uploads\/2022\/01\/banner-home2-01.jpg","id":6551,"alt":"","source":"library"},"background_position":"center center","background_repeat":"no-repeat","margin_mobile":{"unit":"px","top":"15","right":"15","bottom":"15","left":"15","isLinked":true},"background_size":"cover"},"elements":[{"id":"42e0f56a","settings":{"title":"Stylish girl in gray pants and white cotton","align":"center","title_color":"#FFFFFF","typography_typography":"custom","typography_font_size":{"unit":"px","size":32,"sizes":[]},"typography_font_weight":"700","typography_line_height":{"unit":"px","size":40,"sizes":[]},"typography_line_height_tablet":{"unit":"px","size":"","sizes":[]},"typography_line_height_mobile":{"unit":"px","size":30,"sizes":[]},"_padding":{"unit":"px","top":"342","right":"200","bottom":"8","left":"200","isLinked":false},"typography_font_size_mobile":{"unit":"px","size":22,"sizes":[]},"_padding_mobile":{"unit":"px","top":"50","right":"0","bottom":"0","left":"0","isLinked":false},"_padding_tablet":{"unit":"px","top":"150","right":"30","bottom":"10","left":"30","isLinked":false}},"elements":[],"isInner":false,"widgetType":"heading","elType":"widget"},{"id":"63812431","settings":{"editor":"<p>Aliquam lectus lacus, consequat in mi non, lobortis.<\/p>","align":"center","text_color":"#FFFFFF","typography_typography":"custom","typography_line_height":{"unit":"px","size":20,"sizes":[]},"typography_line_height_tablet":{"unit":"px","size":"","sizes":[]},"typography_line_height_mobile":{"unit":"px","size":"","sizes":[]},"_padding":{"unit":"px","top":"0","right":"0","bottom":"20","left":"0","isLinked":false},"typography_font_size_mobile":{"unit":"px","size":13,"sizes":[]},"_padding_mobile":{"unit":"px","top":"0","right":"0","bottom":"0","left":"0","isLinked":false}},"elements":[],"isInner":false,"widgetType":"text-editor","elType":"widget"},{"id":"7ee153e9","settings":{"text":"shop & save $30","link":{"url":"https:\/\/elementor3.thembay.com\/puca_fashion3\/shop\/","is_external":"","nofollow":"","custom_attributes":""},"align":"center","typography_typography":"custom","typography_font_size":{"unit":"px","size":14,"sizes":[]},"typography_font_weight":"500","typography_text_transform":"uppercase","typography_line_height":{"unit":"px","size":24,"sizes":[]},"typography_line_height_tablet":{"unit":"px","size":"","sizes":[]},"typography_line_height_mobile":{"unit":"px","size":"","sizes":[]},"typography_letter_spacing":{"unit":"px","size":0.6,"sizes":[]},"button_text_color":"#1F1F1F","background_color":"#FFFFFF","border_radius":{"unit":"px","top":"0","right":"0","bottom":"0","left":"0","isLinked":true},"text_padding":{"unit":"px","top":"10","right":"16","bottom":"10","left":"16","isLinked":false},"_padding":{"unit":"px","top":"0","right":"0","bottom":"343","left":"0","isLinked":false},"hover_color":"#FFFFFF","button_background_hover_color":"#000000","_padding_mobile":{"unit":"px","top":"6","right":"0","bottom":"50","left":"0","isLinked":false},"_padding_tablet":{"unit":"px","top":"0","right":"0","bottom":"100","left":"0","isLinked":false}},"elements":[],"isInner":false,"widgetType":"button","elType":"widget"}],"isInner":false,"elType":"column"},{"id":"58cde5ab","settings":{"_column_size":50,"_inline_size":null},"elements":[{"id":"2ca3a670","settings":{"gap":"no"},"elements":[{"id":"1f2b2ca","settings":{"_column_size":100,"_inline_size":null,"background_background":"classic","background_image":{"url":"https:\/\/elementor3.thembay.com\/puca_fashion3\/wp-content\/uploads\/2022\/01\/banner-home2-02.jpg","id":6552,"alt":"","source":"library"},"background_position":"center center","background_repeat":"no-repeat","margin_mobile":{"unit":"px","top":"0","right":"15","bottom":"15","left":"15","isLinked":false}},"elements":[{"id":"2561ee02","settings":{"title":"Pellentesque in 2022 Maximus","align":"center","title_color":"#FFFFFF","typography_typography":"custom","typography_font_size":{"unit":"px","size":26,"sizes":[]},"typography_font_weight":"700","typography_line_height":{"unit":"px","size":32,"sizes":[]},"typography_line_height_tablet":{"unit":"px","size":"","sizes":[]},"typography_line_height_mobile":{"unit":"px","size":30,"sizes":[]},"_padding":{"unit":"px","top":"155","right":"0","bottom":"9","left":"0","isLinked":false},"typography_font_size_mobile":{"unit":"px","size":22,"sizes":[]},"_padding_mobile":{"unit":"px","top":"50","right":"0","bottom":"0","left":"0","isLinked":false},"_padding_tablet":{"unit":"px","top":"80","right":"0","bottom":"9","left":"0","isLinked":false}},"elements":[],"isInner":false,"widgetType":"heading","elType":"widget"},{"id":"204c79e6","settings":{"editor":"<p>Etiam vitae cursus nibh, vel consequat erat<\/p>","align":"center","text_color":"#FFFFFF","typography_typography":"custom","typography_line_height":{"unit":"px","size":20,"sizes":[]},"typography_line_height_tablet":{"unit":"px","size":"","sizes":[]},"typography_line_height_mobile":{"unit":"px","size":"","sizes":[]},"_padding":{"unit":"px","top":"0","right":"0","bottom":"12","left":"0","isLinked":false},"typography_font_size_mobile":{"unit":"px","size":13,"sizes":[]},"_padding_mobile":{"unit":"px","top":"0","right":"0","bottom":"0","left":"0","isLinked":false}},"elements":[],"isInner":false,"widgetType":"text-editor","elType":"widget"},{"id":"79fa4b0b","settings":{"text":"shop now","link":{"url":"https:\/\/elementor3.thembay.com\/puca_fashion3\/shop\/","is_external":"","nofollow":"","custom_attributes":""},"align":"center","typography_typography":"custom","typography_font_size":{"unit":"px","size":14,"sizes":[]},"typography_font_weight":"500","typography_text_transform":"uppercase","typography_line_height":{"unit":"px","size":24,"sizes":[]},"typography_line_height_tablet":{"unit":"px","size":"","sizes":[]},"typography_line_height_mobile":{"unit":"px","size":"","sizes":[]},"typography_letter_spacing":{"unit":"px","size":0.6,"sizes":[]},"button_text_color":"#1F1F1F","background_color":"#FFFFFF","border_radius":{"unit":"px","top":"0","right":"0","bottom":"0","left":"0","isLinked":true},"text_padding":{"unit":"px","top":"8","right":"16","bottom":"8","left":"16","isLinked":false},"_padding":{"unit":"px","top":"0","right":"0","bottom":"155","left":"0","isLinked":false},"hover_color":"#FFFFFF","button_background_hover_color":"#000000","_padding_mobile":{"unit":"px","top":"6","right":"0","bottom":"50","left":"0","isLinked":false},"_padding_tablet":{"unit":"px","top":"0","right":"0","bottom":"80","left":"0","isLinked":false}},"elements":[],"isInner":false,"widgetType":"button","elType":"widget"}],"isInner":true,"elType":"column"}],"isInner":true,"elType":"section"},{"id":"472108b","settings":{"gap":"no"},"elements":[{"id":"620769d2","settings":{"_column_size":100,"_inline_size":null,"background_background":"classic","background_image":{"url":"https:\/\/elementor3.thembay.com\/puca_fashion3\/wp-content\/uploads\/2022\/01\/banner-home2-03.jpg","id":6553,"alt":"","source":"library"},"background_position":"center center","background_repeat":"no-repeat","margin_mobile":{"unit":"px","top":"0","right":"15","bottom":"0","left":"15","isLinked":false}},"elements":[{"id":"6ce20439","settings":{"title":"Women Spring Collection","align":"center","title_color":"#FFFFFF","typography_typography":"custom","typography_font_size":{"unit":"px","size":26,"sizes":[]},"typography_font_weight":"700","typography_line_height":{"unit":"px","size":32,"sizes":[]},"typography_line_height_tablet":{"unit":"px","size":"","sizes":[]},"typography_line_height_mobile":{"unit":"px","size":"","sizes":[]},"_padding":{"unit":"px","top":"155","right":"0","bottom":"9","left":"0","isLinked":false},"typography_font_size_mobile":{"unit":"px","size":20,"sizes":[]},"_padding_mobile":{"unit":"px","top":"50","right":"0","bottom":"0","left":"0","isLinked":false},"_padding_tablet":{"unit":"px","top":"80","right":"0","bottom":"9","left":"0","isLinked":false}},"elements":[],"isInner":false,"widgetType":"heading","elType":"widget"},{"id":"bb42d9a","settings":{"editor":"<p>Etiam vitae cursus nibh, vel consequat erat<\/p>","align":"center","text_color":"#FFFFFF","typography_typography":"custom","typography_line_height":{"unit":"px","size":20,"sizes":[]},"typography_line_height_tablet":{"unit":"px","size":"","sizes":[]},"typography_line_height_mobile":{"unit":"px","size":"","sizes":[]},"_padding":{"unit":"px","top":"0","right":"0","bottom":"12","left":"0","isLinked":false},"typography_font_size_mobile":{"unit":"px","size":13,"sizes":[]},"_padding_mobile":{"unit":"px","top":"0","right":"0","bottom":"0","left":"0","isLinked":false}},"elements":[],"isInner":false,"widgetType":"text-editor","elType":"widget"},{"id":"2cbea4d","settings":{"text":"shop & save $30","link":{"url":"https:\/\/elementor3.thembay.com\/puca_fashion3\/shop\/","is_external":"","nofollow":"","custom_attributes":""},"align":"center","typography_typography":"custom","typography_font_size":{"unit":"px","size":14,"sizes":[]},"typography_font_weight":"500","typography_text_transform":"uppercase","typography_line_height":{"unit":"px","size":24,"sizes":[]},"typography_line_height_tablet":{"unit":"px","size":"","sizes":[]},"typography_line_height_mobile":{"unit":"px","size":"","sizes":[]},"typography_letter_spacing":{"unit":"px","size":0.6,"sizes":[]},"button_text_color":"#1F1F1F","background_color":"#FFFFFF","border_radius":{"unit":"px","top":"0","right":"0","bottom":"0","left":"0","isLinked":true},"text_padding":{"unit":"px","top":"8","right":"16","bottom":"8","left":"16","isLinked":false},"_padding":{"unit":"px","top":"0","right":"0","bottom":"155","left":"0","isLinked":false},"hover_color":"#FFFFFF","button_background_hover_color":"#000000","_padding_mobile":{"unit":"px","top":"6","right":"0","bottom":"50","left":"0","isLinked":false},"_padding_tablet":{"unit":"px","top":"0","right":"0","bottom":"80","left":"0","isLinked":false}},"elements":[],"isInner":false,"widgetType":"button","elType":"widget"}],"isInner":true,"elType":"column"}],"isInner":true,"elType":"section"}],"isInner":false,"elType":"column"}],"isInner":false,"elType":"section"},{"id":"58259783","settings":{"content_width":{"unit":"px","size":1800,"sizes":[]},"stretch_section":"section-stretched","structure":"30","padding":{"unit":"px","top":"48","right":"0","bottom":"0","left":"0","isLinked":false},"padding_mobile":{"unit":"px","top":"30","right":"0","bottom":"0","left":"0","isLinked":false}},"elements":[{"id":"179dcbba","settings":{"_column_size":33,"_inline_size":null,"padding":{"unit":"px","top":"0","right":"20","bottom":"0","left":"20","isLinked":false},"padding_tablet":{"unit":"px","top":"0","right":"10","bottom":"0","left":"10","isLinked":false},"padding_mobile":{"unit":"px","top":"0","right":"15","bottom":"0","left":"15","isLinked":false}},"elements":[{"id":"1414b1a5","settings":[],"elements":[{"id":"14c42472","settings":{"_column_size":100,"_inline_size":null,"border_border":"solid","border_width":{"unit":"px","top":"1","right":"1","bottom":"1","left":"1","isLinked":true},"border_color":"#B3B3B3","padding":{"unit":"px","top":"48","right":"0","bottom":"36","left":"0","isLinked":false},"padding_tablet":{"unit":"px","top":"30","right":"10","bottom":"30","left":"10","isLinked":false},"margin_mobile":{"unit":"px","top":"0","right":"0","bottom":"15","left":"0","isLinked":false}},"elements":[{"id":"34ce0258","settings":{"title":"Fast & Free Shipping","align":"center","title_color":"#1F1F1F","typography_typography":"custom","typography_font_size":{"unit":"px","size":20,"sizes":[]},"typography_font_weight":"500","typography_line_height":{"unit":"px","size":26,"sizes":[]},"typography_line_height_tablet":{"unit":"px","size":24,"sizes":[]},"typography_line_height_mobile":{"unit":"px","size":"","sizes":[]},"_padding":{"unit":"px","top":"0","right":"0","bottom":"4","left":"0","isLinked":false},"typography_font_size_tablet":{"unit":"px","size":18,"sizes":[]}},"elements":[],"isInner":false,"widgetType":"heading","elType":"widget"},{"id":"5b3785da","settings":{"editor":"<p>Offers apply to all orders over $500.<\/p>","align":"center","text_color":"#8C8C8C","typography_typography":"custom","typography_font_size":{"unit":"px","size":13,"sizes":[]},"typography_font_weight":"600","typography_line_height":{"unit":"px","size":22,"sizes":[]},"typography_line_height_tablet":{"unit":"px","size":"","sizes":[]},"typography_line_height_mobile":{"unit":"px","size":"","sizes":[]}},"elements":[],"isInner":false,"widgetType":"text-editor","elType":"widget"}],"isInner":true,"elType":"column"}],"isInner":true,"elType":"section"}],"isInner":false,"elType":"column"},{"id":"63dd99b5","settings":{"_column_size":33,"_inline_size":null,"padding":{"unit":"px","top":"0","right":"20","bottom":"0","left":"20","isLinked":false},"padding_tablet":{"unit":"px","top":"0","right":"10","bottom":"0","left":"10","isLinked":false},"padding_mobile":{"unit":"px","top":"0","right":"15","bottom":"0","left":"15","isLinked":false}},"elements":[{"id":"12c70a60","settings":[],"elements":[{"id":"6e79a817","settings":{"_column_size":100,"_inline_size":null,"border_border":"solid","border_width":{"unit":"px","top":"1","right":"1","bottom":"1","left":"1","isLinked":true},"border_color":"#B3B3B3","padding":{"unit":"px","top":"48","right":"0","bottom":"36","left":"0","isLinked":false},"padding_tablet":{"unit":"px","top":"30","right":"0","bottom":"30","left":"0","isLinked":false},"margin_mobile":{"unit":"px","top":"0","right":"0","bottom":"15","left":"0","isLinked":false}},"elements":[{"id":"54d08acb","settings":{"title":"Memeber Gifts Weekly","title_color":"#1F1F1F","typography_typography":"custom","typography_font_size":{"unit":"px","size":20,"sizes":[]},"typography_font_weight":"500","typography_line_height":{"unit":"px","size":26,"sizes":[]},"typography_line_height_tablet":{"unit":"px","size":24,"sizes":[]},"typography_line_height_mobile":{"unit":"px","size":"","sizes":[]},"align":"center","_padding":{"unit":"px","top":"0","right":"0","bottom":"4","left":"0","isLinked":false},"typography_font_size_tablet":{"unit":"px","size":18,"sizes":[]}},"elements":[],"isInner":false,"widgetType":"heading","elType":"widget"},{"id":"648dfc8","settings":{"editor":"<p>Offer applied to customers purchsed over 3 times.<\/p>","text_color":"#8C8C8C","typography_typography":"custom","typography_font_size":{"unit":"px","size":13,"sizes":[]},"typography_font_weight":"600","typography_line_height":{"unit":"px","size":22,"sizes":[]},"typography_line_height_tablet":{"unit":"px","size":"","sizes":[]},"typography_line_height_mobile":{"unit":"px","size":"","sizes":[]},"align":"center"},"elements":[],"isInner":false,"widgetType":"text-editor","elType":"widget"}],"isInner":true,"elType":"column"}],"isInner":true,"elType":"section"}],"isInner":false,"elType":"column"},{"id":"7c00257e","settings":{"_column_size":33,"_inline_size":null,"padding":{"unit":"px","top":"0","right":"20","bottom":"0","left":"20","isLinked":false},"padding_tablet":{"unit":"px","top":"0","right":"10","bottom":"0","left":"10","isLinked":false},"padding_mobile":{"unit":"px","top":"0","right":"15","bottom":"0","left":"15","isLinked":false}},"elements":[{"id":"b019cf7","settings":[],"elements":[{"id":"65b863a2","settings":{"_column_size":100,"_inline_size":null,"border_border":"solid","border_width":{"unit":"px","top":"1","right":"1","bottom":"1","left":"1","isLinked":true},"border_color":"#B3B3B3","padding":{"unit":"px","top":"48","right":"0","bottom":"36","left":"0","isLinked":false},"padding_tablet":{"unit":"px","top":"30","right":"0","bottom":"30","left":"0","isLinked":false}},"elements":[{"id":"329460a0","settings":{"title":"Friendly Support 24\/7","title_color":"#1F1F1F","typography_typography":"custom","typography_font_size":{"unit":"px","size":20,"sizes":[]},"typography_font_weight":"500","typography_line_height":{"unit":"px","size":26,"sizes":[]},"typography_line_height_tablet":{"unit":"px","size":24,"sizes":[]},"typography_line_height_mobile":{"unit":"px","size":"","sizes":[]},"align":"center","_padding":{"unit":"px","top":"0","right":"0","bottom":"4","left":"0","isLinked":false},"typography_font_size_tablet":{"unit":"px","size":18,"sizes":[]}},"elements":[],"isInner":false,"widgetType":"heading","elType":"widget"},{"id":"493b1b6c","settings":{"editor":"<p>Our supporters services are always to help<\/p>","text_color":"#8C8C8C","typography_typography":"custom","typography_font_size":{"unit":"px","size":13,"sizes":[]},"typography_font_weight":"600","typography_line_height":{"unit":"px","size":22,"sizes":[]},"typography_line_height_tablet":{"unit":"px","size":"","sizes":[]},"typography_line_height_mobile":{"unit":"px","size":"","sizes":[]},"align":"center"},"elements":[],"isInner":false,"widgetType":"text-editor","elType":"widget"}],"isInner":true,"elType":"column"}],"isInner":true,"elType":"section"}],"isInner":false,"elType":"column"}],"isInner":false,"elType":"section"},{"id":"4448e858","settings":{"content_width":{"unit":"px","size":1790,"sizes":[]},"stretch_section":"section-stretched","padding":{"unit":"px","top":"53","right":"0","bottom":"0","left":"0","isLinked":false}},"elements":[{"id":"d6f95e9","settings":{"_column_size":100,"_inline_size":null},"elements":[{"id":"7a1c1263","settings":{"heading_title":"latest products","heading_subtitle":"Lorem ipsum dolor sit amet, consectetur adipiscing elit.","layout_type":"carousel","categories":["shoes"],"text_button":"show more","heading_title_typography_typography":"custom","heading_title_typography_font_size":{"unit":"px","size":24,"sizes":[]},"heading_title_typography_font_weight":"500","heading_title_typography_line_height":{"unit":"px","size":32,"sizes":[]},"heading_title_typography_line_height_tablet":{"unit":"px","size":"","sizes":[]},"heading_title_typography_line_height_mobile":{"unit":"px","size":"","sizes":[]},"col_desktopsmall":"3"},"elements":[],"isInner":false,"widgetType":"tbay-products","elType":"widget"}],"isInner":false,"elType":"column"}],"isInner":false,"elType":"section"},{"id":"56668f09","settings":{"content_width":{"unit":"px","size":1760,"sizes":[]},"stretch_section":"section-stretched","gap":"no","padding":{"unit":"px","top":"17","right":"0","bottom":"0","left":"0","isLinked":false}},"elements":[{"id":"1248f412","settings":{"_column_size":100,"_inline_size":null},"elements":[{"id":"1847712","settings":{"text":"Divider","color":"#EAEAEA"},"elements":[],"isInner":false,"widgetType":"divider","elType":"widget"}],"isInner":false,"elType":"column"}],"isInner":false,"elType":"section"},{"id":"4340127c","settings":{"stretch_section":"section-stretched","content_width":{"unit":"px","size":1790,"sizes":[]},"padding":{"unit":"px","top":"0","right":"0","bottom":"60","left":"0","isLinked":false},"padding_tablet":{"unit":"px","top":"0","right":"0","bottom":"0","left":"0","isLinked":false},"padding_mobile":{"unit":"px","top":"20","right":"0","bottom":"0","left":"0","isLinked":false}},"elements":[{"id":"2cccf04c","settings":{"_column_size":100,"_inline_size":null},"elements":[{"id":"54c1ceb5","settings":{"number":6,"layout_type":"carousel","column":"5","col_desktop":"6","column_tablet":"4","col_desktopsmall":"6","_padding":{"unit":"px","top":"33","right":"0","bottom":"30","left":"0","isLinked":false},"_padding_tablet":{"unit":"px","top":"28","right":"0","bottom":"28","left":"0","isLinked":false},"col_landscape":"3","disable_mobile":"","_padding_mobile":{"unit":"px","top":"0","right":"0","bottom":"0","left":"0","isLinked":false},"heading_title":"brand you will love"},"elements":[],"isInner":false,"widgetType":"tbay-brands","elType":"widget"}],"isInner":false,"elType":"column"}],"isInner":false,"elType":"section"},{"id":"65ddd465","settings":{"content_width":{"unit":"px","size":1790,"sizes":[]},"stretch_section":"section-stretched","background_background":"classic","background_color":"#F5F5F5","padding":{"unit":"px","top":"0","right":"0","bottom":"84","left":"0","isLinked":false},"padding_mobile":{"unit":"px","top":"0","right":"0","bottom":"30","left":"0","isLinked":false}},"elements":[{"id":"45f317e9","settings":{"_column_size":100,"_inline_size":null},"elements":[{"id":"14fffa16","settings":{"content_width":{"unit":"px","size":1790,"sizes":[]},"structure":"20","padding":{"unit":"px","top":"84","right":"0","bottom":"40","left":"0","isLinked":false},"gap":"no","padding_tablet":{"unit":"px","top":"50","right":"0","bottom":"20","left":"0","isLinked":false},"padding_mobile":{"unit":"px","top":"40","right":"0","bottom":"0","left":"0","isLinked":false}},"elements":[{"id":"1c4cd6b2","settings":{"_column_size":50,"_inline_size":null},"elements":[{"id":"165036e1","settings":{"title":"Trending on puca","title_color":"#1D1D1D","typography_typography":"custom","typography_font_size":{"unit":"px","size":22,"sizes":[]},"typography_font_weight":"500","typography_text_transform":"uppercase","typography_line_height":{"unit":"px","size":32,"sizes":[]},"typography_line_height_tablet":{"unit":"px","size":"","sizes":[]},"typography_line_height_mobile":{"unit":"px","size":"","sizes":[]},"align_mobile":"center","typography_font_size_mobile":{"unit":"px","size":20,"sizes":[]}},"elements":[],"isInner":false,"widgetType":"heading","elType":"widget"}],"isInner":true,"elType":"column"},{"id":"5dc83e42","settings":{"_column_size":50,"_inline_size":null,"content_position_tablet":"center","content_position":"center"},"elements":[{"id":"225a16b5","settings":{"text":"Shop all products","align":"right","button_text_color":"#3A3A3A","background_color":"#02010100","hover_color":"#1F1F1F","button_hover_border_color":"#1F1F1F","border_border":"solid","border_width":{"unit":"px","top":"0","right":"0","bottom":"1","left":"0","isLinked":false},"border_color":"#3A3A3A","border_radius":{"unit":"px","top":"0","right":"0","bottom":"0","left":"0","isLinked":true},"text_padding":{"unit":"px","top":"0","right":"0","bottom":"0","left":"0","isLinked":false},"align_mobile":"center","link":{"url":"https:\/\/elementor3.thembay.com\/puca_fashion3\/shop\/","is_external":"","nofollow":"","custom_attributes":""}},"elements":[],"isInner":false,"widgetType":"button","elType":"widget"}],"isInner":true,"elType":"column"}],"isInner":true,"elType":"section"},{"id":"3e140094","settings":{"content_width":{"unit":"px","size":1790,"sizes":[]},"gap":"no"},"elements":[{"id":"164256f2","settings":{"_column_size":100,"_inline_size":null},"elements":[{"id":"28bd3edd","settings":{"layout_type":"carousel","categoriestabs":[{"_id":"d02bcc6","category":"shoes","images":{"url":"https:\/\/elementor3.thembay.com\/puca_fashion3\/wp-content\/uploads\/2022\/01\/cat-home2-01.jpg","id":6574,"alt":"","source":"library"}},{"_id":"403f94b","category":"men","images":{"url":"https:\/\/elementor3.thembay.com\/puca_fashion3\/wp-content\/uploads\/2022\/01\/cat-home2-02.jpg","id":6575,"alt":"","source":"library"}},{"_id":"b8886d7","category":"women","images":{"url":"https:\/\/elementor3.thembay.com\/puca_fashion3\/wp-content\/uploads\/2022\/01\/cat-home2-03.jpg","id":6576,"alt":"","source":"library"}},{"_id":"77be4d1","images":{"url":"https:\/\/elementor3.thembay.com\/puca_fashion3\/wp-content\/uploads\/2022\/01\/cat-home2-04.jpg","id":6577,"alt":"","source":"library"}},{"_id":"30c353f","category":"clothing","images":{"url":"https:\/\/elementor3.thembay.com\/puca_fashion3\/wp-content\/uploads\/2022\/01\/cat-home2-05.jpg","id":6578,"alt":"","source":"library"}}],"column":"5","col_desktop":"5","column_mobile":"2","col_desktopsmall":"3","disable_mobile":""},"elements":[],"isInner":false,"widgetType":"tbay-custom-image-list-categories","elType":"widget"}],"isInner":true,"elType":"column"}],"isInner":true,"elType":"section"}],"isInner":false,"elType":"column"}],"isInner":false,"elType":"section"},{"id":"422f81b2","settings":{"content_width":{"unit":"px","size":1790,"sizes":[]},"stretch_section":"section-stretched","padding":{"unit":"px","top":"77","right":"0","bottom":"97","left":"0","isLinked":false},"padding_tablet":{"unit":"px","top":"50","right":"0","bottom":"50","left":"0","isLinked":false}},"elements":[{"id":"cdfa87b","settings":{"_column_size":100,"_inline_size":null},"elements":[{"id":"5d59f3ef","settings":{"heading_title":"featured products","heading_subtitle":"Lorem ipsum dolor sit amet, consectetur adipiscing elit.","layout_type":"carousel","categories":["bags"],"text_button":"shop all products","show_more":"yes","selected_icon":{"value":"","library":""},"col_desktopsmall":"3"},"elements":[],"isInner":false,"widgetType":"tbay-products","elType":"widget"}],"isInner":false,"elType":"column"}],"isInner":false,"elType":"section"},{"id":"39c52b9a","settings":{"content_width":{"unit":"px","size":1800,"sizes":[]},"stretch_section":"section-stretched","background_background":"classic","background_color":"#F1EBDF","padding":{"unit":"px","top":"61","right":"0","bottom":"40","left":"0","isLinked":false},"padding_tablet":{"unit":"px","top":"50","right":"0","bottom":"50","left":"0","isLinked":false},"margin":{"unit":"px","top":"0","right":0,"bottom":"-50","left":0,"isLinked":false},"margin_tablet":{"unit":"px","top":"0","right":0,"bottom":"-70","left":0,"isLinked":false},"margin_mobile":{"unit":"px","top":"0","right":0,"bottom":"-65","left":0,"isLinked":false}},"elements":[{"id":"6b538ef5","settings":{"_column_size":100,"_inline_size":null},"elements":[{"id":"6ae4ddf0","settings":{"heading_title":"Recommended for you","heading_subtitle":"Lorem ipsum dolor sit amet, consectetur adipiscing elit.","layout_type":"carousel-special","categories":["bags","jewellery"],"text_button":"shop all products","limit":12,"show_more":"","selected_icon":{"value":"","library":""},"column":"3","rows":"2","column_tablet":"2","column_mobile":"1","col_desktop":"3","disable_mobile":""},"elements":[],"isInner":false,"widgetType":"tbay-products","elType":"widget"}],"isInner":false,"elType":"column"}],"isInner":false,"elType":"section"}],"page_settings":[],"version":"0.4","title":"Home 2","type":"page"}