{"content":[{"id":"6dbf4f4b","settings":{"content_width":{"unit":"px","size":1920,"sizes":[]},"stretch_section":"section-stretched","structure":"30","padding":{"unit":"px","top":"40","right":"0","bottom":"0","left":"0","isLinked":false}},"elements":[{"id":"13ce1828","settings":{"_column_size":33,"_inline_size":null,"padding":{"unit":"px","top":"0","right":"94","bottom":"0","left":"0","isLinked":false},"padding_tablet":{"unit":"px","top":"0","right":"20","bottom":"0","left":"0","isLinked":false},"padding_mobile":{"unit":"px","top":"0","right":"15","bottom":"0","left":"15","isLinked":false}},"elements":[{"id":"6da354b7","settings":{"image":{"url":"https:\/\/elementor3.thembay.com\/puca_fashion3\/wp-content\/uploads\/2022\/01\/banner-home4-01.jpg","id":6830,"alt":"","source":"library"},"image_size":"full","link_to":"custom","link":{"url":"https:\/\/elementor3.thembay.com\/puca_fashion3\/shop\/","is_external":"","nofollow":"","custom_attributes":""}},"elements":[],"isInner":false,"widgetType":"image","elType":"widget"},{"id":"462a675","settings":{"title":"Stylish girl in gray pants others","title_color":"#1F1F1F","typography_typography":"custom","typography_font_size":{"unit":"px","size":22,"sizes":[]},"typography_font_weight":"500","typography_line_height":{"unit":"px","size":30,"sizes":[]},"typography_line_height_tablet":{"unit":"px","size":"","sizes":[]},"typography_line_height_mobile":{"unit":"px","size":"","sizes":[]},"_padding":{"unit":"px","top":"8","right":"40","bottom":"8","left":"80","isLinked":false},"_padding_mobile":{"unit":"px","top":"8","right":"20","bottom":"8","left":"20","isLinked":false},"_padding_tablet":{"unit":"px","top":"8","right":"0","bottom":"8","left":"30","isLinked":false}},"elements":[],"isInner":false,"widgetType":"heading","elType":"widget"},{"id":"13126e42","settings":{"editor":"<p>Aliquam lectus lacus, consequat in mi non<\/p>","text_color":"#1F1F1F","typography_typography":"custom","typography_line_height":{"unit":"px","size":20,"sizes":[]},"typography_line_height_tablet":{"unit":"px","size":"","sizes":[]},"typography_line_height_mobile":{"unit":"px","size":"","sizes":[]},"_padding":{"unit":"px","top":"0","right":"40","bottom":"0","left":"80","isLinked":false},"_padding_mobile":{"unit":"px","top":"0","right":"20","bottom":"30","left":"20","isLinked":false},"_padding_tablet":{"unit":"px","top":"0","right":"0","bottom":"0","left":"30","isLinked":false}},"elements":[],"isInner":false,"widgetType":"text-editor","elType":"widget"}],"isInner":false,"elType":"column"},{"id":"1c864ab6","settings":{"_column_size":33,"_inline_size":null,"padding":{"unit":"px","top":"0","right":"47","bottom":"0","left":"47","isLinked":false},"padding_tablet":{"unit":"px","top":"0","right":"10","bottom":"0","left":"10","isLinked":false},"padding_mobile":{"unit":"px","top":"0","right":"15","bottom":"0","left":"15","isLinked":false}},"elements":[{"id":"5a478fe6","settings":{"image":{"url":"https:\/\/elementor3.thembay.com\/puca_fashion3\/wp-content\/uploads\/2022\/01\/banner-home4-02.jpg","id":6831,"alt":"","source":"library"},"image_size":"full","link_to":"custom","link":{"url":"https:\/\/elementor3.thembay.com\/puca_fashion3\/shop\/","is_external":"","nofollow":"","custom_attributes":""}},"elements":[],"isInner":false,"widgetType":"image","elType":"widget"},{"id":"684b1d72","settings":{"title":"Pellentesque in 2022 Maximus","title_color":"#1F1F1F","typography_typography":"custom","typography_font_size":{"unit":"px","size":22,"sizes":[]},"typography_font_weight":"500","typography_line_height":{"unit":"px","size":30,"sizes":[]},"typography_line_height_tablet":{"unit":"px","size":"","sizes":[]},"typography_line_height_mobile":{"unit":"px","size":"","sizes":[]},"_padding":{"unit":"px","top":"8","right":"40","bottom":"8","left":"80","isLinked":false},"_padding_mobile":{"unit":"px","top":"8","right":"20","bottom":"8","left":"20","isLinked":false},"_padding_tablet":{"unit":"px","top":"8","right":"0","bottom":"8","left":"30","isLinked":false}},"elements":[],"isInner":false,"widgetType":"heading","elType":"widget"},{"id":"ff0fd3c","settings":{"editor":"<p>Aliquam lectus lacus, consequat in mi non<\/p>","text_color":"#1F1F1F","typography_typography":"custom","typography_line_height":{"unit":"px","size":20,"sizes":[]},"typography_line_height_tablet":{"unit":"px","size":"","sizes":[]},"typography_line_height_mobile":{"unit":"px","size":"","sizes":[]},"_padding":{"unit":"px","top":"0","right":"40","bottom":"0","left":"80","isLinked":false},"_padding_mobile":{"unit":"px","top":"0","right":"20","bottom":"30","left":"20","isLinked":false},"_padding_tablet":{"unit":"px","top":"0","right":"0","bottom":"0","left":"30","isLinked":false}},"elements":[],"isInner":false,"widgetType":"text-editor","elType":"widget"}],"isInner":false,"elType":"column"},{"id":"72c00756","settings":{"_column_size":33,"_inline_size":null,"padding":{"unit":"px","top":"0","right":"0","bottom":"0","left":"94","isLinked":false},"padding_tablet":{"unit":"px","top":"0","right":"0","bottom":"0","left":"20","isLinked":false},"padding_mobile":{"unit":"px","top":"0","right":"15","bottom":"0","left":"15","isLinked":false}},"elements":[{"id":"a2031e3","settings":{"image":{"url":"https:\/\/elementor3.thembay.com\/puca_fashion3\/wp-content\/uploads\/2022\/01\/banner-home4-03.jpg","id":6832,"alt":"","source":"library"},"image_size":"full","link_to":"custom","link":{"url":"https:\/\/elementor3.thembay.com\/puca_fashion3\/shop\/","is_external":"","nofollow":"","custom_attributes":""}},"elements":[],"isInner":false,"widgetType":"image","elType":"widget"},{"id":"133655cf","settings":{"title":"Women Spring Collection","title_color":"#1F1F1F","typography_typography":"custom","typography_font_size":{"unit":"px","size":22,"sizes":[]},"typography_font_weight":"500","typography_line_height":{"unit":"px","size":30,"sizes":[]},"typography_line_height_tablet":{"unit":"px","size":"","sizes":[]},"typography_line_height_mobile":{"unit":"px","size":"","sizes":[]},"_padding":{"unit":"px","top":"8","right":"40","bottom":"8","left":"80","isLinked":false},"_padding_mobile":{"unit":"px","top":"20","right":"20","bottom":"8","left":"20","isLinked":false},"_padding_tablet":{"unit":"px","top":"8","right":"0","bottom":"8","left":"30","isLinked":false}},"elements":[],"isInner":false,"widgetType":"heading","elType":"widget"},{"id":"8542041","settings":{"editor":"<p>Aliquam lectus lacus, consequat in mi non<\/p>","text_color":"#1F1F1F","typography_typography":"custom","typography_line_height":{"unit":"px","size":20,"sizes":[]},"typography_line_height_tablet":{"unit":"px","size":"","sizes":[]},"typography_line_height_mobile":{"unit":"px","size":"","sizes":[]},"_padding":{"unit":"px","top":"0","right":"40","bottom":"0","left":"80","isLinked":false},"_padding_mobile":{"unit":"px","top":"0","right":"20","bottom":"20","left":"20","isLinked":false},"_padding_tablet":{"unit":"px","top":"0","right":"0","bottom":"0","left":"30","isLinked":false}},"elements":[],"isInner":false,"widgetType":"text-editor","elType":"widget"}],"isInner":false,"elType":"column"}],"isInner":false,"elType":"section"},{"id":"3f764dac","settings":{"content_width":{"unit":"px","size":1232,"sizes":[]},"structure":"20","padding":{"unit":"px","top":"70","right":"0","bottom":"0","left":"0","isLinked":false},"stretch_section":"section-stretched","padding_mobile":{"unit":"px","top":"0","right":"0","bottom":"0","left":"0","isLinked":false}},"elements":[{"id":"35b5f3e7","settings":{"_column_size":50,"_inline_size":null,"padding":{"unit":"px","top":"0","right":"70.5","bottom":"0","left":"0","isLinked":false},"padding_tablet":{"unit":"px","top":"0","right":"15","bottom":"0","left":"0","isLinked":false},"padding_mobile":{"unit":"px","top":"0","right":"15","bottom":"0","left":"15","isLinked":false}},"elements":[{"id":"6e09a953","settings":{"padding_tablet":{"unit":"px","top":"50","right":"0","bottom":"0","left":"0","isLinked":false},"padding_mobile":{"unit":"px","top":"30","right":"0","bottom":"0","left":"0","isLinked":false}},"elements":[{"id":"64acbd01","settings":{"_column_size":100,"_inline_size":null,"background_background":"classic","background_color":"#FBF5EA","border_border":"solid","border_width":{"unit":"px","top":"1","right":"1","bottom":"1","left":"1","isLinked":true},"border_color":"#4B4B4B"},"elements":[{"id":"67b2c675","settings":{"editor":"<p>Sale up to<\/p>","align":"center","text_color":"#1F1F1F","typography_typography":"custom","typography_font_size":{"unit":"px","size":22,"sizes":[]},"typography_font_weight":"500","typography_line_height":{"unit":"px","size":30,"sizes":[]},"typography_line_height_tablet":{"unit":"px","size":"","sizes":[]},"typography_line_height_mobile":{"unit":"px","size":"","sizes":[]},"_padding":{"unit":"px","top":"132","right":"0","bottom":"0","left":"0","isLinked":false},"_padding_mobile":{"unit":"px","top":"50","right":"0","bottom":"0","left":"0","isLinked":false}},"elements":[],"isInner":false,"widgetType":"text-editor","elType":"widget"},{"id":"6dec32b9","settings":{"editor":"<p>70%<\/p>","align":"center","text_color":"#E50010","typography_typography":"custom","typography_font_size":{"unit":"px","size":90,"sizes":[]},"typography_font_weight":"600","typography_line_height":{"unit":"px","size":109,"sizes":[]},"typography_line_height_tablet":{"unit":"px","size":"","sizes":[]},"typography_line_height_mobile":{"unit":"px","size":"","sizes":[]},"typography_letter_spacing":{"unit":"px","size":-2,"sizes":[]},"_margin":{"unit":"px","top":"-11","right":"0","bottom":"0","left":"0","isLinked":false}},"elements":[],"isInner":false,"widgetType":"text-editor","elType":"widget"},{"id":"2c4bc417","settings":{"editor":"<p>Pellentesque augue ante, mollis at dictum<\/p>","align":"center","_margin":{"unit":"px","top":"-4","right":"0","bottom":"2","left":"0","isLinked":false},"_padding":{"unit":"px","top":"0","right":"0","bottom":"16","left":"0","isLinked":false},"text_color":"#1F1F1F","typography_typography":"custom","typography_font_size":{"unit":"px","size":14,"sizes":[]},"typography_line_height":{"unit":"px","size":20,"sizes":[]},"typography_line_height_tablet":{"unit":"px","size":"","sizes":[]},"typography_line_height_mobile":{"unit":"px","size":"","sizes":[]}},"elements":[],"isInner":false,"widgetType":"text-editor","elType":"widget"},{"id":"64352d47","settings":{"text":"shop now","link":{"url":"https:\/\/elementor3.thembay.com\/puca_fashion3\/shop\/","is_external":"","nofollow":"","custom_attributes":""},"align":"center","button_text_color":"#1F1F1F","background_color":"#02010100","border_border":"solid","border_width":{"unit":"px","top":"0","right":"0","bottom":"1","left":"0","isLinked":false},"border_color":"#1F1F1F","border_radius":{"unit":"px","top":"0","right":"0","bottom":"0","left":"0","isLinked":true},"text_padding":{"unit":"px","top":"0","right":"0","bottom":"0","left":"0","isLinked":false},"typography_typography":"custom","typography_font_size":{"unit":"px","size":14,"sizes":[]},"typography_font_weight":"500","typography_text_transform":"uppercase","typography_line_height":{"unit":"px","size":24,"sizes":[]},"typography_line_height_tablet":{"unit":"px","size":"","sizes":[]},"typography_line_height_mobile":{"unit":"px","size":"","sizes":[]},"_padding":{"unit":"px","top":"0","right":"0","bottom":"143","left":"0","isLinked":false},"typography_letter_spacing":{"unit":"px","size":1,"sizes":[]},"_padding_mobile":{"unit":"px","top":"0","right":"0","bottom":"50","left":"0","isLinked":false}},"elements":[],"isInner":false,"widgetType":"button","elType":"widget"}],"isInner":true,"elType":"column"}],"isInner":true,"elType":"section"}],"isInner":false,"elType":"column"},{"id":"301c4fae","settings":{"_column_size":50,"_inline_size":null,"padding":{"unit":"px","top":"0","right":"0","bottom":"0","left":"70.5","isLinked":false},"padding_tablet":{"unit":"px","top":"0","right":"0","bottom":"0","left":"15","isLinked":false},"padding_mobile":{"unit":"px","top":"15","right":"15","bottom":"0","left":"15","isLinked":false}},"elements":[{"id":"4ba2b2c7","settings":{"image":{"url":"https:\/\/elementor3.thembay.com\/puca_fashion3\/wp-content\/uploads\/2022\/01\/banner-home4-04.jpg","id":6833,"alt":"","source":"library"},"image_size":"full","link_to":"custom","link":{"url":"https:\/\/elementor3.thembay.com\/puca_fashion3\/shop\/","is_external":"","nofollow":"","custom_attributes":""}},"elements":[],"isInner":false,"widgetType":"image","elType":"widget"},{"id":"1950df8a","settings":{"title":"Class aptent taciti sociosqu","title_color":"#1F1F1F","typography_typography":"custom","typography_font_size":{"unit":"px","size":22,"sizes":[]},"typography_font_weight":"500","typography_line_height":{"unit":"px","size":30,"sizes":[]},"typography_line_height_tablet":{"unit":"px","size":"","sizes":[]},"typography_line_height_mobile":{"unit":"px","size":"","sizes":[]},"_padding":{"unit":"px","top":"10","right":"40","bottom":"8","left":"80","isLinked":false},"_padding_mobile":{"unit":"px","top":"8","right":"20","bottom":"8","left":"20","isLinked":false},"_padding_tablet":{"unit":"px","top":"10","right":"30","bottom":"8","left":"30","isLinked":false}},"elements":[],"isInner":false,"widgetType":"heading","elType":"widget"},{"id":"445e319b","settings":{"editor":"<p>Aliquam lectus lacus, consequat in mi non<\/p>","text_color":"#1F1F1F","typography_typography":"custom","typography_line_height":{"unit":"px","size":20,"sizes":[]},"typography_line_height_tablet":{"unit":"px","size":"","sizes":[]},"typography_line_height_mobile":{"unit":"px","size":"","sizes":[]},"_padding":{"unit":"px","top":"0","right":"40","bottom":"0","left":"80","isLinked":false},"_padding_mobile":{"unit":"px","top":"0","right":"20","bottom":"30","left":"20","isLinked":false},"_padding_tablet":{"unit":"px","top":"0","right":"30","bottom":"0","left":"30","isLinked":false}},"elements":[],"isInner":false,"widgetType":"text-editor","elType":"widget"}],"isInner":false,"elType":"column"}],"isInner":false,"elType":"section"},{"id":"7c561e9e","settings":{"content_width":{"unit":"px","size":1818,"sizes":[]},"stretch_section":"section-stretched","padding":{"unit":"px","top":"32","right":"0","bottom":"0","left":"0","isLinked":false}},"elements":[{"id":"ccf6b99","settings":{"_column_size":100,"_inline_size":null},"elements":[{"id":"635f8e7f","settings":{"layout_type":"carousel","list_product_tabs":[{"_id":"0ff4061"},{"product_tabs":"on_sale","_id":"fdc59a3"},{"product_tabs_title":"Best Selling Products","product_tabs":"best_selling","_id":"78774f1"}],"col_desktopsmall":"3","categories":["accessories","clothing"]},"elements":[],"isInner":false,"widgetType":"tbay-product-tabs","elType":"widget"}],"isInner":false,"elType":"column"}],"isInner":false,"elType":"section"},{"id":"72730468","settings":{"content_width":{"unit":"px","size":1758,"sizes":[]},"stretch_section":"section-stretched","gap":"no","padding":{"unit":"px","top":"9","right":"0","bottom":"0","left":"0","isLinked":false}},"elements":[{"id":"389ce3c8","settings":{"_column_size":100,"_inline_size":null},"elements":[{"id":"39c36ec8","settings":{"text":"Divider","color":"#EAEAEA"},"elements":[],"isInner":false,"widgetType":"divider","elType":"widget"}],"isInner":false,"elType":"column"}],"isInner":false,"elType":"section"},{"id":"a3c850","settings":{"content_width":{"unit":"px","size":1788,"sizes":[]},"stretch_section":"section-stretched","padding":{"unit":"px","top":"65","right":"0","bottom":"0","left":"0","isLinked":false},"padding_mobile":{"unit":"px","top":"0","right":"0","bottom":"0","left":"0","isLinked":false}},"elements":[{"id":"741ebc7d","settings":{"_column_size":100,"_inline_size":null},"elements":[{"id":"63cbfee3","settings":{"layout_type":"carousel","style_custom_image":"style-2","categoriestabs":[{"_id":"0284dd7","images":{"url":"https:\/\/elementor3.thembay.com\/puca_fashion3\/wp-content\/uploads\/2022\/01\/cat-home4-01.jpg","id":6852,"alt":"","source":"library"}},{"images":{"url":"https:\/\/elementor3.thembay.com\/puca_fashion3\/wp-content\/uploads\/2022\/01\/cat-home4-02.jpg","id":6853,"alt":"","source":"library"},"_id":"154542e","category":"women"},{"images":{"url":"https:\/\/elementor3.thembay.com\/puca_fashion3\/wp-content\/uploads\/2022\/01\/cat-home4-03.jpg","id":6854,"alt":"","source":"library"},"_id":"7072a09","category":"clothing"},{"images":{"url":"https:\/\/elementor3.thembay.com\/puca_fashion3\/wp-content\/uploads\/2022\/01\/cat-home4-04.jpg","id":6855,"alt":"","source":"library"},"_id":"99a67c5","category":"shoes"},{"images":{"url":"https:\/\/elementor3.thembay.com\/puca_fashion3\/wp-content\/uploads\/2022\/01\/cat-home4-05.jpg","id":6856,"alt":"","source":"library"},"_id":"5d34c9b"},{"images":{"url":"https:\/\/elementor3.thembay.com\/puca_fashion3\/wp-content\/uploads\/2022\/01\/cat-home4-01.jpg","id":6852,"alt":"","source":"library"},"_id":"a51402a","category":"jewellery"}],"column":"5","col_desktopsmall":"3"},"elements":[],"isInner":false,"widgetType":"tbay-custom-image-list-categories","elType":"widget"}],"isInner":false,"elType":"column"}],"isInner":false,"elType":"section"},{"id":"14c53e91","settings":{"content_width":{"unit":"px","size":1790,"sizes":[]},"stretch_section":"section-stretched","padding":{"unit":"px","top":"37","right":"0","bottom":"0","left":"0","isLinked":false}},"elements":[{"id":"236f4b65","settings":{"_column_size":100,"_inline_size":null},"elements":[{"id":"2e79c80d","settings":{"heading_title":"Recommended for you","heading_subtitle":"Lorem ipsum dolor sit amet, consectetur adipiscing elit.","layout_type":"carousel","categories":["shoes"],"text_button":"shop all products","heading_title_typography_typography":"custom","heading_title_typography_font_size":{"unit":"px","size":22,"sizes":[]},"heading_title_typography_font_weight":"500","heading_title_typography_line_height":{"unit":"px","size":32,"sizes":[]},"heading_title_typography_line_height_tablet":{"unit":"px","size":"","sizes":[]},"heading_title_typography_line_height_mobile":{"unit":"px","size":"","sizes":[]},"col_desktopsmall":"3","show_more":"yes","selected_icon":{"value":"","library":""}},"elements":[],"isInner":false,"widgetType":"tbay-products","elType":"widget"}],"isInner":false,"elType":"column"}],"isInner":false,"elType":"section"},{"id":"4091dd6b","settings":{"content_width":{"unit":"px","size":1626,"sizes":[]},"stretch_section":"section-stretched","padding":{"unit":"px","top":"88","right":"0","bottom":"74","left":"0","isLinked":false},"padding_mobile":{"unit":"px","top":"30","right":"0","bottom":"30","left":"0","isLinked":false}},"elements":[{"id":"5afbbfff","settings":{"_column_size":100,"_inline_size":null},"elements":[{"id":"7f80b70a","settings":{"number":5,"column":"5","col_desktop":"5","layout_type":"carousel","column_tablet":"3","col_desktopsmall":"4","disable_mobile":""},"elements":[],"isInner":false,"widgetType":"tbay-brands","elType":"widget"}],"isInner":false,"elType":"column"}],"isInner":false,"elType":"section"},{"id":"7ac01a36","settings":{"stretch_section":"section-stretched","background_background":"classic","background_color":"#F1EBDF","padding":{"unit":"px","top":"72","right":"0","bottom":"65","left":"0","isLinked":false},"margin":{"unit":"px","top":"0","right":0,"bottom":"-50","left":0,"isLinked":false},"padding_mobile":{"unit":"px","top":"50","right":"0","bottom":"50","left":"0","isLinked":false},"margin_tablet":{"unit":"px","top":"0","right":0,"bottom":"-70","left":0,"isLinked":false},"margin_mobile":{"unit":"px","top":"0","right":0,"bottom":"-65","left":0,"isLinked":false}},"elements":[{"id":"77a23e90","settings":{"_column_size":100,"_inline_size":null},"elements":[{"id":"5c85b793","settings":{"heading_title":"puca latest posts","heading_subtitle":"Vivamus vitae arcu eu metus porta eleifend.","limit":4,"column":"3","col_desktop":"3","categories":["gaming","sports"],"thumbnail_size":"thumbnail","column_tablet":"2","column_mobile":"1","col_landscape":"1"},"elements":[],"isInner":false,"widgetType":"tbay-posts-grid","elType":"widget"}],"isInner":false,"elType":"column"}],"isInner":false,"elType":"section"}],"page_settings":[],"version":"0.4","title":"Home 4","type":"page"}