{"version":"0.4","title":"Template &#8211; Home 3","type":"page","content":[{"id":"126a9a60","settings":{"gap":"no","padding":{"unit":"px","top":"0","right":"0","bottom":"30","left":"0","isLinked":false},"padding_mobile":{"unit":"px","top":"0","right":"0","bottom":"0","left":"0","isLinked":false}},"elements":[{"id":"5323c27b","settings":{"_column_size":100,"_inline_size":null},"elements":[{"id":"421529bf","settings":{"revslidertitle":"Home 3","shortcode":"[rev_slider alias=\"home-3\"][\/rev_slider]"},"elements":[],"isInner":false,"widgetType":"slider_revolution","elType":"widget"}],"isInner":false,"elType":"column"}],"isInner":false,"elType":"section"},{"id":"41088e8e","settings":{"structure":"33","gap":"no","hide_tablet":"hidden-tablet","hide_mobile":"hidden-phone"},"elements":[{"id":"5cb6a62c","settings":{"_column_size":25,"_inline_size":null,"margin":{"unit":"px","top":"0","right":"0","bottom":"30","left":"0","isLinked":false}},"elements":[{"id":"1fbd30c4","settings":{"image":{"url":"https:\/\/elementor.thembay.com\/puca_smarket2\/wp-content\/uploads\/2017\/12\/banne_mid1.jpg","id":4279},"image_size":"full","link_to":"custom","link":{"url":"#","is_external":"","nofollow":""},"align":"left"},"elements":[],"isInner":false,"widgetType":"image","elType":"widget"}],"isInner":false,"elType":"column"},{"id":"19bf54bf","settings":{"_column_size":50,"_inline_size":null,"margin":{"unit":"px","top":"0","right":"0","bottom":"30","left":"0","isLinked":false}},"elements":[{"id":"34fc6734","settings":{"image":{"url":"https:\/\/elementor.thembay.com\/puca_smarket2\/wp-content\/uploads\/2017\/12\/banne_mid2.jpg","id":4280},"image_size":"full","link_to":"custom","link":{"url":"#","is_external":"","nofollow":""}},"elements":[],"isInner":false,"widgetType":"image","elType":"widget"}],"isInner":false,"elType":"column"},{"id":"315b144","settings":{"_column_size":25,"_inline_size":null},"elements":[{"id":"52e143f5","settings":{"image":{"url":"https:\/\/elementor.thembay.com\/puca_smarket2\/wp-content\/uploads\/2017\/12\/banne_mid3.jpg","id":4281},"image_size":"full","link_to":"custom","link":{"url":"#","is_external":"","nofollow":""},"_margin":{"unit":"px","top":"0","right":"0","bottom":"30","left":"0","isLinked":false},"align":"right"},"elements":[],"isInner":false,"widgetType":"image","elType":"widget"}],"isInner":false,"elType":"column"}],"isInner":false,"elType":"section"},{"id":"62d25a90","settings":{"structure":"20","padding":{"unit":"px","top":"0","right":"0","bottom":"30","left":"0","isLinked":false},"gap":"no","padding_mobile":{"unit":"px","top":"0","right":"0","bottom":"0","left":"0","isLinked":false}},"elements":[{"id":"7b1abd74","settings":{"_column_size":50,"_inline_size":null},"elements":[{"id":"5d669b38","settings":{"image":{"url":"https:\/\/elementor.thembay.com\/puca_smarket2\/wp-content\/uploads\/2017\/12\/banne_mid4.jpg","id":4282},"image_size":"full","link_to":"custom","link":{"url":"#","is_external":"","nofollow":""},"align":"left","align_mobile":"center"},"elements":[],"isInner":false,"widgetType":"image","elType":"widget"}],"isInner":false,"elType":"column"},{"id":"32d164c2","settings":{"_column_size":50,"_inline_size":null},"elements":[{"id":"c617962","settings":{"image":{"url":"https:\/\/elementor.thembay.com\/puca_smarket2\/wp-content\/uploads\/2017\/12\/banne_mid5.jpg","id":4283},"image_size":"full","link_to":"custom","link":{"url":"#","is_external":"","nofollow":""},"align":"right","align_mobile":"center"},"elements":[],"isInner":false,"widgetType":"image","elType":"widget"}],"isInner":false,"elType":"column"}],"isInner":false,"elType":"section"},{"id":"42a3699d","settings":{"padding":{"unit":"px","top":"30","right":"0","bottom":"70","left":"0","isLinked":false},"gap":"no","padding_mobile":{"unit":"px","top":"0","right":"0","bottom":"30","left":"0","isLinked":false}},"elements":[{"id":"47607f87","settings":{"_column_size":100,"_inline_size":null},"elements":[{"id":"301a0336","settings":{"limit":8,"categories":["apple","computer-office","health-beauty","sports-outdoors"],"list_product_tabs":[{"product_tabs_title":"","product_tabs":"newest","_id":"5afa410"},{"product_tabs_title":"","product_tabs":"best_selling","_id":"6b7ec9c"},{"product_tabs_title":"","product_tabs":"top_rated","_id":"12a5b04"}],"orderby":"rand","col_desktopsmall":"4"},"elements":[],"isInner":false,"widgetType":"tbay-product-tabs","elType":"widget"}],"isInner":false,"elType":"column"}],"isInner":false,"elType":"section"},{"id":"f855de8","settings":{"stretch_section":"section-stretched","background_background":"classic","background_color":"#F5F5F5","margin":{"unit":"px","top":"0","right":0,"bottom":"70","left":0,"isLinked":false},"padding":{"unit":"px","top":"50","right":"0","bottom":"50","left":"0","isLinked":false},"margin_mobile":{"unit":"px","top":"0","right":0,"bottom":"0","left":0,"isLinked":false},"padding_mobile":{"unit":"px","top":"20","right":"0","bottom":"0","left":"0","isLinked":false}},"elements":[{"id":"5edea381","settings":{"_column_size":100,"_inline_size":null,"padding_mobile":{"unit":"px","top":"0","right":"10","bottom":"0","left":"10","isLinked":false}},"elements":[{"id":"2e0be3db","settings":{"styles":"style1","features":[{"feature_title":"Worldwide Delivery","feature_desc":"With sites in 5 languages, we ship to over 200 countries & regions.","feature_type":"image","selected_icon":{"value":"linear-icon-gift","library":"linear-icon"},"type_image":{"url":"https:\/\/elementor.thembay.com\/puca_smarket2\/wp-content\/uploads\/2017\/12\/shipping.png","id":4129},"feature_margin_icon":{"unit":"px","top":"","right":"","bottom":"","left":"","isLinked":true},"feature_margin_icon_tablet":{"unit":"px","top":"","right":"","bottom":"","left":"","isLinked":true},"feature_margin_icon_mobile":{"unit":"px","top":"","right":"","bottom":"","left":"","isLinked":true},"_id":"1794748"},{"feature_title":"Safe Payment","feature_desc":"Pay with the world\u2019s most popular and secure payment methods.","feature_type":"image","selected_icon":{"value":"linear-icon-gift","library":"linear-icon"},"type_image":{"url":"https:\/\/elementor.thembay.com\/puca_smarket2\/wp-content\/uploads\/2017\/12\/payment-1.png","id":4128},"feature_margin_icon":{"unit":"px","top":"","right":"","bottom":"","left":"","isLinked":true},"feature_margin_icon_tablet":{"unit":"px","top":"","right":"","bottom":"","left":"","isLinked":true},"feature_margin_icon_mobile":{"unit":"px","top":"","right":"","bottom":"","left":"","isLinked":true},"_id":"b0e360a"},{"feature_title":"24\/7 Help Center","feature_desc":"Round-the-clock assistance for a smooth shopping experience.","feature_type":"image","selected_icon":{"value":"linear-icon-gift","library":"linear-icon"},"type_image":{"url":"https:\/\/elementor.thembay.com\/puca_smarket2\/wp-content\/uploads\/2017\/12\/contact.png","id":4127},"feature_margin_icon":{"unit":"px","top":"","right":"","bottom":"","left":"","isLinked":true},"feature_margin_icon_tablet":{"unit":"px","top":"","right":"","bottom":"","left":"","isLinked":true},"feature_margin_icon_mobile":{"unit":"px","top":"","right":"","bottom":"","left":"","isLinked":true},"_id":"af18ec1"}]},"elements":[],"isInner":false,"widgetType":"tbay-features","elType":"widget"}],"isInner":false,"elType":"column"}],"isInner":false,"elType":"section"},{"id":"155fa679","settings":{"padding_mobile":{"unit":"px","top":"30","right":"0","bottom":"0","left":"0","isLinked":false}},"elements":[{"id":"2dd568f4","settings":{"_column_size":100,"_inline_size":null,"padding_mobile":{"unit":"px","top":"0","right":"0","bottom":"0","left":"0","isLinked":false}},"elements":[{"id":"297c247d","settings":{"heading_title":"SHOP BY CATEGORY"},"elements":[],"isInner":false,"widgetType":"tbay-heading","elType":"widget"}],"isInner":false,"elType":"column"}],"isInner":false,"elType":"section"},{"id":"3cebf1c6","settings":{"structure":"20","padding":{"unit":"px","top":"0","right":"0","bottom":"30","left":"0","isLinked":false},"padding_mobile":{"unit":"px","top":"0","right":"0","bottom":"0","left":"0","isLinked":false}},"elements":[{"id":"25997a27","settings":{"_column_size":50,"_inline_size":null,"padding":{"unit":"px","top":"0","right":"15","bottom":"0","left":"0","isLinked":false},"padding_mobile":{"unit":"px","top":"0","right":"0","bottom":"20","left":"0","isLinked":false}},"elements":[{"id":"286993af","settings":{"nav_menu":"menu-fashion","banner":{"url":"https:\/\/elementor.thembay.com\/puca_smarket2\/wp-content\/uploads\/2017\/12\/banner31.jpg","id":4409}},"elements":[],"isInner":false,"widgetType":"tbay-supermaket2-custom-image-menus","elType":"widget"}],"isInner":false,"elType":"column"},{"id":"471e9da7","settings":{"_column_size":50,"_inline_size":null,"padding":{"unit":"px","top":"0","right":"0","bottom":"0","left":"15","isLinked":false},"padding_mobile":{"unit":"px","top":"0","right":"0","bottom":"20","left":"0","isLinked":false}},"elements":[{"id":"5c2710e1","settings":{"nav_menu":"menu-jewerly","banner":{"url":"https:\/\/elementor.thembay.com\/puca_smarket2\/wp-content\/uploads\/2017\/12\/banner32.jpg","id":4410}},"elements":[],"isInner":false,"widgetType":"tbay-supermaket2-custom-image-menus","elType":"widget"}],"isInner":false,"elType":"column"}],"isInner":false,"elType":"section"},{"id":"55505586","settings":{"structure":"20","padding":{"unit":"px","top":"0","right":"0","bottom":"30","left":"0","isLinked":false}},"elements":[{"id":"4ee162cd","settings":{"_column_size":50,"_inline_size":null,"padding":{"unit":"px","top":"0","right":"15","bottom":"0","left":"0","isLinked":false},"padding_mobile":{"unit":"px","top":"0","right":"0","bottom":"20","left":"0","isLinked":false}},"elements":[{"id":"70b5a18","settings":{"nav_menu":"menu-electronic","banner":{"url":"https:\/\/elementor.thembay.com\/puca_smarket2\/wp-content\/uploads\/2017\/12\/banner33.jpg","id":4411}},"elements":[],"isInner":false,"widgetType":"tbay-supermaket2-custom-image-menus","elType":"widget"}],"isInner":false,"elType":"column"},{"id":"63072e5e","settings":{"_column_size":50,"_inline_size":null,"padding":{"unit":"px","top":"0","right":"0","bottom":"0","left":"15","isLinked":false},"padding_mobile":{"unit":"px","top":"0","right":"0","bottom":"20","left":"0","isLinked":false}},"elements":[{"id":"600477c6","settings":{"nav_menu":"menu-furniture","banner":{"url":"https:\/\/elementor.thembay.com\/puca_smarket2\/wp-content\/uploads\/2017\/12\/banner34.jpg","id":4412}},"elements":[],"isInner":false,"widgetType":"tbay-supermaket2-custom-image-menus","elType":"widget"}],"isInner":false,"elType":"column"}],"isInner":false,"elType":"section"},{"id":"3d0b06b3","settings":{"stretch_section":"section-stretched","background_background":"classic","background_image":{"url":"https:\/\/elementor.thembay.com\/puca_smarket2\/wp-content\/uploads\/2017\/12\/bg-tesimonial.jpg","id":4447},"background_position":"center center","background_repeat":"no-repeat","background_size":"cover","margin":{"unit":"px","top":"50","right":0,"bottom":"0","left":0,"isLinked":false},"margin_mobile":{"unit":"px","top":"0","right":0,"bottom":"0","left":0,"isLinked":false},"padding_mobile":{"unit":"px","top":"0","right":"0","bottom":"0","left":"0","isLinked":false}},"elements":[{"id":"5a1a77f1","settings":{"_column_size":100,"_inline_size":null,"padding_mobile":{"unit":"px","top":"0","right":"0","bottom":"0","left":"0","isLinked":false}},"elements":[{"id":"15c5ef66","settings":{"column":"1","col_desktop":"1","col_desktopsmall":"1","col_landscape":"1","navigation":"","pagination":"yes","column_tablet":"1","column_mobile":"1","disable_mobile":""},"elements":[],"isInner":false,"widgetType":"tbay-testimonials","elType":"widget"}],"isInner":false,"elType":"column"}],"isInner":false,"elType":"section"}]}