{"version":"0.4","title":"Template &#8211; Home 4","type":"page","content":[{"id":"473f8688","settings":{"stretch_section":"section-stretched"},"elements":[{"id":"7c1c6c13","settings":{"_column_size":100,"_inline_size":null},"elements":[{"id":"384e2292","settings":{"revslidertitle":"Home 4","shortcode":"[rev_slider alias=\"home-4\"][\/rev_slider]"},"elements":[],"isInner":false,"widgetType":"slider_revolution","elType":"widget"}],"isInner":false,"elType":"column"}],"isInner":false,"elType":"section"},{"id":"19572e94","settings":{"stretch_section":"section-stretched","background_background":"classic","margin":{"unit":"px","top":"-100","right":0,"bottom":"0","left":0,"isLinked":false},"padding":{"unit":"px","top":"0","right":"0","bottom":"40","left":"0","isLinked":false},"layout":"full_width","margin_mobile":{"unit":"px","top":"0","right":0,"bottom":"0","left":0,"isLinked":false},"padding_mobile":{"unit":"px","top":"20","right":"0","bottom":"0","left":"0","isLinked":false}},"elements":[{"id":"2d3ea504","settings":{"_column_size":100,"_inline_size":null},"elements":[{"id":"2fe5c0e5","settings":{"styles":"style3","features":[{"feature_title":"Worldwide Delivery","feature_desc":"With sites in 5 languages, we ship to over 200 countries & regions.","feature_type":"image","selected_icon":{"value":"linear-icon-gift","library":"linear-icon"},"type_image":{"url":"https:\/\/elementor.thembay.com\/puca_smarket2\/wp-content\/uploads\/2017\/12\/shipping.png","id":4129},"feature_margin_icon":{"unit":"px","top":"","right":"","bottom":"","left":"","isLinked":true},"feature_margin_icon_tablet":{"unit":"px","top":"","right":"","bottom":"","left":"","isLinked":true},"feature_margin_icon_mobile":{"unit":"px","top":"","right":"","bottom":"","left":"","isLinked":true},"_id":"1794748"},{"feature_title":"Safe Payment","feature_desc":"Pay with the world\u2019s most popular and secure payment methods.","feature_type":"image","selected_icon":{"value":"linear-icon-gift","library":"linear-icon"},"type_image":{"url":"https:\/\/elementor.thembay.com\/puca_smarket2\/wp-content\/uploads\/2017\/12\/payment-1.png","id":4128},"feature_margin_icon":{"unit":"px","top":"","right":"","bottom":"","left":"","isLinked":true},"feature_margin_icon_tablet":{"unit":"px","top":"","right":"","bottom":"","left":"","isLinked":true},"feature_margin_icon_mobile":{"unit":"px","top":"","right":"","bottom":"","left":"","isLinked":true},"_id":"b0e360a"},{"feature_title":"SATISFACTION GUARANTEE","feature_desc":"Our buyer protection covers your purchase from click to delivery.","feature_type":"image","selected_icon":{"value":"linear-icon-gift","library":"linear-icon"},"type_image":{"url":"https:\/\/elementor.thembay.com\/puca_smarket2\/wp-content\/uploads\/2017\/12\/like.png","id":4457},"feature_margin_icon":{"unit":"px","top":"","right":"","bottom":"","left":"","isLinked":true},"feature_margin_icon_tablet":{"unit":"px","top":"","right":"","bottom":"","left":"","isLinked":true},"feature_margin_icon_mobile":{"unit":"px","top":"","right":"","bottom":"","left":"","isLinked":true},"_id":"1b2a854"},{"feature_title":"24\/7 Help Center","feature_desc":"Round-the-clock assistance for a smooth shopping experience.","feature_type":"image","selected_icon":{"value":"linear-icon-gift","library":"linear-icon"},"type_image":{"url":"https:\/\/elementor.thembay.com\/puca_smarket2\/wp-content\/uploads\/2017\/12\/contact.png","id":4127},"feature_margin_icon":{"unit":"px","top":"","right":"","bottom":"","left":"","isLinked":true},"feature_margin_icon_tablet":{"unit":"px","top":"","right":"","bottom":"","left":"","isLinked":true},"feature_margin_icon_mobile":{"unit":"px","top":"","right":"","bottom":"","left":"","isLinked":true},"_id":"af18ec1"}]},"elements":[],"isInner":false,"widgetType":"tbay-features","elType":"widget"}],"isInner":false,"elType":"column"}],"isInner":false,"elType":"section"},{"id":"6efe390","settings":{"stretch_section":"section-stretched","layout":"full_width","padding":{"unit":"px","top":"0","right":"0","bottom":"40","left":"0","isLinked":false},"padding_mobile":{"unit":"px","top":"0","right":"0","bottom":"20","left":"0","isLinked":false}},"elements":[{"id":"4d4ae137","settings":{"_column_size":100,"_inline_size":null},"elements":[{"id":"4a6477df","settings":{"heading_title":"FASHION COLLECTIONS","style":"style2","categoriestabs":[{"product_type":"newest","title":"","category":"womens-clothing","nav_menu":"menu-fashion-2","banner":{"url":"https:\/\/elementor.thembay.com\/puca_smarket2\/wp-content\/uploads\/2017\/12\/banner41.jpg","id":4495},"banner_link":{"url":"#","is_external":"","nofollow":""},"gallerys":[{"id":4228,"url":"https:\/\/elementor.thembay.com\/puca_smarket2\/wp-content\/uploads\/2017\/12\/gallery-1.png"},{"id":4229,"url":"https:\/\/elementor.thembay.com\/puca_smarket2\/wp-content\/uploads\/2017\/12\/gallery-2.png"},{"id":4230,"url":"https:\/\/elementor.thembay.com\/puca_smarket2\/wp-content\/uploads\/2017\/12\/gallery-3.png"},{"id":4231,"url":"https:\/\/elementor.thembay.com\/puca_smarket2\/wp-content\/uploads\/2017\/12\/gallery-4.png"},{"id":4232,"url":"https:\/\/elementor.thembay.com\/puca_smarket2\/wp-content\/uploads\/2017\/12\/gallery-5.png"}],"_id":"f0acf86"},{"product_type":"on_sale","title":"","category":"mens-clothing","nav_menu":"menu-electronic-2","banner":{"url":"https:\/\/elementor.thembay.com\/puca_smarket2\/wp-content\/uploads\/2017\/12\/banner44.jpg","id":4498},"banner_link":{"url":"#","is_external":"","nofollow":""},"gallerys":[{"id":4231,"url":"https:\/\/elementor.thembay.com\/puca_smarket2\/wp-content\/uploads\/2017\/12\/gallery-4.png"},{"id":4228,"url":"https:\/\/elementor.thembay.com\/puca_smarket2\/wp-content\/uploads\/2017\/12\/gallery-1.png"},{"id":4230,"url":"https:\/\/elementor.thembay.com\/puca_smarket2\/wp-content\/uploads\/2017\/12\/gallery-3.png"},{"id":4229,"url":"https:\/\/elementor.thembay.com\/puca_smarket2\/wp-content\/uploads\/2017\/12\/gallery-2.png"},{"id":4232,"url":"https:\/\/elementor.thembay.com\/puca_smarket2\/wp-content\/uploads\/2017\/12\/gallery-5.png"}],"_id":"547a6be"},{"product_type":"best_selling","title":"","category":"shoes","nav_menu":"menu-fashion-2","banner":{"url":"https:\/\/elementor.thembay.com\/puca_smarket2\/wp-content\/uploads\/2017\/12\/banner44.jpg","id":4498},"banner_link":{"url":"#","is_external":"","nofollow":""},"gallerys":[{"id":4230,"url":"https:\/\/elementor.thembay.com\/puca_smarket2\/wp-content\/uploads\/2017\/12\/gallery-3.png"},{"id":4232,"url":"https:\/\/elementor.thembay.com\/puca_smarket2\/wp-content\/uploads\/2017\/12\/gallery-5.png"},{"id":4231,"url":"https:\/\/elementor.thembay.com\/puca_smarket2\/wp-content\/uploads\/2017\/12\/gallery-4.png"},{"id":4228,"url":"https:\/\/elementor.thembay.com\/puca_smarket2\/wp-content\/uploads\/2017\/12\/gallery-1.png"},{"id":4229,"url":"https:\/\/elementor.thembay.com\/puca_smarket2\/wp-content\/uploads\/2017\/12\/gallery-2.png"}],"_id":"6fb4bdc"},{"product_type":"top_rated","title":"","category":"bags-shoes","nav_menu":"menu-fashion-2","banner":{"url":"https:\/\/elementor.thembay.com\/puca_smarket2\/wp-content\/uploads\/2017\/12\/banner43.jpg","id":4497},"banner_link":{"url":"#","is_external":"","nofollow":""},"gallerys":[{"id":4230,"url":"https:\/\/elementor.thembay.com\/puca_smarket2\/wp-content\/uploads\/2017\/12\/gallery-3.png"},{"id":4232,"url":"https:\/\/elementor.thembay.com\/puca_smarket2\/wp-content\/uploads\/2017\/12\/gallery-5.png"},{"id":4231,"url":"https:\/\/elementor.thembay.com\/puca_smarket2\/wp-content\/uploads\/2017\/12\/gallery-4.png"},{"id":4228,"url":"https:\/\/elementor.thembay.com\/puca_smarket2\/wp-content\/uploads\/2017\/12\/gallery-1.png"},{"id":4229,"url":"https:\/\/elementor.thembay.com\/puca_smarket2\/wp-content\/uploads\/2017\/12\/gallery-2.png"}],"_id":"9948cbe"}],"column":"3","col_desktop":"3","rows":"2","limit":8},"elements":[],"isInner":false,"widgetType":"tbay-supermaket2-categoriestabs","elType":"widget"}],"isInner":false,"elType":"column"}],"isInner":false,"elType":"section"},{"id":"f5fd0f3","settings":{"stretch_section":"section-stretched","layout":"full_width","padding":{"unit":"px","top":"0","right":"0","bottom":"40","left":"0","isLinked":false},"padding_mobile":{"unit":"px","top":"0","right":"0","bottom":"20","left":"0","isLinked":false}},"elements":[{"id":"44e33395","settings":{"_column_size":100,"_inline_size":null},"elements":[{"id":"6b38cc81","settings":{"heading_title":"WATCHES & JEWELRY","style":"style2","categoriestabs":[{"product_type":"newest","title":"","category":"watches-jewelry","nav_menu":"menu-jewerly-2","banner":{"url":"https:\/\/elementor.thembay.com\/puca_smarket2\/wp-content\/uploads\/2017\/12\/banner42.jpg","id":4496},"banner_link":{"url":"#","is_external":"","nofollow":""},"gallerys":[{"id":4230,"url":"https:\/\/elementor.thembay.com\/puca_smarket2\/wp-content\/uploads\/2017\/12\/gallery-3.png"},{"id":4228,"url":"https:\/\/elementor.thembay.com\/puca_smarket2\/wp-content\/uploads\/2017\/12\/gallery-1.png"},{"id":4232,"url":"https:\/\/elementor.thembay.com\/puca_smarket2\/wp-content\/uploads\/2017\/12\/gallery-5.png"},{"id":4231,"url":"https:\/\/elementor.thembay.com\/puca_smarket2\/wp-content\/uploads\/2017\/12\/gallery-4.png"},{"id":4229,"url":"https:\/\/elementor.thembay.com\/puca_smarket2\/wp-content\/uploads\/2017\/12\/gallery-2.png"}],"_id":"f0acf86"},{"product_type":"on_sale","title":"","category":"mens-clothing","nav_menu":"menu-electronic-2","banner":{"url":"https:\/\/elementor.thembay.com\/puca_smarket2\/wp-content\/uploads\/2017\/12\/banner44.jpg","id":4498},"banner_link":{"url":"#","is_external":"","nofollow":""},"gallerys":[{"id":4231,"url":"https:\/\/elementor.thembay.com\/puca_smarket2\/wp-content\/uploads\/2017\/12\/gallery-4.png"},{"id":4228,"url":"https:\/\/elementor.thembay.com\/puca_smarket2\/wp-content\/uploads\/2017\/12\/gallery-1.png"},{"id":4230,"url":"https:\/\/elementor.thembay.com\/puca_smarket2\/wp-content\/uploads\/2017\/12\/gallery-3.png"},{"id":4229,"url":"https:\/\/elementor.thembay.com\/puca_smarket2\/wp-content\/uploads\/2017\/12\/gallery-2.png"},{"id":4232,"url":"https:\/\/elementor.thembay.com\/puca_smarket2\/wp-content\/uploads\/2017\/12\/gallery-5.png"}],"_id":"547a6be"},{"product_type":"best_selling","title":"","category":"shoes","nav_menu":"menu-fashion-2","banner":{"url":"https:\/\/elementor.thembay.com\/puca_smarket2\/wp-content\/uploads\/2017\/12\/banner44.jpg","id":4498},"banner_link":{"url":"#","is_external":"","nofollow":""},"gallerys":[{"id":4230,"url":"https:\/\/elementor.thembay.com\/puca_smarket2\/wp-content\/uploads\/2017\/12\/gallery-3.png"},{"id":4232,"url":"https:\/\/elementor.thembay.com\/puca_smarket2\/wp-content\/uploads\/2017\/12\/gallery-5.png"},{"id":4231,"url":"https:\/\/elementor.thembay.com\/puca_smarket2\/wp-content\/uploads\/2017\/12\/gallery-4.png"},{"id":4228,"url":"https:\/\/elementor.thembay.com\/puca_smarket2\/wp-content\/uploads\/2017\/12\/gallery-1.png"},{"id":4229,"url":"https:\/\/elementor.thembay.com\/puca_smarket2\/wp-content\/uploads\/2017\/12\/gallery-2.png"}],"_id":"6fb4bdc"},{"product_type":"top_rated","title":"","category":"bags-shoes","nav_menu":"menu-fashion-2","banner":{"url":"https:\/\/elementor.thembay.com\/puca_smarket2\/wp-content\/uploads\/2017\/12\/banner43.jpg","id":4497},"banner_link":{"url":"#","is_external":"","nofollow":""},"gallerys":[{"id":4230,"url":"https:\/\/elementor.thembay.com\/puca_smarket2\/wp-content\/uploads\/2017\/12\/gallery-3.png"},{"id":4232,"url":"https:\/\/elementor.thembay.com\/puca_smarket2\/wp-content\/uploads\/2017\/12\/gallery-5.png"},{"id":4231,"url":"https:\/\/elementor.thembay.com\/puca_smarket2\/wp-content\/uploads\/2017\/12\/gallery-4.png"},{"id":4228,"url":"https:\/\/elementor.thembay.com\/puca_smarket2\/wp-content\/uploads\/2017\/12\/gallery-1.png"},{"id":4229,"url":"https:\/\/elementor.thembay.com\/puca_smarket2\/wp-content\/uploads\/2017\/12\/gallery-2.png"}],"_id":"9948cbe"}],"column":"3","col_desktop":"3","rows":"2","limit":8},"elements":[],"isInner":false,"widgetType":"tbay-supermaket2-categoriestabs","elType":"widget"}],"isInner":false,"elType":"column"}],"isInner":false,"elType":"section"},{"id":"742be748","settings":{"stretch_section":"section-stretched","layout":"full_width","padding":{"unit":"px","top":"0","right":"0","bottom":"40","left":"0","isLinked":false},"padding_mobile":{"unit":"px","top":"0","right":"0","bottom":"20","left":"0","isLinked":false}},"elements":[{"id":"1af49171","settings":{"_column_size":100,"_inline_size":null},"elements":[{"id":"192692fb","settings":{"heading_title":"ELECTRONICS & ACCESSORIES","style":"style2","categoriestabs":[{"product_type":"newest","title":"","category":"computer-office","nav_menu":"menu-electronic-2","banner":{"url":"https:\/\/elementor.thembay.com\/puca_smarket2\/wp-content\/uploads\/2017\/12\/banner43.jpg","id":4497},"banner_link":{"url":"#","is_external":"","nofollow":""},"gallerys":[{"id":4232,"url":"https:\/\/elementor.thembay.com\/puca_smarket2\/wp-content\/uploads\/2017\/12\/gallery-5.png"},{"id":4230,"url":"https:\/\/elementor.thembay.com\/puca_smarket2\/wp-content\/uploads\/2017\/12\/gallery-3.png"},{"id":4231,"url":"https:\/\/elementor.thembay.com\/puca_smarket2\/wp-content\/uploads\/2017\/12\/gallery-4.png"},{"id":4229,"url":"https:\/\/elementor.thembay.com\/puca_smarket2\/wp-content\/uploads\/2017\/12\/gallery-2.png"},{"id":4228,"url":"https:\/\/elementor.thembay.com\/puca_smarket2\/wp-content\/uploads\/2017\/12\/gallery-1.png"}],"_id":"f0acf86"},{"product_type":"best_selling","title":"","category":"shoes","nav_menu":"menu-fashion-2","banner":{"url":"https:\/\/elementor.thembay.com\/puca_smarket2\/wp-content\/uploads\/2017\/12\/banner44.jpg","id":4498},"banner_link":{"url":"#","is_external":"","nofollow":""},"gallerys":[{"id":4230,"url":"https:\/\/elementor.thembay.com\/puca_smarket2\/wp-content\/uploads\/2017\/12\/gallery-3.png"},{"id":4232,"url":"https:\/\/elementor.thembay.com\/puca_smarket2\/wp-content\/uploads\/2017\/12\/gallery-5.png"},{"id":4231,"url":"https:\/\/elementor.thembay.com\/puca_smarket2\/wp-content\/uploads\/2017\/12\/gallery-4.png"},{"id":4228,"url":"https:\/\/elementor.thembay.com\/puca_smarket2\/wp-content\/uploads\/2017\/12\/gallery-1.png"},{"id":4229,"url":"https:\/\/elementor.thembay.com\/puca_smarket2\/wp-content\/uploads\/2017\/12\/gallery-2.png"}],"_id":"6fb4bdc"},{"product_type":"top_rated","title":"","category":"bags-shoes","nav_menu":"menu-fashion-2","banner":{"url":"https:\/\/elementor.thembay.com\/puca_smarket2\/wp-content\/uploads\/2017\/12\/banner43.jpg","id":4497},"banner_link":{"url":"#","is_external":"","nofollow":""},"gallerys":[{"id":4230,"url":"https:\/\/elementor.thembay.com\/puca_smarket2\/wp-content\/uploads\/2017\/12\/gallery-3.png"},{"id":4232,"url":"https:\/\/elementor.thembay.com\/puca_smarket2\/wp-content\/uploads\/2017\/12\/gallery-5.png"},{"id":4231,"url":"https:\/\/elementor.thembay.com\/puca_smarket2\/wp-content\/uploads\/2017\/12\/gallery-4.png"},{"id":4228,"url":"https:\/\/elementor.thembay.com\/puca_smarket2\/wp-content\/uploads\/2017\/12\/gallery-1.png"},{"id":4229,"url":"https:\/\/elementor.thembay.com\/puca_smarket2\/wp-content\/uploads\/2017\/12\/gallery-2.png"}],"_id":"9948cbe"},{"product_type":"on_sale","title":"","category":"mens-clothing","nav_menu":"menu-electronic-2","banner":{"url":"https:\/\/elementor.thembay.com\/puca_smarket2\/wp-content\/uploads\/2017\/12\/banner44.jpg","id":4498},"banner_link":{"url":"#","is_external":"","nofollow":""},"gallerys":[{"id":4231,"url":"https:\/\/elementor.thembay.com\/puca_smarket2\/wp-content\/uploads\/2017\/12\/gallery-4.png"},{"id":4228,"url":"https:\/\/elementor.thembay.com\/puca_smarket2\/wp-content\/uploads\/2017\/12\/gallery-1.png"},{"id":4230,"url":"https:\/\/elementor.thembay.com\/puca_smarket2\/wp-content\/uploads\/2017\/12\/gallery-3.png"},{"id":4229,"url":"https:\/\/elementor.thembay.com\/puca_smarket2\/wp-content\/uploads\/2017\/12\/gallery-2.png"},{"id":4232,"url":"https:\/\/elementor.thembay.com\/puca_smarket2\/wp-content\/uploads\/2017\/12\/gallery-5.png"}],"_id":"547a6be"}],"column":"3","col_desktop":"3","rows":"2","limit":8},"elements":[],"isInner":false,"widgetType":"tbay-supermaket2-categoriestabs","elType":"widget"}],"isInner":false,"elType":"column"}],"isInner":false,"elType":"section"},{"id":"1c172a6c","settings":{"stretch_section":"section-stretched","layout":"full_width","padding":{"unit":"px","top":"0","right":"0","bottom":"40","left":"0","isLinked":false},"padding_mobile":{"unit":"px","top":"0","right":"0","bottom":"20","left":"0","isLinked":false}},"elements":[{"id":"3c1ffb9e","settings":{"_column_size":100,"_inline_size":null},"elements":[{"id":"77cf7c3b","settings":{"heading_title":"HOME & FURNITURE","style":"style2","categoriestabs":[{"product_type":"newest","title":"","category":"home-furniture","nav_menu":"menu-furniture-2","banner":{"url":"https:\/\/elementor.thembay.com\/puca_smarket2\/wp-content\/uploads\/2017\/12\/banner44.jpg","id":4498},"banner_link":{"url":"#","is_external":"","nofollow":""},"gallerys":[{"id":4232,"url":"https:\/\/elementor.thembay.com\/puca_smarket2\/wp-content\/uploads\/2017\/12\/gallery-5.png"},{"id":4230,"url":"https:\/\/elementor.thembay.com\/puca_smarket2\/wp-content\/uploads\/2017\/12\/gallery-3.png"},{"id":4231,"url":"https:\/\/elementor.thembay.com\/puca_smarket2\/wp-content\/uploads\/2017\/12\/gallery-4.png"},{"id":4229,"url":"https:\/\/elementor.thembay.com\/puca_smarket2\/wp-content\/uploads\/2017\/12\/gallery-2.png"},{"id":4228,"url":"https:\/\/elementor.thembay.com\/puca_smarket2\/wp-content\/uploads\/2017\/12\/gallery-1.png"}],"_id":"f0acf86"},{"product_type":"on_sale","title":"","category":"mens-clothing","nav_menu":"menu-electronic-2","banner":{"url":"https:\/\/elementor.thembay.com\/puca_smarket2\/wp-content\/uploads\/2017\/12\/banner44.jpg","id":4498},"banner_link":{"url":"#","is_external":"","nofollow":""},"gallerys":[{"id":4231,"url":"https:\/\/elementor.thembay.com\/puca_smarket2\/wp-content\/uploads\/2017\/12\/gallery-4.png"},{"id":4228,"url":"https:\/\/elementor.thembay.com\/puca_smarket2\/wp-content\/uploads\/2017\/12\/gallery-1.png"},{"id":4230,"url":"https:\/\/elementor.thembay.com\/puca_smarket2\/wp-content\/uploads\/2017\/12\/gallery-3.png"},{"id":4229,"url":"https:\/\/elementor.thembay.com\/puca_smarket2\/wp-content\/uploads\/2017\/12\/gallery-2.png"},{"id":4232,"url":"https:\/\/elementor.thembay.com\/puca_smarket2\/wp-content\/uploads\/2017\/12\/gallery-5.png"}],"_id":"547a6be"},{"product_type":"best_selling","title":"","category":"shoes","nav_menu":"menu-fashion-2","banner":{"url":"https:\/\/elementor.thembay.com\/puca_smarket2\/wp-content\/uploads\/2017\/12\/banner44.jpg","id":4498},"banner_link":{"url":"#","is_external":"","nofollow":""},"gallerys":[{"id":4230,"url":"https:\/\/elementor.thembay.com\/puca_smarket2\/wp-content\/uploads\/2017\/12\/gallery-3.png"},{"id":4232,"url":"https:\/\/elementor.thembay.com\/puca_smarket2\/wp-content\/uploads\/2017\/12\/gallery-5.png"},{"id":4231,"url":"https:\/\/elementor.thembay.com\/puca_smarket2\/wp-content\/uploads\/2017\/12\/gallery-4.png"},{"id":4228,"url":"https:\/\/elementor.thembay.com\/puca_smarket2\/wp-content\/uploads\/2017\/12\/gallery-1.png"},{"id":4229,"url":"https:\/\/elementor.thembay.com\/puca_smarket2\/wp-content\/uploads\/2017\/12\/gallery-2.png"}],"_id":"6fb4bdc"},{"product_type":"top_rated","title":"","category":"bags-shoes","nav_menu":"menu-fashion-2","banner":{"url":"https:\/\/elementor.thembay.com\/puca_smarket2\/wp-content\/uploads\/2017\/12\/banner43.jpg","id":4497},"banner_link":{"url":"#","is_external":"","nofollow":""},"gallerys":[{"id":4230,"url":"https:\/\/elementor.thembay.com\/puca_smarket2\/wp-content\/uploads\/2017\/12\/gallery-3.png"},{"id":4232,"url":"https:\/\/elementor.thembay.com\/puca_smarket2\/wp-content\/uploads\/2017\/12\/gallery-5.png"},{"id":4231,"url":"https:\/\/elementor.thembay.com\/puca_smarket2\/wp-content\/uploads\/2017\/12\/gallery-4.png"},{"id":4228,"url":"https:\/\/elementor.thembay.com\/puca_smarket2\/wp-content\/uploads\/2017\/12\/gallery-1.png"},{"id":4229,"url":"https:\/\/elementor.thembay.com\/puca_smarket2\/wp-content\/uploads\/2017\/12\/gallery-2.png"}],"_id":"9948cbe"}],"column":"3","col_desktop":"3","rows":"2","limit":8},"elements":[],"isInner":false,"widgetType":"tbay-supermaket2-categoriestabs","elType":"widget"}],"isInner":false,"elType":"column"}],"isInner":false,"elType":"section"},{"id":"45c663a1","settings":{"stretch_section":"section-stretched","layout":"full_width","padding":{"unit":"px","top":"0","right":"0","bottom":"40","left":"0","isLinked":false},"padding_mobile":{"unit":"px","top":"0","right":"0","bottom":"20","left":"0","isLinked":false}},"elements":[{"id":"1700bbda","settings":{"_column_size":100,"_inline_size":null},"elements":[{"id":"6ecafa15","settings":{"number":16,"column":"8","col_desktop":"8","col_desktopsmall":"4","col_landscape":"4","_css_classes":"style-2row","layout_type":"carousel","column_tablet":"4","rows":"2","disable_mobile":""},"elements":[],"isInner":false,"widgetType":"tbay-brands","elType":"widget"}],"isInner":false,"elType":"column"}],"isInner":false,"elType":"section"},{"id":"1d28aeeb","settings":{"stretch_section":"section-stretched","layout":"full_width","background_background":"classic","background_position":"center center","background_repeat":"no-repeat","background_size":"cover","padding_mobile":{"unit":"px","top":"0","right":"0","bottom":"20","left":"0","isLinked":false}},"elements":[{"id":"67b214da","settings":{"_column_size":100,"_inline_size":null,"background_background":"classic","background_position":"center center","background_repeat":"no-repeat","background_size":"cover"},"elements":[{"id":"b007e5a","settings":{"column":"1","column_tablet":"1","column_mobile":"1","col_desktop":"1","col_desktopsmall":"1","col_landscape":"1","navigation":"","pagination":"yes","disable_mobile":"","_background_background":"classic","_background_image":{"url":"https:\/\/elementor.thembay.com\/puca_smarket2\/wp-content\/uploads\/2017\/12\/bg-tesimonial.jpg","id":4447},"_background_position":"center center","_background_repeat":"no-repeat","_background_size":"cover"},"elements":[],"isInner":false,"widgetType":"tbay-testimonials","elType":"widget"}],"isInner":false,"elType":"column"}],"isInner":false,"elType":"section"},{"id":"72398fba","settings":{"stretch_section":"section-stretched","layout":"full_width","gap":"no","structure":"33","padding":{"unit":"px","top":"0","right":"15","bottom":"0","left":"15","isLinked":false},"css_classes":"newsletter-wrapper"},"elements":[{"id":"66c586d6","settings":{"_column_size":25,"_inline_size":null,"css_classes":"has-min","hide_tablet":"hidden-tablet","hide_mobile":"hidden-phone"},"elements":[{"id":"f931101","settings":{"number":9684,"title":"FACEBOOK","selected_icon":{"value":"icon- icon-social-facebook","library":"simple-line-icons"},"tag":"#NicoshopStore"},"elements":[],"isInner":false,"widgetType":"tbay-supermaket2-counter","elType":"widget"}],"isInner":false,"elType":"column"},{"id":"5747b013","settings":{"_column_size":50,"_inline_size":null,"css_classes":"has-min","_inline_size_tablet":100},"elements":[{"id":"c59f7f0","settings":{"heading_title":"SIGN UP FOR NEWSLETTER","heading_description":"Subscribe to the Stylenium mailing list to receive updates on new arrivals, special offers and other discount information.","_css_classes":"style-2","_background_background":"classic","_background_image":{"url":"https:\/\/elementor.thembay.com\/puca_smarket2\/wp-content\/uploads\/2018\/01\/bg-newsletter.jpg","id":4713},"_background_position":"center center","_background_repeat":"no-repeat","_background_size":"cover"},"elements":[],"isInner":false,"widgetType":"tbay-newsletter","elType":"widget"}],"isInner":false,"elType":"column"},{"id":"73c7ca7f","settings":{"_column_size":25,"_inline_size":null,"css_classes":"has-min","hide_tablet":"hidden-tablet","hide_mobile":"hidden-phone"},"elements":[{"id":"65d731d2","settings":{"number":2631,"title":"TWITTER","selected_icon":{"value":"icon- icon-social-twitter","library":"simple-line-icons"},"tag":"#NicoshopStore","tag_link":{"url":"#","is_external":true,"nofollow":true},"counter_bg":"#36B9FF"},"elements":[],"isInner":false,"widgetType":"tbay-supermaket2-counter","elType":"widget"}],"isInner":false,"elType":"column"}],"isInner":false,"elType":"section"}]}