{"version":"0.4","title":"Template &#8211; Contact Us 01","type":"page","content":[{"id":"ea518ff","settings":{"padding":{"unit":"px","top":"30","right":"0","bottom":"0","left":"0","isLinked":false}},"elements":[{"id":"376adda5","settings":{"_column_size":100},"elements":[{"id":"3f369cd4","settings":{"heading_title":"#keep in touch with us"},"elements":[],"isInner":false,"widgetType":"tbay-heading","elType":"widget"}],"isInner":false,"elType":"column"}],"isInner":false,"elType":"section"},{"id":"6426b84e","settings":{"stretch_section":"section-stretched","background_background":"classic","background_image":{"id":4926,"url":"https:\/\/elementor.thembay.com\/puca_smarket2\/wp-content\/uploads\/2020\/01\/bg-map.png"},"padding":{"unit":"px","top":"050","right":"0","bottom":"50","left":"0","isLinked":false}},"elements":[{"id":"22fc0f82","settings":{"_column_size":100,"_inline_size":null},"elements":[{"id":"588dfcb9","settings":{"styles":"contact-us","features":[{"feature_title":"CALL US","feature_desc":"(+99) 123 - 456 -789<br\/>\n(+84) 908 - 260 -196","feature_type":"icon","selected_icon":{"value":"fas fa-phone","library":"fa-solid"},"type_image":{"url":"","id":""},"feature_margin_icon":{"unit":"px","top":"","right":"","bottom":"","left":"","isLinked":true},"feature_margin_icon_tablet":{"unit":"px","top":"","right":"","bottom":"","left":"","isLinked":true},"feature_margin_icon_mobile":{"unit":"px","top":"","right":"","bottom":"","left":"","isLinked":true},"_id":"2438a9d"},{"feature_title":"EMAIL AT","feature_desc":"support@thembay.com<br\/>\nloo_me@yahoo.com","feature_type":"icon","selected_icon":{"value":"fas fa-envelope","library":"fa-solid"},"type_image":{"url":"","id":""},"feature_margin_icon":{"unit":"px","top":"","right":"","bottom":"","left":"","isLinked":true},"feature_margin_icon_tablet":{"unit":"px","top":"","right":"","bottom":"","left":"","isLinked":true},"feature_margin_icon_mobile":{"unit":"px","top":"","right":"","bottom":"","left":"","isLinked":true},"_id":"4242653"},{"feature_title":"LOCATED","feature_desc":"71 Pilgrim Avenue, St.Chevy Chase,<br\/>\nMD 20815","feature_type":"icon","selected_icon":{"value":"fas fa-map-marker-alt","library":"fa-solid"},"type_image":{"url":"","id":""},"feature_margin_icon":{"unit":"px","top":"","right":"","bottom":"","left":"","isLinked":true},"feature_margin_icon_tablet":{"unit":"px","top":"","right":"","bottom":"","left":"","isLinked":true},"feature_margin_icon_mobile":{"unit":"px","top":"","right":"","bottom":"","left":"","isLinked":true},"_id":"0e13354"}]},"elements":[],"isInner":false,"widgetType":"tbay-features","elType":"widget"}],"isInner":false,"elType":"column"}],"isInner":false,"elType":"section"},{"id":"73b15fa0","settings":{"structure":"34","padding":{"unit":"px","top":"20","right":"0","bottom":"60","left":"0","isLinked":false},"css_classes":"contact-form1"},"elements":[{"id":"6a1d613e","settings":{"_column_size":16,"_inline_size":null,"hide_tablet":"hidden-tablet","hide_mobile":"hidden-phone"},"elements":[],"isInner":false,"elType":"column"},{"id":"4b95514","settings":{"_column_size":66,"_inline_size":null,"_inline_size_tablet":100,"padding_mobile":{"unit":"px","top":"0","right":"0","bottom":"0","left":"0","isLinked":false}},"elements":[{"id":"2c14f65c","settings":[],"elements":[{"id":"17b2ef56","settings":{"_column_size":100,"_inline_size":null,"padding_tablet":{"unit":"px","top":"0","right":"0","bottom":"0","left":"0","isLinked":false}},"elements":[{"id":"1ae982d8","settings":{"align":"center","heading_title":"contact form","heading_title_size":{"unit":"px","size":16,"sizes":[]},"heading_title_line_height":{"unit":"px","size":26,"sizes":[]},"heading_subtitle_size":{"unit":"px","size":13,"sizes":[]},"heading_title_color":"#000000","heading_subtitle_color":"#575353"},"elements":[],"isInner":false,"widgetType":"tbay-heading","elType":"widget"}],"isInner":true,"elType":"column"}],"isInner":true,"elType":"section"},{"id":"1abc1de4","settings":[],"elements":[{"id":"55c61a64","settings":{"_column_size":100,"_inline_size":null,"padding_tablet":{"unit":"px","top":"0","right":"0","bottom":"0","left":"0","isLinked":false}},"elements":[{"id":"499bc280","settings":{"shortcode":"[contact-form-7 id=\"559\" title=\"Contact form 1\"]"},"elements":[],"isInner":false,"widgetType":"shortcode","elType":"widget"}],"isInner":true,"elType":"column"}],"isInner":true,"elType":"section"}],"isInner":false,"elType":"column"},{"id":"7bf14a50","settings":{"_column_size":16,"_inline_size":null,"hide_tablet":"hidden-tablet","hide_mobile":"hidden-phone"},"elements":[],"isInner":false,"elType":"column"}],"isInner":false,"elType":"section"}]}