{"version":"0.4","title":"Template &#8211; About Us","type":"page","content":[{"id":"6079deb1","settings":{"padding_mobile":{"unit":"px","top":"0","right":"0","bottom":"0","left":"0","isLinked":false}},"elements":[{"id":"3f6cd5fd","settings":{"_column_size":100,"_inline_size":null},"elements":[{"id":"63de5d8b","settings":{"heading_title":"About Puca Fashion","heading_title_tag":"h1","heading_title_size":{"unit":"px","size":30,"sizes":[]},"heading_title_color":"#000000","_css_classes":"title-about"},"elements":[],"isInner":false,"widgetType":"tbay-heading","elType":"widget"}],"isInner":false,"elType":"column"}],"isInner":false,"elType":"section"},{"id":"34e9c77","settings":{"structure":"34","padding":{"unit":"px","top":"0","right":"0","bottom":"20","left":"0","isLinked":false}},"elements":[{"id":"2f110173","settings":{"_column_size":16,"_inline_size":null},"elements":[],"isInner":false,"elType":"column"},{"id":"619378de","settings":{"_column_size":66,"_inline_size":null,"padding_mobile":{"unit":"px","top":"0","right":"0","bottom":"0","left":"0","isLinked":false}},"elements":[{"id":"4cba1ae0","settings":{"editor":"<p>Nulla tristique ipsum vitae urna pellentesque, sit amet tincidunt ex consequat. Praesent nibh ipsum, blandit eu nisi simet,\u00a0<a href=\"https:\/\/elementor.thembay.com\/puca\/about-us\/#\">varius consequat ligula.<\/a><\/p>","align":"center","text_color":"#333333","column_gap":{"unit":"px","size":0,"sizes":[]}},"elements":[],"isInner":false,"widgetType":"text-editor","elType":"widget"}],"isInner":false,"elType":"column"},{"id":"47f8d917","settings":{"_column_size":16,"_inline_size":null},"elements":[],"isInner":false,"elType":"column"}],"isInner":false,"elType":"section"},{"id":"7b6bb485","settings":{"padding":{"unit":"px","top":"0","right":"0","bottom":"30","left":"0","isLinked":false}},"elements":[{"id":"265e0ccc","settings":{"_column_size":100,"_inline_size":null,"padding_mobile":{"unit":"px","top":"0","right":"0","bottom":"0","left":"0","isLinked":false}},"elements":[{"id":"6b36c172","settings":{"youtube_url":"https:\/\/www.youtube.com\/watch?v=hjgGtW85in8","vimeo_url":"https:\/\/vimeo.com\/235215203","dailymotion_url":"https:\/\/www.dailymotion.com\/video\/x6tqhqb","image_overlay":{"id":4969,"url":"https:\/\/elementor.thembay.com\/puca_smarket2\/wp-content\/uploads\/2020\/01\/placeholder.png"}},"elements":[],"isInner":false,"widgetType":"video","elType":"widget"}],"isInner":false,"elType":"column"}],"isInner":false,"elType":"section"},{"id":"44627955","settings":{"background_background":"classic"},"elements":[{"id":"7ffc2a3b","settings":{"_column_size":100,"_inline_size":null,"padding_mobile":{"unit":"px","top":"0","right":"0","bottom":"0","left":"0","isLinked":false}},"elements":[{"id":"4749fdaa","settings":{"editor":"<div class=\"wpb_text_column wpb_content_element  wpb_animate_when_almost_visible wpb_fadeInUp fadeInUp vc_custom_1509766148852 text-center wpb_start_animation animated\"><div class=\"wpb_wrapper\"><p>Vestibulum luctus sem sit amet ipsum pharetra ullamcorper. Curabitur sit amet leo quis ante mattis luctus a in ligula. Maecenas consequat feugiat con sequat. Morbi imperdiet metus eget tellus consectetur, nec viverra tellus dignissim. Integer ullamcorper quis diam eget rhoncus. Vivamus aliquet puru nec tempor dapibus. Sed suscipit lacus commodo blandit dapibus. Mauris eu finibus tellus.<\/p><\/div><\/div>"},"elements":[],"isInner":false,"widgetType":"text-editor","elType":"widget"}],"isInner":false,"elType":"column"}],"isInner":false,"elType":"section"},{"id":"343cf347","settings":[],"elements":[{"id":"4a59a186","settings":{"_column_size":100,"_inline_size":null},"elements":[{"id":"12d9003f","settings":{"image":{"id":4970,"url":"https:\/\/elementor.thembay.com\/puca_smarket2\/wp-content\/uploads\/2020\/01\/sign-about.png"}},"elements":[],"isInner":false,"widgetType":"image","elType":"widget"}],"isInner":false,"elType":"column"}],"isInner":false,"elType":"section"},{"id":"48c754fb","settings":{"padding":{"unit":"px","top":"0","right":"0","bottom":"30","left":"0","isLinked":false}},"elements":[{"id":"73b23933","settings":{"_column_size":100,"_inline_size":null},"elements":[{"id":"d946bb1","settings":{"editor":"<p><strong>Alan. Manez \u2013\u00a0<\/strong> CEO of MegaBuy<\/p>","align":"center"},"elements":[],"isInner":false,"widgetType":"text-editor","elType":"widget"}],"isInner":false,"elType":"column"}],"isInner":false,"elType":"section"},{"id":"48c5eeac","settings":{"layout":"full_width","background_background":"classic","background_color":"#FCFCFC","padding":{"unit":"px","top":"80","right":"0","bottom":"80","left":"0","isLinked":false},"padding_mobile":{"unit":"px","top":"0","right":"0","bottom":"0","left":"0","isLinked":false}},"elements":[{"id":"216dd0b6","settings":{"_column_size":100,"_inline_size":null},"elements":[{"id":"45869168","settings":[],"elements":[{"id":"6d398f9d","settings":{"_column_size":100,"_inline_size":null},"elements":[{"id":"3dfab481","settings":{"heading_title":"Our Services","heading_title_size":{"unit":"px","size":30,"sizes":[]},"_css_classes":"title-about","heading_title_color":"#000000"},"elements":[],"isInner":false,"widgetType":"tbay-heading","elType":"widget"}],"isInner":true,"elType":"column"}],"isInner":true,"elType":"section"},{"id":"25b44681","settings":{"padding":{"unit":"px","top":"0","right":"0","bottom":"20","left":"0","isLinked":false}},"elements":[{"id":"879aede","settings":{"_column_size":100,"_inline_size":null,"padding_mobile":{"unit":"px","top":"0","right":"0","bottom":"0","left":"0","isLinked":false}},"elements":[{"id":"a2bfd15","settings":{"editor":"<p>Phasellus tempus et eros et aliquam. Integer faucibus semper orci eget elementum. Nullam dignissim sit amet ex a facilisis. Aenean ac augue ex. Ut volutpat elit libero, vitae ullamcorper nunc consequat at.<\/p>","align":"center"},"elements":[],"isInner":false,"widgetType":"text-editor","elType":"widget"}],"isInner":true,"elType":"column"}],"isInner":true,"elType":"section"},{"id":"112625dc","settings":{"padding":{"unit":"px","top":"0","right":"0","bottom":"030","left":"0","isLinked":false}},"elements":[{"id":"7a63dde3","settings":{"_column_size":100,"_inline_size":null,"padding_mobile":{"unit":"px","top":"0","right":"0","bottom":"0","left":"0","isLinked":false}},"elements":[{"id":"60c2c1a7","settings":{"features":[{"feature_title":"FAST & FREE SHIPPING","feature_desc":"Offers apply to all orders over $500.","feature_type":"icon","selected_icon":{"value":"icon- icon-plane","library":"simple-line-icons"},"type_image":{"url":"","id":""},"feature_margin_icon":{"unit":"px","top":"","right":"","bottom":"","left":"","isLinked":true},"feature_margin_icon_tablet":{"unit":"px","top":"","right":"","bottom":"","left":"","isLinked":true},"feature_margin_icon_mobile":{"unit":"px","top":"","right":"","bottom":"","left":"","isLinked":true},"_id":"ae62e3d"},{"feature_title":"MEMBERS GIFT WEEKLY","feature_desc":"Offer applied to customers purchsed over 3 times.","feature_type":"icon","selected_icon":{"value":"icon- icon-fire","library":"simple-line-icons"},"type_image":{"url":"","id":""},"feature_margin_icon":{"unit":"px","top":"","right":"","bottom":"","left":"","isLinked":true},"feature_margin_icon_tablet":{"unit":"px","top":"","right":"","bottom":"","left":"","isLinked":true},"feature_margin_icon_mobile":{"unit":"px","top":"","right":"","bottom":"","left":"","isLinked":true},"_id":"c9926ed"},{"feature_title":"FRIENDLY SUPPORT 24\/7","feature_desc":"Our supporters services are always to help","feature_type":"icon","selected_icon":{"value":"icon- icon-umbrella","library":"simple-line-icons"},"type_image":{"url":"","id":""},"feature_margin_icon":{"unit":"px","top":"","right":"","bottom":"","left":"","isLinked":true},"feature_margin_icon_tablet":{"unit":"px","top":"","right":"","bottom":"","left":"","isLinked":true},"feature_margin_icon_mobile":{"unit":"px","top":"","right":"","bottom":"","left":"","isLinked":true},"_id":"f6f8ddb"}]},"elements":[],"isInner":false,"widgetType":"tbay-features","elType":"widget"}],"isInner":true,"elType":"column"}],"isInner":true,"elType":"section"},{"id":"5748043a","settings":[],"elements":[{"id":"6492436c","settings":{"_column_size":100,"_inline_size":null,"padding_mobile":{"unit":"px","top":"0","right":"0","bottom":"0","left":"0","isLinked":false}},"elements":[{"id":"7103e46b","settings":{"features":[{"feature_title":"FAST & FREE SHIPPING","feature_desc":"Offers apply to all orders over $500.","feature_type":"icon","selected_icon":{"value":"icon- icon-energy","library":"simple-line-icons"},"type_image":{"url":"","id":""},"feature_margin_icon":{"unit":"px","top":"","right":"","bottom":"","left":"","isLinked":true},"feature_margin_icon_tablet":{"unit":"px","top":"","right":"","bottom":"","left":"","isLinked":true},"feature_margin_icon_mobile":{"unit":"px","top":"","right":"","bottom":"","left":"","isLinked":true},"_id":"ae62e3d"},{"feature_title":"MEMBERS GIFT WEEKLY","feature_desc":"Offer applied to customers purchsed over 3 times.","feature_type":"icon","selected_icon":{"value":"icon- icon-eyeglass","library":"simple-line-icons"},"type_image":{"url":"","id":""},"feature_margin_icon":{"unit":"px","top":"","right":"","bottom":"","left":"","isLinked":true},"feature_margin_icon_tablet":{"unit":"px","top":"","right":"","bottom":"","left":"","isLinked":true},"feature_margin_icon_mobile":{"unit":"px","top":"","right":"","bottom":"","left":"","isLinked":true},"_id":"c9926ed"},{"feature_title":"FRIENDLY SUPPORT 24\/7","feature_desc":"Our supporters services are always to help","feature_type":"icon","selected_icon":{"value":"icon- icon-badge","library":"simple-line-icons"},"type_image":{"url":"","id":""},"feature_margin_icon":{"unit":"px","top":"","right":"","bottom":"","left":"","isLinked":true},"feature_margin_icon_tablet":{"unit":"px","top":"","right":"","bottom":"","left":"","isLinked":true},"feature_margin_icon_mobile":{"unit":"px","top":"","right":"","bottom":"","left":"","isLinked":true},"_id":"f6f8ddb"}]},"elements":[],"isInner":false,"widgetType":"tbay-features","elType":"widget"}],"isInner":true,"elType":"column"}],"isInner":true,"elType":"section"}],"isInner":false,"elType":"column"}],"isInner":false,"elType":"section"},{"id":"5370f837","settings":{"background_background":"classic","background_color":"#F4F9FC","stretch_section":"section-stretched","background_image":{"url":"https:\/\/elementor.thembay.com\/puca_smarket2\/wp-content\/uploads\/2017\/12\/bg-tesimonial.jpg","id":4447},"background_position":"center center","background_repeat":"no-repeat","background_size":"cover"},"elements":[{"id":"23bf610","settings":{"_column_size":100,"_inline_size":null,"padding_mobile":{"unit":"px","top":"0","right":"0","bottom":"0","left":"0","isLinked":false}},"elements":[{"id":"7e6f431a","settings":{"column":"1","col_desktop":"1","col_desktopsmall":"1","col_landscape":"1","navigation":"","column_tablet":"1","column_mobile":"1","disable_mobile":""},"elements":[],"isInner":false,"widgetType":"tbay-testimonials","elType":"widget"}],"isInner":false,"elType":"column"}],"isInner":false,"elType":"section"},{"id":"371cd880","settings":{"padding":{"unit":"px","top":"70","right":"0","bottom":"0","left":"0","isLinked":false},"padding_mobile":{"unit":"px","top":"0","right":"0","bottom":"0","left":"0","isLinked":false}},"elements":[{"id":"7a7ce13a","settings":{"_column_size":100,"_inline_size":null},"elements":[{"id":"488365","settings":{"heading_title":"Our Team member"},"elements":[],"isInner":false,"widgetType":"tbay-heading","elType":"widget"}],"isInner":false,"elType":"column"}],"isInner":false,"elType":"section"},{"id":"3844490a","settings":{"padding":{"unit":"px","top":"0","right":"0","bottom":"0","left":"0","isLinked":false}},"elements":[{"id":"1c8597cd","settings":{"_column_size":100,"_inline_size":null,"padding_mobile":{"unit":"px","top":"0","right":"0","bottom":"0","left":"0","isLinked":false}},"elements":[{"id":"308d6e6c","settings":{"editor":"<p>Lorem ipsum dolor sit amet, consectetur adipiscing elit. Aenean eu libero a risus aliquet euismod porttitor sed dolor. Cras non magna facilisis, mollis velit at, suscipit urna. Vivamus auctor fringilla felis at tincidunt.<\/p>","align":"center"},"elements":[],"isInner":false,"widgetType":"text-editor","elType":"widget"}],"isInner":false,"elType":"column"}],"isInner":false,"elType":"section"},{"id":"1602d5e5","settings":[],"elements":[{"id":"71948672","settings":{"_column_size":100,"_inline_size":null,"padding_mobile":{"unit":"px","top":"0","right":"0","bottom":"0","left":"0","isLinked":false}},"elements":[{"id":"48c8b42e","settings":{"layout_type":"carousel","our_team":[{"our_team_name":"Tran Tung Kerry","our_team_job":"Web Research","our_team_image":{"id":"4931","url":"https:\/\/elementor.thembay.com\/puca_smarket2\/wp-content\/uploads\/2020\/01\/team-1.jpg"},"our_team_link_fb":{"url":"#","is_external":true,"nofollow":true},"our_team_link_tw":{"url":"","is_external":true,"nofollow":true},"our_team_link_gg":{"url":"","is_external":true,"nofollow":true},"our_team_link_linkin":{"url":"","is_external":true,"nofollow":true},"our_team_link_instaram":{"url":"#","is_external":true,"nofollow":true},"_id":"971e8db"},{"our_team_name":"Alan Manez","our_team_job":"Artist","our_team_image":{"id":"4932","url":"https:\/\/elementor.thembay.com\/puca_smarket2\/wp-content\/uploads\/2020\/01\/team-4.jpg"},"our_team_link_fb":{"url":"#","is_external":true,"nofollow":true},"our_team_link_tw":{"url":"#","is_external":true,"nofollow":true},"our_team_link_gg":{"url":"","is_external":true,"nofollow":true},"our_team_link_linkin":{"url":"","is_external":true,"nofollow":true},"our_team_link_instaram":{"url":"","is_external":true,"nofollow":true},"_id":"a0ff8e7"},{"our_team_name":"John Cenan","our_team_job":"Web Designer","our_team_image":{"id":"4933","url":"https:\/\/elementor.thembay.com\/puca_smarket2\/wp-content\/uploads\/2020\/01\/team-2.jpg"},"our_team_link_fb":{"url":"#","is_external":true,"nofollow":true},"our_team_link_tw":{"url":"#","is_external":true,"nofollow":true},"our_team_link_gg":{"url":"","is_external":true,"nofollow":true},"our_team_link_linkin":{"url":"","is_external":true,"nofollow":true},"our_team_link_instaram":{"url":"","is_external":true,"nofollow":true},"_id":"9d2a595"},{"our_team_name":"May Weather","our_team_job":"Front-end Developer","our_team_image":{"id":"4934","url":"https:\/\/elementor.thembay.com\/puca_smarket2\/wp-content\/uploads\/2020\/01\/team-3.jpg"},"our_team_link_fb":{"url":"","is_external":true,"nofollow":true},"our_team_link_tw":{"url":"#","is_external":true,"nofollow":true},"our_team_link_gg":{"url":"","is_external":true,"nofollow":true},"our_team_link_linkin":{"url":"","is_external":true,"nofollow":true},"our_team_link_instaram":{"url":"#","is_external":true,"nofollow":true},"_id":"254f903"},{"our_team_name":"Tran Tung Kerry","our_team_job":"Web Research","our_team_image":{"id":"4931","url":"https:\/\/elementor.thembay.com\/puca_smarket2\/wp-content\/uploads\/2020\/01\/team-1.jpg"},"our_team_link_fb":{"url":"#","is_external":true,"nofollow":true},"our_team_link_tw":{"url":"","is_external":true,"nofollow":true},"our_team_link_gg":{"url":"","is_external":true,"nofollow":true},"our_team_link_linkin":{"url":"","is_external":true,"nofollow":true},"our_team_link_instaram":{"url":"#","is_external":true,"nofollow":true},"_id":"1aa19d2"},{"our_team_name":"John Cenan","our_team_job":"Web Designer","our_team_image":{"id":"4933","url":"https:\/\/elementor.thembay.com\/puca_smarket2\/wp-content\/uploads\/2020\/01\/team-2.jpg"},"our_team_link_fb":{"url":"#","is_external":true,"nofollow":true},"our_team_link_tw":{"url":"#","is_external":true,"nofollow":true},"our_team_link_gg":{"url":"","is_external":true,"nofollow":true},"our_team_link_linkin":{"url":"","is_external":true,"nofollow":true},"our_team_link_instaram":{"url":"","is_external":true,"nofollow":true},"_id":"b332c09"}],"navigation":"","pagination":"yes","col_desktopsmall":"3"},"elements":[],"isInner":false,"widgetType":"tbay-our-team","elType":"widget"}],"isInner":false,"elType":"column"}],"isInner":false,"elType":"section"},{"id":"6cf802","settings":{"padding":{"unit":"px","top":"30","right":"0","bottom":"50","left":"0","isLinked":false}},"elements":[{"id":"86d09ca","settings":{"_column_size":100,"_inline_size":null,"padding_mobile":{"unit":"px","top":"0","right":"0","bottom":"0","left":"0","isLinked":false}},"elements":[{"id":"7cefe8df","settings":{"editor":"<p>How\u2018re we doing?\u00a0<a href=\"https:\/\/elementor.thembay.com\/puca\/about-us\/#\">Give us a feedback.<\/a><br \/>It\u2019s very important to us to improve your experiences, many thanks for your contributions.<\/p>","align":"center"},"elements":[],"isInner":false,"widgetType":"text-editor","elType":"widget"}],"isInner":false,"elType":"column"}],"isInner":false,"elType":"section"}]}