{"version":"0.4","title":"Template &#8211; Home 2","type":"page","content":[{"id":"15b4d1ee","settings":{"gap":"no"},"elements":[{"id":"6fb8191e","settings":{"_column_size":100,"_inline_size":null,"padding":{"unit":"px","top":"0","right":"0","bottom":"0","left":"270","isLinked":false},"padding_tablet":{"unit":"px","top":"0","right":"0","bottom":"0","left":"0","isLinked":false}},"elements":[{"id":"44c20471","settings":{"revslidertitle":"Home 2","shortcode":"[rev_slider alias=\"home-2\"][\/rev_slider]"},"elements":[],"isInner":false,"widgetType":"slider_revolution","elType":"widget"}],"isInner":false,"elType":"column"}],"isInner":false,"elType":"section"},{"id":"153749d0","settings":{"padding":{"unit":"px","top":"30","right":"0","bottom":"70","left":"0","isLinked":false},"gap":"no","padding_mobile":{"unit":"px","top":"0","right":"0","bottom":"30","left":"0","isLinked":false},"hide_mobile":"hidden-phone"},"elements":[{"id":"cdaf44c","settings":{"_column_size":100,"_inline_size":null},"elements":[{"id":"4a3692e4","settings":{"styles":"style2","features":[{"feature_title":"WORLDWIDE DELIVERY","feature_desc":"","feature_type":"icon","selected_icon":{"value":"icon- icon-plane","library":"simple-line-icons"},"type_image":{"url":"","id":""},"feature_margin_icon":{"unit":"px","top":"","right":"","bottom":"","left":"","isLinked":true},"feature_margin_icon_tablet":{"unit":"px","top":"","right":"","bottom":"","left":"","isLinked":true},"feature_margin_icon_mobile":{"unit":"px","top":"","right":"","bottom":"","left":"","isLinked":true},"_id":"1a8a59e"},{"feature_title":"SAFE PAYMENT","feature_desc":"","feature_type":"icon","selected_icon":{"value":"icon- icon-emotsmile","library":"simple-line-icons"},"type_image":{"url":"","id":""},"feature_margin_icon":{"unit":"px","top":"","right":"","bottom":"","left":"","isLinked":true},"feature_margin_icon_tablet":{"unit":"px","top":"","right":"","bottom":"","left":"","isLinked":true},"feature_margin_icon_mobile":{"unit":"px","top":"","right":"","bottom":"","left":"","isLinked":true},"_id":"f2d1113"},{"feature_title":"24\/7 HELP CENTER","feature_desc":"","feature_type":"icon","selected_icon":{"value":"icon- icon-call-in","library":"simple-line-icons"},"type_image":{"url":"","id":""},"feature_margin_icon":{"unit":"px","top":"","right":"","bottom":"","left":"","isLinked":true},"feature_margin_icon_tablet":{"unit":"px","top":"","right":"","bottom":"","left":"","isLinked":true},"feature_margin_icon_mobile":{"unit":"px","top":"","right":"","bottom":"","left":"","isLinked":true},"_id":"98cddce"}]},"elements":[],"isInner":false,"widgetType":"tbay-features","elType":"widget"}],"isInner":false,"elType":"column"}],"isInner":false,"elType":"section"},{"id":"6cceaca1","settings":{"gap":"no","padding":{"unit":"px","top":"0","right":"0","bottom":"70","left":"0","isLinked":false},"padding_mobile":{"unit":"px","top":"30","right":"0","bottom":"30","left":"0","isLinked":false}},"elements":[{"id":"60d6aa56","settings":{"_column_size":100,"_inline_size":null},"elements":[{"id":"63538d76","settings":{"align":"center","heading_title":"DAILY DEAL","layout_type":"inner-countdownvertical","products":["2278","2359","2362","2367"],"column":"2","col_desktop":"2","navigation":"","pagination":"yes","column_tablet":"1","col_landscape":"1","col_desktopsmall":"1"},"elements":[],"isInner":false,"widgetType":"tbay-product-count-down","elType":"widget"}],"isInner":false,"elType":"column"}],"isInner":false,"elType":"section"},{"id":"1f9a8f6a","settings":{"gap":"no","padding":{"unit":"px","top":"0","right":"0","bottom":"70","left":"0","isLinked":false},"padding_mobile":{"unit":"px","top":"0","right":"0","bottom":"30","left":"0","isLinked":false}},"elements":[{"id":"6cfbddd0","settings":{"_column_size":100,"_inline_size":null},"elements":[{"id":"4ed58a71","settings":{"banner":{"url":"https:\/\/elementor.thembay.com\/puca_smarket2\/wp-content\/uploads\/2017\/12\/banner-21.jpg","id":4375},"banner_link":{"url":"#","is_external":"","nofollow":""},"categoriestabs":[{"product_type":"newest","title":"","category":"womens-clothing","nav_menu":"fashion-2","_id":"c9d0c5d"},{"product_type":"best_selling","title":"","category":"mens-clothing","nav_menu":"jewelry-2","_id":"de464df"},{"product_type":"top_rated","title":"","category":"shoes","nav_menu":"clothing","_id":"4f55b6b"}],"col_desktopsmall":"3"},"elements":[],"isInner":false,"widgetType":"tbay-supermaket2-categoriestabs-2","elType":"widget"}],"isInner":false,"elType":"column"}],"isInner":false,"elType":"section"},{"id":"495fa47f","settings":{"gap":"no","padding":{"unit":"px","top":"0","right":"0","bottom":"70","left":"0","isLinked":false},"padding_mobile":{"unit":"px","top":"0","right":"0","bottom":"30","left":"0","isLinked":false}},"elements":[{"id":"49801a8d","settings":{"_column_size":100,"_inline_size":null},"elements":[{"id":"250051a2","settings":{"banner":{"url":"https:\/\/elementor.thembay.com\/puca_smarket2\/wp-content\/uploads\/2017\/12\/banner-22.jpg","id":4376},"banner_link":{"url":"#","is_external":"","nofollow":""},"categoriestabs":[{"product_type":"newest","title":"","category":"watches-jewelry","nav_menu":"jewelry-2","_id":"c9d0c5d"},{"product_type":"best_selling","title":"","category":"promotions","nav_menu":"fashion-2","_id":"de464df"},{"product_type":"top_rated","title":"","category":"bags-shoes","nav_menu":"bags","_id":"4f55b6b"}],"banner_positions":"right","col_desktopsmall":"3"},"elements":[],"isInner":false,"widgetType":"tbay-supermaket2-categoriestabs-2","elType":"widget"}],"isInner":false,"elType":"column"}],"isInner":false,"elType":"section"},{"id":"547abfe0","settings":{"gap":"no","padding":{"unit":"px","top":"0","right":"0","bottom":"70","left":"0","isLinked":false},"padding_mobile":{"unit":"px","top":"0","right":"0","bottom":"30","left":"0","isLinked":false}},"elements":[{"id":"74c9aff8","settings":{"_column_size":100,"_inline_size":null},"elements":[{"id":"5ab9c195","settings":{"banner":{"url":"https:\/\/elementor.thembay.com\/puca_smarket2\/wp-content\/uploads\/2017\/12\/banner-23.jpg","id":4377},"banner_link":{"url":"#","is_external":"","nofollow":""},"categoriestabs":[{"product_type":"newest","title":"","category":"apple","nav_menu":"menu-electronic-2","_id":"c9d0c5d"},{"product_type":"best_selling","title":"","category":"iphone","nav_menu":"fashion-2","_id":"de464df"},{"product_type":"top_rated","title":"","category":"smartphone-tablet","nav_menu":"menu-electronic","_id":"4f55b6b"}],"col_desktopsmall":"3"},"elements":[],"isInner":false,"widgetType":"tbay-supermaket2-categoriestabs-2","elType":"widget"}],"isInner":false,"elType":"column"}],"isInner":false,"elType":"section"},{"id":"7794352","settings":{"gap":"no","padding":{"unit":"px","top":"0","right":"0","bottom":"100","left":"0","isLinked":false},"padding_mobile":{"unit":"px","top":"0","right":"0","bottom":"30","left":"0","isLinked":false}},"elements":[{"id":"7dfd89cc","settings":{"_column_size":100,"_inline_size":null},"elements":[{"id":"3a007a92","settings":{"banner":{"url":"https:\/\/elementor.thembay.com\/puca_smarket2\/wp-content\/uploads\/2017\/12\/banner-24.jpg","id":4378},"banner_link":{"url":"#","is_external":"","nofollow":""},"categoriestabs":[{"product_type":"newest","title":"","category":"home-furniture","nav_menu":"menu-furniture","_id":"c9d0c5d"},{"product_type":"best_selling","title":"","category":"computer-office","nav_menu":"menu-furniture-2","_id":"de464df"},{"product_type":"top_rated","title":"","category":"sports-outdoors","nav_menu":"menu-electronic","_id":"4f55b6b"}],"banner_positions":"right","col_desktopsmall":"3"},"elements":[],"isInner":false,"widgetType":"tbay-supermaket2-categoriestabs-2","elType":"widget"}],"isInner":false,"elType":"column"}],"isInner":false,"elType":"section"},{"id":"2f5be7d1","settings":{"padding_mobile":{"unit":"px","top":"0","right":"0","bottom":"30","left":"0","isLinked":false}},"elements":[{"id":"1b54825b","settings":{"_column_size":100,"_inline_size":null,"padding_tablet":{"unit":"px","top":"0","right":"0","bottom":"0","left":"0","isLinked":false},"padding_mobile":{"unit":"px","top":"0","right":"0","bottom":"0","left":"0","isLinked":false}},"elements":[{"id":"26906ee1","settings":{"heading_title":"LASTEST BLOG","orderby":"rand","column":"2","col_desktop":"2","navigation":"","pagination":"yes","limit":4,"column_tablet":"1","column_mobile":"1","col_landscape":"1","disable_mobile":""},"elements":[],"isInner":false,"widgetType":"tbay-posts-grid","elType":"widget"}],"isInner":false,"elType":"column"}],"isInner":false,"elType":"section"},{"id":"27039092","settings":{"stretch_section":"section-stretched","background_background":"classic","background_image":{"url":"https:\/\/elementor.thembay.com\/puca_smarket2\/wp-content\/uploads\/2017\/12\/bg-tesimonial.jpg","id":4447},"background_position":"center center","background_repeat":"no-repeat","background_size":"cover","margin":{"unit":"px","top":"35","right":0,"bottom":"0","left":0,"isLinked":false}},"elements":[{"id":"16fb5b1d","settings":{"_column_size":100,"_inline_size":null},"elements":[{"id":"5cb1313d","settings":{"number":1,"column":"1","col_desktop":"1","col_desktopsmall":"1","col_landscape":"1","navigation":"","pagination":"yes","column_tablet":"1","column_mobile":"1"},"elements":[],"isInner":false,"widgetType":"tbay-testimonials","elType":"widget"}],"isInner":false,"elType":"column"}],"isInner":false,"elType":"section"}]}