{"version":"0.4","title":"Template &#8211; Home 5","type":"page","content":[{"id":"30b4f488","settings":{"stretch_section":"section-stretched"},"elements":[{"id":"715c5dc9","settings":{"_column_size":100,"_inline_size":null},"elements":[{"id":"747b2c7a","settings":{"revslidertitle":"Home 5","shortcode":"[rev_slider alias=\"home-5\"][\/rev_slider]"},"elements":[],"isInner":false,"widgetType":"slider_revolution","elType":"widget"}],"isInner":false,"elType":"column"}],"isInner":false,"elType":"section"},{"id":"14a2a40e","settings":{"stretch_section":"section-stretched","background_background":"classic","margin":{"unit":"px","top":"0","right":0,"bottom":"0","left":0,"isLinked":false},"layout":"full_width","padding_mobile":{"unit":"px","top":"20","right":"0","bottom":"0","left":"0","isLinked":false}},"elements":[{"id":"320deb6c","settings":{"_column_size":100,"_inline_size":null,"padding":{"unit":"px","top":"0","right":"40","bottom":"0","left":"40","isLinked":false},"padding_mobile":{"unit":"px","top":"0","right":"15","bottom":"0","left":"15","isLinked":false}},"elements":[{"id":"3df633de","settings":{"styles":"style3","features":[{"feature_title":"Worldwide Delivery","feature_desc":"With sites in 5 languages, we ship to over 200 countries & regions.","feature_type":"image","selected_icon":{"value":"linear-icon-gift","library":"linear-icon"},"type_image":{"url":"https:\/\/elementor.thembay.com\/puca_smarket2\/wp-content\/uploads\/2017\/12\/shipping.png","id":4129},"feature_margin_icon":{"unit":"px","top":"","right":"","bottom":"","left":"","isLinked":true},"feature_margin_icon_tablet":{"unit":"px","top":"","right":"","bottom":"","left":"","isLinked":true},"feature_margin_icon_mobile":{"unit":"px","top":"","right":"","bottom":"","left":"","isLinked":true},"_id":"1794748"},{"feature_title":"Safe Payment","feature_desc":"Pay with the world\u2019s most popular and secure payment methods.","feature_type":"image","selected_icon":{"value":"linear-icon-gift","library":"linear-icon"},"type_image":{"url":"https:\/\/elementor.thembay.com\/puca_smarket2\/wp-content\/uploads\/2017\/12\/payment-1.png","id":4128},"feature_margin_icon":{"unit":"px","top":"","right":"","bottom":"","left":"","isLinked":true},"feature_margin_icon_tablet":{"unit":"px","top":"","right":"","bottom":"","left":"","isLinked":true},"feature_margin_icon_mobile":{"unit":"px","top":"","right":"","bottom":"","left":"","isLinked":true},"_id":"b0e360a"},{"feature_title":"SATISFACTION GUARANTEE","feature_desc":"Our buyer protection covers your purchase from click to delivery.","feature_type":"image","selected_icon":{"value":"linear-icon-gift","library":"linear-icon"},"type_image":{"url":"https:\/\/elementor.thembay.com\/puca_smarket2\/wp-content\/uploads\/2017\/12\/like.png","id":4457},"feature_margin_icon":{"unit":"px","top":"","right":"","bottom":"","left":"","isLinked":true},"feature_margin_icon_tablet":{"unit":"px","top":"","right":"","bottom":"","left":"","isLinked":true},"feature_margin_icon_mobile":{"unit":"px","top":"","right":"","bottom":"","left":"","isLinked":true},"_id":"1b2a854"},{"feature_title":"24\/7 Help Center","feature_desc":"Round-the-clock assistance for a smooth shopping experience.","feature_type":"image","selected_icon":{"value":"linear-icon-gift","library":"linear-icon"},"type_image":{"url":"https:\/\/elementor.thembay.com\/puca_smarket2\/wp-content\/uploads\/2017\/12\/contact.png","id":4127},"feature_margin_icon":{"unit":"px","top":"","right":"","bottom":"","left":"","isLinked":true},"feature_margin_icon_tablet":{"unit":"px","top":"","right":"","bottom":"","left":"","isLinked":true},"feature_margin_icon_mobile":{"unit":"px","top":"","right":"","bottom":"","left":"","isLinked":true},"_id":"af18ec1"}]},"elements":[],"isInner":false,"widgetType":"tbay-features","elType":"widget"}],"isInner":false,"elType":"column"}],"isInner":false,"elType":"section"},{"id":"70589735","settings":{"stretch_section":"section-stretched","layout":"full_width","padding_mobile":{"unit":"px","top":"0","right":"0","bottom":"20","left":"0","isLinked":false}},"elements":[{"id":"3da8e53b","settings":{"_column_size":100,"_inline_size":null,"padding":{"unit":"px","top":"0","right":"40","bottom":"0","left":"40","isLinked":false},"padding_mobile":{"unit":"px","top":"0","right":"15","bottom":"0","left":"15","isLinked":false}},"elements":[{"id":"70b7c154","settings":{"banner":{"url":"https:\/\/elementor.thembay.com\/puca_smarket2\/wp-content\/uploads\/2017\/12\/banner-51.jpg","id":4519},"banner_link":{"url":"#","is_external":"","nofollow":""},"banner_positions":"right","banner_title":"Collections 2020","banner_des":"Fashion & Collections","categoriestabs":[{"producttabs":"newest","custom_name":"","category":"womens-clothing","nav_menu":"menu-fashion-2","_id":"205edcc","product_type":"newest","title":""},{"producttabs":"on_sale","custom_name":"","category":"mens-clothing","nav_menu":"menu-fashion-2","_id":"4a8fac5","product_type":"on_sale","title":""},{"producttabs":"top_rated","custom_name":"","category":"womens-clothing","nav_menu":"menu-fashion-2","_id":"c948e54","product_type":"best_selling","title":""}],"column":"3","col_desktop":"3"},"elements":[],"isInner":false,"widgetType":"tbay-supermaket2-categoriestabs-3","elType":"widget"}],"isInner":false,"elType":"column"}],"isInner":false,"elType":"section"},{"id":"6051eff1","settings":{"stretch_section":"section-stretched","layout":"full_width","padding_mobile":{"unit":"px","top":"0","right":"0","bottom":"20","left":"0","isLinked":false}},"elements":[{"id":"15802e2c","settings":{"_column_size":100,"_inline_size":null,"padding":{"unit":"px","top":"0","right":"40","bottom":"0","left":"40","isLinked":false},"padding_mobile":{"unit":"px","top":"0","right":"15","bottom":"0","left":"15","isLinked":false}},"elements":[{"id":"6e83006c","settings":{"banner":{"url":"https:\/\/elementor.thembay.com\/puca_smarket2\/wp-content\/uploads\/2017\/12\/banner-52.jpg","id":4520},"banner_link":{"url":"#","is_external":"","nofollow":""},"banner_title":"Collections 2020","banner_des":"Electronics & Accessories","categoriestabs":[{"producttabs":"newest","custom_name":"","category":"smartphone-tablet","nav_menu":"menu-electronic-2","_id":"205edcc","product_type":"newest","title":""},{"producttabs":"on_sale","custom_name":"","category":"apple","nav_menu":"menu-electronic","_id":"4a8fac5","product_type":"on_sale","title":""},{"producttabs":"top_rated","custom_name":"","category":"iphone","nav_menu":"menu-fashion-2","_id":"c948e54","product_type":"best_selling","title":""}],"column":"3","col_desktop":"3"},"elements":[],"isInner":false,"widgetType":"tbay-supermaket2-categoriestabs-3","elType":"widget"}],"isInner":false,"elType":"column"}],"isInner":false,"elType":"section"},{"id":"1a8ad660","settings":{"stretch_section":"section-stretched","layout":"full_width","padding_mobile":{"unit":"px","top":"0","right":"0","bottom":"20","left":"0","isLinked":false}},"elements":[{"id":"6aa9af73","settings":{"_column_size":100,"_inline_size":null,"padding":{"unit":"px","top":"0","right":"40","bottom":"0","left":"40","isLinked":false},"padding_mobile":{"unit":"px","top":"0","right":"15","bottom":"0","left":"15","isLinked":false}},"elements":[{"id":"7c916fee","settings":{"banner":{"url":"https:\/\/elementor.thembay.com\/puca_smarket2\/wp-content\/uploads\/2017\/12\/banner-53.jpg","id":4521},"banner_link":{"url":"#","is_external":"","nofollow":""},"banner_positions":"right","banner_title":"Collections 2020","banner_des":"Watches & Jewelry","categoriestabs":[{"producttabs":"newest","custom_name":"","category":"watches-jewelry","nav_menu":"menu-jewerly-2","_id":"205edcc","product_type":"newest","title":""},{"producttabs":"on_sale","custom_name":"","category":"promotions","nav_menu":"menu-jewerly","_id":"4a8fac5","product_type":"on_sale","title":""},{"producttabs":"top_rated","custom_name":"","category":"watches-jewelry","nav_menu":"menu-electronic","_id":"c948e54","product_type":"top_rated","title":""}],"column":"3","col_desktop":"3"},"elements":[],"isInner":false,"widgetType":"tbay-supermaket2-categoriestabs-3","elType":"widget"}],"isInner":false,"elType":"column"}],"isInner":false,"elType":"section"},{"id":"475cd470","settings":{"stretch_section":"section-stretched","layout":"full_width"},"elements":[{"id":"7a2cbfc1","settings":{"_column_size":100,"_inline_size":null,"padding":{"unit":"px","top":"0","right":"40","bottom":"0","left":"40","isLinked":false},"padding_mobile":{"unit":"px","top":"0","right":"15","bottom":"0","left":"15","isLinked":false}},"elements":[{"id":"a07707b","settings":{"banner":{"url":"https:\/\/elementor.thembay.com\/puca_smarket2\/wp-content\/uploads\/2017\/12\/banner-54.jpg","id":4522},"banner_link":{"url":"#","is_external":"","nofollow":""},"banner_title":"Collections 2020","banner_des":"Home & Furniture","categoriestabs":[{"producttabs":"newest","custom_name":"","category":"home-furniture","nav_menu":"menu-furniture-2","_id":"205edcc","product_type":"newest","title":""},{"producttabs":"on_sale","custom_name":"","category":"health-beauty","nav_menu":"menu-jewerly-2","_id":"4a8fac5","product_type":"on_sale","title":""},{"producttabs":"top_rated","custom_name":"","category":"sports-outdoors","nav_menu":"menu-electronic","_id":"c948e54","product_type":"top_rated","title":""}],"column":"3","col_desktop":"3"},"elements":[],"isInner":false,"widgetType":"tbay-supermaket2-categoriestabs-3","elType":"widget"}],"isInner":false,"elType":"column"}],"isInner":false,"elType":"section"},{"id":"784c72d6","settings":{"stretch_section":"section-stretched","layout":"full_width","padding_mobile":{"unit":"px","top":"0","right":"0","bottom":"20","left":"0","isLinked":false}},"elements":[{"id":"2ace5bbf","settings":{"_column_size":100,"_inline_size":null,"padding":{"unit":"px","top":"0","right":"40","bottom":"0","left":"40","isLinked":false},"padding_mobile":{"unit":"px","top":"0","right":"15","bottom":"0","left":"15","isLinked":false},"border_width":{"unit":"px","top":"1","right":"0","bottom":"0","left":"0","isLinked":false},"border_color":"#F5F5F5"},"elements":[{"id":"6345217c","settings":{"number":16,"column":"8","col_desktop":"8","col_desktopsmall":"4","col_landscape":"4","_css_classes":"style-2row","layout_type":"carousel","column_tablet":"4","rows":"2","navigation":"","disable_mobile":"","_border_border":"solid","_border_width":{"unit":"px","top":"1","right":"0","bottom":"0","left":"0","isLinked":false},"_border_color":"#F5F5F5"},"elements":[],"isInner":false,"widgetType":"tbay-brands","elType":"widget"}],"isInner":false,"elType":"column"}],"isInner":false,"elType":"section"},{"id":"71e08d93","settings":{"stretch_section":"section-stretched","background_background":"classic","background_position":"center center","background_repeat":"no-repeat","background_size":"cover","margin":{"unit":"px","top":"","right":0,"bottom":"","left":0,"isLinked":true},"layout":"full_width","padding":{"unit":"px","top":"0","right":"40","bottom":"0","left":"40","isLinked":false},"padding_mobile":{"unit":"px","top":"0","right":"15","bottom":"20","left":"15","isLinked":false}},"elements":[{"id":"6be9ca3c","settings":{"_column_size":100,"_inline_size":null,"background_background":"classic","background_image":{"url":"https:\/\/elementor.thembay.com\/puca_smarket2\/wp-content\/uploads\/2017\/12\/bg-tesimonial.jpg","id":4447},"background_position":"center center","background_repeat":"no-repeat","background_size":"cover"},"elements":[{"id":"5bae30bd","settings":{"column":"1","col_desktop":"1","col_desktopsmall":"1","col_landscape":"1","navigation":"","pagination":"yes","column_tablet":"1","column_mobile":"1","disable_mobile":""},"elements":[],"isInner":false,"widgetType":"tbay-testimonials","elType":"widget"}],"isInner":false,"elType":"column"}],"isInner":false,"elType":"section"},{"id":"422453e","settings":{"stretch_section":"section-stretched","layout":"full_width","gap":"no","structure":"33","padding":{"unit":"px","top":"0","right":"40","bottom":"0","left":"40","isLinked":false},"css_classes":"newsletter-wrapper","margin_mobile":{"unit":"px","top":"0","right":0,"bottom":"0","left":0,"isLinked":false},"padding_mobile":{"unit":"px","top":"0","right":"0","bottom":"0","left":"0","isLinked":false}},"elements":[{"id":"45ab141b","settings":{"_column_size":25,"_inline_size":null,"css_classes":"has-min","hide_tablet":"hidden-tablet","hide_mobile":"hidden-phone"},"elements":[{"id":"51660934","settings":{"number":9684,"title":"FACEBOOK","selected_icon":{"value":"icon- icon-social-facebook","library":"simple-line-icons"},"tag":"#NicoshopStore"},"elements":[],"isInner":false,"widgetType":"tbay-supermaket2-counter","elType":"widget"}],"isInner":false,"elType":"column"},{"id":"214e9cdf","settings":{"_column_size":50,"_inline_size":null,"css_classes":"has-min","_inline_size_tablet":100},"elements":[{"id":"3d069f4e","settings":{"heading_title":"SIGN UP FOR NEWSLETTER","heading_description":"Subscribe to the Stylenium mailing list to receive updates on new arrivals, special offers and other discount information.","_css_classes":"style-2","_background_background":"classic","_background_image":{"url":"https:\/\/elementor.thembay.com\/puca_smarket2\/wp-content\/uploads\/2018\/01\/bg-newsletter.jpg","id":4713},"_background_position":"center center","_background_repeat":"no-repeat","_background_size":"cover","_padding_mobile":{"unit":"px","top":"30","right":"0","bottom":"0","left":"0","isLinked":false}},"elements":[],"isInner":false,"widgetType":"tbay-newsletter","elType":"widget"}],"isInner":false,"elType":"column"},{"id":"5c0b4852","settings":{"_column_size":25,"_inline_size":null,"css_classes":"has-min","hide_tablet":"hidden-tablet","hide_mobile":"hidden-phone"},"elements":[{"id":"7e52f91c","settings":{"number":2631,"title":"TWITTER","selected_icon":{"value":"icon- icon-social-twitter","library":"simple-line-icons"},"tag":"#NicoshopStore","tag_link":{"url":"#","is_external":true,"nofollow":true},"counter_bg":"#36B9FF"},"elements":[],"isInner":false,"widgetType":"tbay-supermaket2-counter","elType":"widget"}],"isInner":false,"elType":"column"}],"isInner":false,"elType":"section"}]}