{"version":"0.4","title":"Template &#8211; Home 1","type":"page","content":[{"id":"1bd1fb91","settings":{"padding":{"unit":"px","top":"0","right":"0","bottom":"30","left":"0","isLinked":false},"gap":"no"},"elements":[{"id":"6795f2a1","settings":{"_column_size":100,"_inline_size":null},"elements":[{"id":"b83ee56","settings":{"revslidertitle":"Home 1","shortcode":"[rev_slider alias=\"home1\"][\/rev_slider]"},"elements":[],"isInner":false,"widgetType":"slider_revolution","elType":"widget"},{"id":"58559804","settings":{"styles":"style1","features":[{"feature_title":"Worldwide Delivery","feature_desc":"With sites in 5 languages, we ship to over 200 countries & regions.","feature_type":"image","selected_icon":{"value":"linear-icon-gift","library":"linear-icon"},"type_image":{"url":"https:\/\/elementor.thembay.com\/puca_smarket2\/wp-content\/uploads\/2017\/12\/shipping.png","id":4129},"feature_margin_icon":{"unit":"px","top":"","right":"","bottom":"","left":"","isLinked":true},"feature_margin_icon_tablet":{"unit":"px","top":"","right":"","bottom":"","left":"","isLinked":true},"feature_margin_icon_mobile":{"unit":"px","top":"","right":"","bottom":"","left":"","isLinked":true},"_id":"1794748"},{"feature_title":"Safe Payment","feature_desc":"Pay with the world\u2019s most popular and secure payment methods.","feature_type":"image","selected_icon":{"value":"linear-icon-gift","library":"linear-icon"},"type_image":{"url":"https:\/\/elementor.thembay.com\/puca_smarket2\/wp-content\/uploads\/2017\/12\/payment-1.png","id":4128},"feature_margin_icon":{"unit":"px","top":"","right":"","bottom":"","left":"","isLinked":true},"feature_margin_icon_tablet":{"unit":"px","top":"","right":"","bottom":"","left":"","isLinked":true},"feature_margin_icon_mobile":{"unit":"px","top":"","right":"","bottom":"","left":"","isLinked":true},"_id":"b0e360a"},{"feature_title":"24\/7 Help Center","feature_desc":"Round-the-clock assistance for a smooth shopping experience.","feature_type":"image","selected_icon":{"value":"linear-icon-gift","library":"linear-icon"},"type_image":{"url":"https:\/\/elementor.thembay.com\/puca_smarket2\/wp-content\/uploads\/2017\/12\/contact.png","id":4127},"feature_margin_icon":{"unit":"px","top":"","right":"","bottom":"","left":"","isLinked":true},"feature_margin_icon_tablet":{"unit":"px","top":"","right":"","bottom":"","left":"","isLinked":true},"feature_margin_icon_mobile":{"unit":"px","top":"","right":"","bottom":"","left":"","isLinked":true},"_id":"af18ec1"}],"_margin":{"unit":"px","top":"-60","right":"0","bottom":"0","left":"0","isLinked":false},"hide_mobile":"hidden-phone"},"elements":[],"isInner":false,"widgetType":"tbay-features","elType":"widget"}],"isInner":false,"elType":"column"}],"isInner":false,"elType":"section"},{"id":"3b088bc0","settings":{"padding":{"unit":"px","top":"0","right":"0","bottom":"70","left":"0","isLinked":false},"gap":"no","padding_mobile":{"unit":"px","top":"0","right":"0","bottom":"10","left":"0","isLinked":false}},"elements":[{"id":"655245c1","settings":{"_column_size":100,"_inline_size":null},"elements":[{"id":"3b39b293","settings":{"heading_title":"DAILY DEAL","layout_type":"inner-countdownvertical","products":["2278","2359","2362","2367"],"column":"2","col_desktop":"2","navigation":"","pagination":"yes","column_tablet":"1","col_landscape":"1","col_desktopsmall":"1"},"elements":[],"isInner":false,"widgetType":"tbay-product-count-down","elType":"widget"}],"isInner":false,"elType":"column"}],"isInner":false,"elType":"section"},{"id":"3fd2cf62","settings":{"gap":"no","padding_mobile":{"unit":"px","top":"0","right":"0","bottom":"20","left":"0","isLinked":false}},"elements":[{"id":"11bfca90","settings":{"_column_size":100,"_inline_size":null},"elements":[{"id":"4a33aa24","settings":{"align":"left","heading_title":"FASHION COLLECTIONS","categoriestabs":[{"product_type":"newest","title":"","category":"health-beauty","nav_menu":"menu-fashion","banner":{"url":"https:\/\/elementor.thembay.com\/puca_smarket2\/wp-content\/uploads\/2017\/12\/banner-1.jpg","id":4220},"banner_link":{"url":"#","is_external":"","nofollow":""},"gallerys":[{"id":4228,"url":"https:\/\/elementor.thembay.com\/puca_smarket2\/wp-content\/uploads\/2017\/12\/gallery-1.png"},{"id":4229,"url":"https:\/\/elementor.thembay.com\/puca_smarket2\/wp-content\/uploads\/2017\/12\/gallery-2.png"},{"id":4230,"url":"https:\/\/elementor.thembay.com\/puca_smarket2\/wp-content\/uploads\/2017\/12\/gallery-3.png"},{"id":4231,"url":"https:\/\/elementor.thembay.com\/puca_smarket2\/wp-content\/uploads\/2017\/12\/gallery-4.png"},{"id":4232,"url":"https:\/\/elementor.thembay.com\/puca_smarket2\/wp-content\/uploads\/2017\/12\/gallery-5.png"},{"id":4233,"url":"https:\/\/elementor.thembay.com\/puca_smarket2\/wp-content\/uploads\/2017\/12\/gallery-6.png"}],"_id":"5463f59"},{"product_type":"featured","title":"","category":"womens-clothing","nav_menu":"menu-furniture","banner":{"url":"https:\/\/elementor.thembay.com\/puca_smarket2\/wp-content\/uploads\/2017\/12\/banner-2.jpg","id":4221},"banner_link":{"url":"#","is_external":"","nofollow":""},"gallerys":[{"id":4230,"url":"https:\/\/elementor.thembay.com\/puca_smarket2\/wp-content\/uploads\/2017\/12\/gallery-3.png"},{"id":4228,"url":"https:\/\/elementor.thembay.com\/puca_smarket2\/wp-content\/uploads\/2017\/12\/gallery-1.png"},{"id":4233,"url":"https:\/\/elementor.thembay.com\/puca_smarket2\/wp-content\/uploads\/2017\/12\/gallery-6.png"},{"id":4231,"url":"https:\/\/elementor.thembay.com\/puca_smarket2\/wp-content\/uploads\/2017\/12\/gallery-4.png"},{"id":4229,"url":"https:\/\/elementor.thembay.com\/puca_smarket2\/wp-content\/uploads\/2017\/12\/gallery-2.png"},{"id":4232,"url":"https:\/\/elementor.thembay.com\/puca_smarket2\/wp-content\/uploads\/2017\/12\/gallery-5.png"}],"_id":"781500b"},{"product_type":"best_selling","title":"","category":"mens-clothing","nav_menu":"menu-furniture","banner":{"url":"https:\/\/elementor.thembay.com\/puca_smarket2\/wp-content\/uploads\/2017\/12\/banner-3.jpg","id":4222},"banner_link":{"url":"#","is_external":"","nofollow":""},"gallerys":[{"id":4228,"url":"https:\/\/elementor.thembay.com\/puca_smarket2\/wp-content\/uploads\/2017\/12\/gallery-1.png"},{"id":4229,"url":"https:\/\/elementor.thembay.com\/puca_smarket2\/wp-content\/uploads\/2017\/12\/gallery-2.png"},{"id":4233,"url":"https:\/\/elementor.thembay.com\/puca_smarket2\/wp-content\/uploads\/2017\/12\/gallery-6.png"},{"id":4231,"url":"https:\/\/elementor.thembay.com\/puca_smarket2\/wp-content\/uploads\/2017\/12\/gallery-4.png"},{"id":4232,"url":"https:\/\/elementor.thembay.com\/puca_smarket2\/wp-content\/uploads\/2017\/12\/gallery-5.png"},{"id":4230,"url":"https:\/\/elementor.thembay.com\/puca_smarket2\/wp-content\/uploads\/2017\/12\/gallery-3.png"}],"_id":"ec08932"},{"product_type":"top_rated","title":"","category":"jackets","nav_menu":"menu-jewerly","banner":{"url":"https:\/\/elementor.thembay.com\/puca_smarket2\/wp-content\/uploads\/2017\/12\/banner-4.jpg","id":4223},"banner_link":{"url":"#","is_external":"","nofollow":""},"gallerys":[{"id":4232,"url":"https:\/\/elementor.thembay.com\/puca_smarket2\/wp-content\/uploads\/2017\/12\/gallery-5.png"},{"id":4230,"url":"https:\/\/elementor.thembay.com\/puca_smarket2\/wp-content\/uploads\/2017\/12\/gallery-3.png"},{"id":4229,"url":"https:\/\/elementor.thembay.com\/puca_smarket2\/wp-content\/uploads\/2017\/12\/gallery-2.png"},{"id":4233,"url":"https:\/\/elementor.thembay.com\/puca_smarket2\/wp-content\/uploads\/2017\/12\/gallery-6.png"},{"id":4228,"url":"https:\/\/elementor.thembay.com\/puca_smarket2\/wp-content\/uploads\/2017\/12\/gallery-1.png"},{"id":4231,"url":"https:\/\/elementor.thembay.com\/puca_smarket2\/wp-content\/uploads\/2017\/12\/gallery-4.png"}],"_id":"0cd24a8"}],"col_desktopsmall":"3"},"elements":[],"isInner":false,"widgetType":"tbay-supermaket2-categoriestabs","elType":"widget"}],"isInner":false,"elType":"column"}],"isInner":false,"elType":"section"},{"id":"5f4f58fb","settings":{"padding":{"unit":"px","top":"20","right":"0","bottom":"20","left":"0","isLinked":false},"gap":"no","padding_mobile":{"unit":"px","top":"0","right":"0","bottom":"10","left":"0","isLinked":false}},"elements":[{"id":"63fa5d2","settings":{"_column_size":100,"_inline_size":null},"elements":[{"id":"239f5d90","settings":{"align":"left","heading_title":"WATCHES & JEWELRY","categoriestabs":[{"product_type":"newest","title":"","category":"watches-jewelry","nav_menu":"menu-jewerly","banner":{"url":"https:\/\/elementor.thembay.com\/puca_smarket2\/wp-content\/uploads\/2017\/12\/banner-5.jpg","id":4224},"banner_link":{"url":"#","is_external":"","nofollow":""},"gallerys":[{"id":4228,"url":"https:\/\/elementor.thembay.com\/puca_smarket2\/wp-content\/uploads\/2017\/12\/gallery-1.png"},{"id":4229,"url":"https:\/\/elementor.thembay.com\/puca_smarket2\/wp-content\/uploads\/2017\/12\/gallery-2.png"},{"id":4230,"url":"https:\/\/elementor.thembay.com\/puca_smarket2\/wp-content\/uploads\/2017\/12\/gallery-3.png"},{"id":4231,"url":"https:\/\/elementor.thembay.com\/puca_smarket2\/wp-content\/uploads\/2017\/12\/gallery-4.png"},{"id":4232,"url":"https:\/\/elementor.thembay.com\/puca_smarket2\/wp-content\/uploads\/2017\/12\/gallery-5.png"},{"id":4233,"url":"https:\/\/elementor.thembay.com\/puca_smarket2\/wp-content\/uploads\/2017\/12\/gallery-6.png"}],"_id":"5463f59"},{"product_type":"featured","title":"","category":"apple","nav_menu":"menu-fashion","banner":{"url":"https:\/\/elementor.thembay.com\/puca_smarket2\/wp-content\/uploads\/2017\/12\/banner-2.jpg","id":4221},"banner_link":{"url":"#","is_external":"","nofollow":""},"gallerys":[{"id":4228,"url":"https:\/\/elementor.thembay.com\/puca_smarket2\/wp-content\/uploads\/2017\/12\/gallery-1.png"},{"id":4229,"url":"https:\/\/elementor.thembay.com\/puca_smarket2\/wp-content\/uploads\/2017\/12\/gallery-2.png"},{"id":4233,"url":"https:\/\/elementor.thembay.com\/puca_smarket2\/wp-content\/uploads\/2017\/12\/gallery-6.png"},{"id":4231,"url":"https:\/\/elementor.thembay.com\/puca_smarket2\/wp-content\/uploads\/2017\/12\/gallery-4.png"},{"id":4232,"url":"https:\/\/elementor.thembay.com\/puca_smarket2\/wp-content\/uploads\/2017\/12\/gallery-5.png"},{"id":4230,"url":"https:\/\/elementor.thembay.com\/puca_smarket2\/wp-content\/uploads\/2017\/12\/gallery-3.png"}],"_id":"781500b"},{"product_type":"best_selling","title":"","category":"tops","nav_menu":"menu-furniture","banner":{"url":"https:\/\/elementor.thembay.com\/puca_smarket2\/wp-content\/uploads\/2017\/12\/banner-3.jpg","id":4222},"banner_link":{"url":"#","is_external":"","nofollow":""},"gallerys":[{"id":4228,"url":"https:\/\/elementor.thembay.com\/puca_smarket2\/wp-content\/uploads\/2017\/12\/gallery-1.png"},{"id":4229,"url":"https:\/\/elementor.thembay.com\/puca_smarket2\/wp-content\/uploads\/2017\/12\/gallery-2.png"},{"id":4233,"url":"https:\/\/elementor.thembay.com\/puca_smarket2\/wp-content\/uploads\/2017\/12\/gallery-6.png"},{"id":4231,"url":"https:\/\/elementor.thembay.com\/puca_smarket2\/wp-content\/uploads\/2017\/12\/gallery-4.png"},{"id":4232,"url":"https:\/\/elementor.thembay.com\/puca_smarket2\/wp-content\/uploads\/2017\/12\/gallery-5.png"},{"id":4230,"url":"https:\/\/elementor.thembay.com\/puca_smarket2\/wp-content\/uploads\/2017\/12\/gallery-3.png"}],"_id":"ec08932"},{"product_type":"top_rated","title":"","category":"promotions","nav_menu":"menu-fashion","banner":{"url":"https:\/\/elementor.thembay.com\/puca_smarket2\/wp-content\/uploads\/2017\/12\/banner-4.jpg","id":4223},"banner_link":{"url":"#","is_external":"","nofollow":""},"gallerys":[{"id":4231,"url":"https:\/\/elementor.thembay.com\/puca_smarket2\/wp-content\/uploads\/2017\/12\/gallery-4.png"},{"id":4229,"url":"https:\/\/elementor.thembay.com\/puca_smarket2\/wp-content\/uploads\/2017\/12\/gallery-2.png"},{"id":4228,"url":"https:\/\/elementor.thembay.com\/puca_smarket2\/wp-content\/uploads\/2017\/12\/gallery-1.png"},{"id":4233,"url":"https:\/\/elementor.thembay.com\/puca_smarket2\/wp-content\/uploads\/2017\/12\/gallery-6.png"},{"id":4232,"url":"https:\/\/elementor.thembay.com\/puca_smarket2\/wp-content\/uploads\/2017\/12\/gallery-5.png"},{"id":4230,"url":"https:\/\/elementor.thembay.com\/puca_smarket2\/wp-content\/uploads\/2017\/12\/gallery-3.png"}],"_id":"0cd24a8"}],"col_desktopsmall":"3"},"elements":[],"isInner":false,"widgetType":"tbay-supermaket2-categoriestabs","elType":"widget"}],"isInner":false,"elType":"column"}],"isInner":false,"elType":"section"},{"id":"4ea302d9","settings":{"structure":"33","gap":"no","hide_tablet":"hidden-tablet","hide_mobile":"hidden-phone"},"elements":[{"id":"1cfaa8f5","settings":{"_column_size":25,"_inline_size":null,"margin":{"unit":"px","top":"0","right":"0","bottom":"30","left":"0","isLinked":false}},"elements":[{"id":"5f3ddc1f","settings":{"image":{"url":"https:\/\/elementor.thembay.com\/puca_smarket2\/wp-content\/uploads\/2017\/12\/banne_mid1.jpg","id":4279},"image_size":"full","link_to":"custom","link":{"url":"#","is_external":"","nofollow":""},"align":"left"},"elements":[],"isInner":false,"widgetType":"image","elType":"widget"}],"isInner":false,"elType":"column"},{"id":"766df6d6","settings":{"_column_size":50,"_inline_size":null,"margin":{"unit":"px","top":"0","right":"0","bottom":"30","left":"0","isLinked":false}},"elements":[{"id":"559d21ec","settings":{"image":{"url":"https:\/\/elementor.thembay.com\/puca_smarket2\/wp-content\/uploads\/2017\/12\/banne_mid2.jpg","id":4280},"image_size":"full","link_to":"custom","link":{"url":"#","is_external":"","nofollow":""}},"elements":[],"isInner":false,"widgetType":"image","elType":"widget"}],"isInner":false,"elType":"column"},{"id":"7ce8fb15","settings":{"_column_size":25,"_inline_size":null},"elements":[{"id":"5c9594c2","settings":{"image":{"url":"https:\/\/elementor.thembay.com\/puca_smarket2\/wp-content\/uploads\/2017\/12\/banne_mid3.jpg","id":4281},"image_size":"full","link_to":"custom","link":{"url":"#","is_external":"","nofollow":""},"_margin":{"unit":"px","top":"0","right":"0","bottom":"30","left":"0","isLinked":false},"align":"right"},"elements":[],"isInner":false,"widgetType":"image","elType":"widget"}],"isInner":false,"elType":"column"}],"isInner":false,"elType":"section"},{"id":"2b66fb73","settings":{"structure":"20","padding":{"unit":"px","top":"0","right":"0","bottom":"30","left":"0","isLinked":false},"gap":"no","padding_tablet":{"unit":"px","top":"0","right":"0","bottom":"0","left":"0","isLinked":false}},"elements":[{"id":"1ff9e65f","settings":{"_column_size":50,"_inline_size":null,"padding_tablet":{"unit":"px","top":"0","right":"15","bottom":"0","left":"0","isLinked":false},"padding_mobile":{"unit":"px","top":"0","right":"0","bottom":"0","left":"0","isLinked":false}},"elements":[{"id":"2478b096","settings":{"image":{"url":"https:\/\/elementor.thembay.com\/puca_smarket2\/wp-content\/uploads\/2017\/12\/banne_mid4.jpg","id":4282},"image_size":"full","link_to":"custom","link":{"url":"#","is_external":"","nofollow":""},"align":"left","align_mobile":"center"},"elements":[],"isInner":false,"widgetType":"image","elType":"widget"}],"isInner":false,"elType":"column"},{"id":"24597489","settings":{"_column_size":50,"_inline_size":null},"elements":[{"id":"493460e8","settings":{"image":{"url":"https:\/\/elementor.thembay.com\/puca_smarket2\/wp-content\/uploads\/2017\/12\/banne_mid5.jpg","id":4283},"image_size":"full","link_to":"custom","link":{"url":"#","is_external":"","nofollow":""},"align":"right","_padding_tablet":{"unit":"px","top":"0","right":"0","bottom":"0","left":"15","isLinked":false},"_padding_mobile":{"unit":"px","top":"0","right":"0","bottom":"0","left":"0","isLinked":false},"align_mobile":"center"},"elements":[],"isInner":false,"widgetType":"image","elType":"widget"}],"isInner":false,"elType":"column"}],"isInner":false,"elType":"section"},{"id":"30c88bef","settings":{"padding":{"unit":"px","top":"20","right":"0","bottom":"20","left":"0","isLinked":false},"gap":"no","padding_mobile":{"unit":"px","top":"20","right":"0","bottom":"20","left":"0","isLinked":false},"_title":"Section"},"elements":[{"id":"67c2070f","settings":{"_column_size":100,"_inline_size":null},"elements":[{"id":"7d0d39df","settings":{"align":"left","heading_title":"ELECTRONICS & ACCESSORIES","categoriestabs":[{"product_type":"newest","title":"","category":"computer-office","nav_menu":"menu-electronic","banner":{"url":"https:\/\/elementor.thembay.com\/puca_smarket2\/wp-content\/uploads\/2017\/12\/banner-6.jpg","id":4225},"banner_link":{"url":"#","is_external":"","nofollow":""},"gallerys":[{"id":4233,"url":"https:\/\/elementor.thembay.com\/puca_smarket2\/wp-content\/uploads\/2017\/12\/gallery-6.png"},{"id":4228,"url":"https:\/\/elementor.thembay.com\/puca_smarket2\/wp-content\/uploads\/2017\/12\/gallery-1.png"},{"id":4230,"url":"https:\/\/elementor.thembay.com\/puca_smarket2\/wp-content\/uploads\/2017\/12\/gallery-3.png"},{"id":4231,"url":"https:\/\/elementor.thembay.com\/puca_smarket2\/wp-content\/uploads\/2017\/12\/gallery-4.png"},{"id":4232,"url":"https:\/\/elementor.thembay.com\/puca_smarket2\/wp-content\/uploads\/2017\/12\/gallery-5.png"},{"id":4229,"url":"https:\/\/elementor.thembay.com\/puca_smarket2\/wp-content\/uploads\/2017\/12\/gallery-2.png"}],"_id":"5463f59"},{"product_type":"featured","title":"","category":"smartphone-tablet","nav_menu":"menu-fashion","banner":{"url":"https:\/\/elementor.thembay.com\/puca_smarket2\/wp-content\/uploads\/2017\/12\/banner-6.jpg","id":4225},"banner_link":{"url":"#","is_external":"","nofollow":""},"gallerys":[{"id":4228,"url":"https:\/\/elementor.thembay.com\/puca_smarket2\/wp-content\/uploads\/2017\/12\/gallery-1.png"},{"id":4229,"url":"https:\/\/elementor.thembay.com\/puca_smarket2\/wp-content\/uploads\/2017\/12\/gallery-2.png"},{"id":4233,"url":"https:\/\/elementor.thembay.com\/puca_smarket2\/wp-content\/uploads\/2017\/12\/gallery-6.png"},{"id":4231,"url":"https:\/\/elementor.thembay.com\/puca_smarket2\/wp-content\/uploads\/2017\/12\/gallery-4.png"},{"id":4232,"url":"https:\/\/elementor.thembay.com\/puca_smarket2\/wp-content\/uploads\/2017\/12\/gallery-5.png"},{"id":4230,"url":"https:\/\/elementor.thembay.com\/puca_smarket2\/wp-content\/uploads\/2017\/12\/gallery-3.png"}],"_id":"781500b"},{"product_type":"best_selling","title":"","category":"iphone","nav_menu":"menu-furniture","banner":{"url":"https:\/\/elementor.thembay.com\/puca_smarket2\/wp-content\/uploads\/2017\/12\/banner-3.jpg","id":4222},"banner_link":{"url":"#","is_external":"","nofollow":""},"gallerys":[{"id":4228,"url":"https:\/\/elementor.thembay.com\/puca_smarket2\/wp-content\/uploads\/2017\/12\/gallery-1.png"},{"id":4229,"url":"https:\/\/elementor.thembay.com\/puca_smarket2\/wp-content\/uploads\/2017\/12\/gallery-2.png"},{"id":4233,"url":"https:\/\/elementor.thembay.com\/puca_smarket2\/wp-content\/uploads\/2017\/12\/gallery-6.png"},{"id":4231,"url":"https:\/\/elementor.thembay.com\/puca_smarket2\/wp-content\/uploads\/2017\/12\/gallery-4.png"},{"id":4232,"url":"https:\/\/elementor.thembay.com\/puca_smarket2\/wp-content\/uploads\/2017\/12\/gallery-5.png"},{"id":4230,"url":"https:\/\/elementor.thembay.com\/puca_smarket2\/wp-content\/uploads\/2017\/12\/gallery-3.png"}],"_id":"ec08932"},{"product_type":"top_rated","title":"","category":"apple","nav_menu":"menu-fashion","banner":{"url":"https:\/\/elementor.thembay.com\/puca_smarket2\/wp-content\/uploads\/2017\/12\/banner-2.jpg","id":4221},"banner_link":{"url":"#","is_external":"","nofollow":""},"gallerys":[{"id":4231,"url":"https:\/\/elementor.thembay.com\/puca_smarket2\/wp-content\/uploads\/2017\/12\/gallery-4.png"},{"id":4229,"url":"https:\/\/elementor.thembay.com\/puca_smarket2\/wp-content\/uploads\/2017\/12\/gallery-2.png"},{"id":4228,"url":"https:\/\/elementor.thembay.com\/puca_smarket2\/wp-content\/uploads\/2017\/12\/gallery-1.png"},{"id":4233,"url":"https:\/\/elementor.thembay.com\/puca_smarket2\/wp-content\/uploads\/2017\/12\/gallery-6.png"},{"id":4232,"url":"https:\/\/elementor.thembay.com\/puca_smarket2\/wp-content\/uploads\/2017\/12\/gallery-5.png"},{"id":4230,"url":"https:\/\/elementor.thembay.com\/puca_smarket2\/wp-content\/uploads\/2017\/12\/gallery-3.png"}],"_id":"0cd24a8"}],"col_desktopsmall":"3"},"elements":[],"isInner":false,"widgetType":"tbay-supermaket2-categoriestabs","elType":"widget"}],"isInner":false,"elType":"column"}],"isInner":false,"elType":"section"},{"id":"2458918","settings":{"padding":{"unit":"px","top":"0","right":"0","bottom":"20","left":"0","isLinked":false},"gap":"no","padding_mobile":{"unit":"px","top":"0","right":"0","bottom":"40","left":"0","isLinked":false}},"elements":[{"id":"2708bca4","settings":{"_column_size":100,"_inline_size":null},"elements":[{"id":"50a4b9df","settings":{"align":"left","heading_title":"HOME & FURNITURE","categoriestabs":[{"product_type":"newest","title":"","category":"home-furniture","nav_menu":"menu-electronic","banner":{"url":"https:\/\/elementor.thembay.com\/puca_smarket2\/wp-content\/uploads\/2017\/12\/banner-8.jpg","id":4227},"banner_link":{"url":"#","is_external":"","nofollow":""},"gallerys":[{"id":4232,"url":"https:\/\/elementor.thembay.com\/puca_smarket2\/wp-content\/uploads\/2017\/12\/gallery-5.png"},{"id":4233,"url":"https:\/\/elementor.thembay.com\/puca_smarket2\/wp-content\/uploads\/2017\/12\/gallery-6.png"},{"id":4230,"url":"https:\/\/elementor.thembay.com\/puca_smarket2\/wp-content\/uploads\/2017\/12\/gallery-3.png"},{"id":4229,"url":"https:\/\/elementor.thembay.com\/puca_smarket2\/wp-content\/uploads\/2017\/12\/gallery-2.png"},{"id":4228,"url":"https:\/\/elementor.thembay.com\/puca_smarket2\/wp-content\/uploads\/2017\/12\/gallery-1.png"},{"id":4231,"url":"https:\/\/elementor.thembay.com\/puca_smarket2\/wp-content\/uploads\/2017\/12\/gallery-4.png"}],"_id":"5463f59"},{"product_type":"featured","title":"","category":"health-beauty","nav_menu":"menu-electronic","banner":{"url":"https:\/\/elementor.thembay.com\/puca_smarket2\/wp-content\/uploads\/2017\/12\/banner-1.jpg","id":4220},"banner_link":{"url":"#","is_external":"","nofollow":""},"gallerys":[{"id":4228,"url":"https:\/\/elementor.thembay.com\/puca_smarket2\/wp-content\/uploads\/2017\/12\/gallery-1.png"},{"id":4229,"url":"https:\/\/elementor.thembay.com\/puca_smarket2\/wp-content\/uploads\/2017\/12\/gallery-2.png"},{"id":4233,"url":"https:\/\/elementor.thembay.com\/puca_smarket2\/wp-content\/uploads\/2017\/12\/gallery-6.png"},{"id":4231,"url":"https:\/\/elementor.thembay.com\/puca_smarket2\/wp-content\/uploads\/2017\/12\/gallery-4.png"},{"id":4232,"url":"https:\/\/elementor.thembay.com\/puca_smarket2\/wp-content\/uploads\/2017\/12\/gallery-5.png"},{"id":4230,"url":"https:\/\/elementor.thembay.com\/puca_smarket2\/wp-content\/uploads\/2017\/12\/gallery-3.png"}],"_id":"781500b"},{"product_type":"top_rated","title":"","category":"apple","nav_menu":"menu-fashion","banner":{"url":"https:\/\/elementor.thembay.com\/puca_smarket2\/wp-content\/uploads\/2017\/12\/banner-2.jpg","id":4221},"banner_link":{"url":"#","is_external":"","nofollow":""},"gallerys":[{"id":4231,"url":"https:\/\/elementor.thembay.com\/puca_smarket2\/wp-content\/uploads\/2017\/12\/gallery-4.png"},{"id":4229,"url":"https:\/\/elementor.thembay.com\/puca_smarket2\/wp-content\/uploads\/2017\/12\/gallery-2.png"},{"id":4228,"url":"https:\/\/elementor.thembay.com\/puca_smarket2\/wp-content\/uploads\/2017\/12\/gallery-1.png"},{"id":4233,"url":"https:\/\/elementor.thembay.com\/puca_smarket2\/wp-content\/uploads\/2017\/12\/gallery-6.png"},{"id":4232,"url":"https:\/\/elementor.thembay.com\/puca_smarket2\/wp-content\/uploads\/2017\/12\/gallery-5.png"},{"id":4230,"url":"https:\/\/elementor.thembay.com\/puca_smarket2\/wp-content\/uploads\/2017\/12\/gallery-3.png"}],"_id":"0cd24a8"},{"product_type":"best_selling","title":"","category":"iphone","nav_menu":"menu-furniture","banner":{"url":"https:\/\/elementor.thembay.com\/puca_smarket2\/wp-content\/uploads\/2017\/12\/banner-3.jpg","id":4222},"banner_link":{"url":"#","is_external":"","nofollow":""},"gallerys":[{"id":4228,"url":"https:\/\/elementor.thembay.com\/puca_smarket2\/wp-content\/uploads\/2017\/12\/gallery-1.png"},{"id":4229,"url":"https:\/\/elementor.thembay.com\/puca_smarket2\/wp-content\/uploads\/2017\/12\/gallery-2.png"},{"id":4233,"url":"https:\/\/elementor.thembay.com\/puca_smarket2\/wp-content\/uploads\/2017\/12\/gallery-6.png"},{"id":4231,"url":"https:\/\/elementor.thembay.com\/puca_smarket2\/wp-content\/uploads\/2017\/12\/gallery-4.png"},{"id":4232,"url":"https:\/\/elementor.thembay.com\/puca_smarket2\/wp-content\/uploads\/2017\/12\/gallery-5.png"},{"id":4230,"url":"https:\/\/elementor.thembay.com\/puca_smarket2\/wp-content\/uploads\/2017\/12\/gallery-3.png"}],"_id":"ec08932"}],"col_desktopsmall":"3"},"elements":[],"isInner":false,"widgetType":"tbay-supermaket2-categoriestabs","elType":"widget"}],"isInner":false,"elType":"column"}],"isInner":false,"elType":"section"},{"id":"441b853e","settings":{"padding":{"unit":"px","top":"70","right":"0","bottom":"0","left":"0","isLinked":false},"gap":"no","padding_mobile":{"unit":"px","top":"0","right":"0","bottom":"20","left":"0","isLinked":false}},"elements":[{"id":"65c558ac","settings":{"_column_size":100,"_inline_size":null},"elements":[{"id":"58d929b3","settings":{"heading_title":"LASTEST BLOG","column":"2","col_desktop":"2","navigation":"","pagination":"yes","column_tablet":"1","col_landscape":"1","limit":4,"column_mobile":"1"},"elements":[],"isInner":false,"widgetType":"tbay-posts-grid","elType":"widget"}],"isInner":false,"elType":"column"}],"isInner":false,"elType":"section"}]}