{"version":"0.4","title":"Template &#8211; Footer-v1","type":"page","content":[{"id":"68d5f75a","settings":{"stretch_section":"section-stretched","background_background":"classic","background_color":"#F5F5F5"},"elements":[{"id":"2d8758c6","settings":{"_column_size":100,"_inline_size":null},"elements":[{"id":"22740a9","settings":{"number":8,"layout_type":"carousel","column":"6","col_desktop":"6","col_desktopsmall":"4","col_landscape":"4","column_tablet":"4","column_mobile":"2","disable_mobile":""},"elements":[],"isInner":false,"widgetType":"tbay-brands","elType":"widget"}],"isInner":false,"elType":"column"}],"isInner":false,"elType":"section"},{"id":"5c221973","settings":{"structure":"34","padding":{"unit":"px","top":"50","right":"0","bottom":"50","left":"0","isLinked":false}},"elements":[{"id":"5f20d3e2","settings":{"_column_size":16,"_inline_size":null},"elements":[],"isInner":false,"elType":"column"},{"id":"c973a33","settings":{"_column_size":66,"_inline_size":null},"elements":[{"id":"1569890b","settings":{"heading_title":"Sign Up For Newsletter","heading_description":"Subscribe to the Stylenium mailing list to receive updates on new arrivals, special offers and other discount information."},"elements":[],"isInner":false,"widgetType":"tbay-newsletter","elType":"widget"}],"isInner":false,"elType":"column"},{"id":"76f5a121","settings":{"_column_size":16,"_inline_size":null},"elements":[],"isInner":false,"elType":"column"}],"isInner":false,"elType":"section"},{"id":"20ea487a","settings":{"stretch_section":"section-stretched","layout":"full_width","gap":"no"},"elements":[{"id":"209c982e","settings":{"_column_size":100,"_inline_size":null,"padding_mobile":{"unit":"px","top":"0","right":"10","bottom":"0","left":"10","isLinked":false}},"elements":[{"id":"749b4494","settings":{"username":"superette_wellington","limit":12,"layout_type":"carousel","column":"8","col_desktop":"8","col_desktopsmall":"6","col_landscape":"4","item_spacing":{"unit":"px","size":0,"sizes":[]},"column_tablet":"5","disable_mobile":""},"elements":[],"isInner":false,"widgetType":"tbay-instagram","elType":"widget"}],"isInner":false,"elType":"column"}],"isInner":false,"elType":"section"},{"id":"7a7b58e5","settings":{"background_background":"classic","background_color":"#F61565","color_text":"#FFFFFF","stretch_section":"section-stretched"},"elements":[{"id":"2b404feb","settings":{"_column_size":100,"_inline_size":null,"padding_mobile":{"unit":"px","top":"0","right":"10","bottom":"0","left":"10","isLinked":false}},"elements":[{"id":"6fc169ab","settings":{"features":[{"feature_title":"Call us","feature_desc":"(+88) 0123 456 789","feature_type":"icon","selected_icon":{"value":"icon- icon-call-in","library":"simple-line-icons"},"type_image":{"url":"","id":""},"feature_margin_icon":{"unit":"px","top":"","right":"","bottom":"","left":"","isLinked":true},"feature_margin_icon_tablet":{"unit":"px","top":"","right":"","bottom":"","left":"","isLinked":true},"feature_margin_icon_mobile":{"unit":"px","top":"","right":"","bottom":"","left":"","isLinked":true},"_id":"d367c1a"},{"feature_title":"ADDRESS","feature_desc":"888 Broadway, New York, NY, 18813","feature_type":"icon","selected_icon":{"value":"icon- icon-location-pin","library":"simple-line-icons"},"type_image":{"url":"","id":""},"feature_margin_icon":{"unit":"px","top":"","right":"","bottom":"","left":"","isLinked":true},"feature_margin_icon_tablet":{"unit":"px","top":"","right":"","bottom":"","left":"","isLinked":true},"feature_margin_icon_mobile":{"unit":"px","top":"","right":"","bottom":"","left":"","isLinked":true},"_id":"9b7d6bb"},{"feature_title":"EMAIL US","feature_desc":"nicoshop@template.com","feature_type":"icon","selected_icon":{"value":"icon- icon-envelope-open","library":"simple-line-icons"},"type_image":{"url":"","id":""},"feature_margin_icon":{"unit":"px","top":"","right":"","bottom":"","left":"","isLinked":true},"feature_margin_icon_tablet":{"unit":"px","top":"","right":"","bottom":"","left":"","isLinked":true},"feature_margin_icon_mobile":{"unit":"px","top":"","right":"","bottom":"","left":"","isLinked":true},"_id":"5cc262a"}]},"elements":[],"isInner":false,"widgetType":"tbay-features","elType":"widget"}],"isInner":false,"elType":"column"}],"isInner":false,"elType":"section"},{"id":"77a313e1","settings":{"structure":"21","background_background":"classic","background_color":"#222222","css_classes":"tbay-footer","padding":{"unit":"px","top":"60","right":"0","bottom":"0","left":"0","isLinked":false},"stretch_section":"section-stretched","padding_mobile":{"unit":"px","top":"30","right":"0","bottom":"0","left":"0","isLinked":false}},"elements":[{"id":"378e22b2","settings":{"_column_size":33,"_inline_size":null,"margin":{"unit":"px","top":"0","right":"0","bottom":"40","left":"0","isLinked":false},"_inline_size_tablet":100,"padding_mobile":{"unit":"px","top":"0","right":"10","bottom":"0","left":"10","isLinked":false}},"elements":[{"id":"7e261795","settings":{"image":{"url":"https:\/\/elementor.thembay.com\/puca_smarket2\/wp-content\/uploads\/2017\/08\/logo.png","id":4709},"image_size":"full","align":"left","_padding":{"unit":"px","top":"0","right":"0","bottom":"30","left":"0","isLinked":false}},"elements":[],"isInner":false,"widgetType":"image","elType":"widget"},{"id":"28dcec81","settings":{"editor":"<p>Lorem ipsum dolor sit amet, consectetur adipiscing elit. Duis eget est sit amet enim consectetur bibendum eget viverra risus. Mauris varius felis venenatis tempus. Sed efficitur est in mauris dictum...<br \/><a class=\"read-more\" href=\"#\">Read more<\/a><\/p>","text_color":"rgba(255, 255, 255, 0.4)","_css_classes":"contact-help"},"elements":[],"isInner":false,"widgetType":"text-editor","elType":"widget"}],"isInner":false,"elType":"column"},{"id":"393f5f1f","settings":{"_column_size":66,"_inline_size":null,"_inline_size_tablet":100,"padding_mobile":{"unit":"px","top":"0","right":"10","bottom":"0","left":"10","isLinked":false}},"elements":[{"id":"3950cac","settings":{"gap":"no","structure":"40"},"elements":[{"id":"5695e97e","settings":{"_column_size":25,"_inline_size":null,"_inline_size_tablet":50},"elements":[{"id":"1df74a1d","settings":{"align":"left","heading_title":"INFOMATION","heading_title_typography_typography":"custom"},"elements":[],"isInner":false,"widgetType":"tbay-nav-menu","elType":"widget"}],"isInner":true,"elType":"column"},{"id":"3936d2a","settings":{"_column_size":25,"_inline_size":null,"_inline_size_tablet":50},"elements":[{"id":"79066550","settings":{"align":"left","heading_title":"MY ACCOUNT","heading_title_typography_typography":"custom"},"elements":[],"isInner":false,"widgetType":"tbay-nav-menu","elType":"widget"}],"isInner":true,"elType":"column"},{"id":"3a48632f","settings":{"_column_size":25,"_inline_size":null,"_inline_size_tablet":50},"elements":[{"id":"7475b1bc","settings":{"align":"left","heading_title":"NEED HELP","heading_title_typography_typography":"custom"},"elements":[],"isInner":false,"widgetType":"tbay-nav-menu","elType":"widget"}],"isInner":true,"elType":"column"},{"id":"7b3bb808","settings":{"_column_size":25,"_inline_size":null},"elements":[{"id":"56f417f4","settings":{"align":"left","heading_title":"SOCIAL NETWORK","heading_title_typography_typography":"custom"},"elements":[],"isInner":false,"widgetType":"tbay-nav-menu","elType":"widget"}],"isInner":true,"elType":"column"}],"isInner":true,"elType":"section"}],"isInner":false,"elType":"column"}],"isInner":false,"elType":"section"},{"id":"710ba09c","settings":{"stretch_section":"section-stretched","layout":"full_width","background_background":"classic","background_color":"#222222","padding":{"unit":"px","top":"40","right":"0","bottom":"30","left":"0","isLinked":false},"padding_tablet":{"unit":"px","top":"40","right":"0","bottom":"70","left":"0","isLinked":false}},"elements":[{"id":"3104b44c","settings":{"_column_size":100,"_inline_size":null,"border_border":"solid","border_width":{"unit":"px","top":"2","right":"0","bottom":"0","left":"0","isLinked":false},"border_color":"rgba(255, 255, 255, 0.1)","padding_mobile":{"unit":"px","top":"0","right":"10","bottom":"0","left":"10","isLinked":false}},"elements":[{"id":"71ce4b22","settings":{"editor":"<p>Copyright \u00a9 2020 - NicoShop. All Rights Reserved. Powered by\u00a0<a href=\"https:\/\/thembay.com\/\">Thembay<\/a><\/p>","align":"center","text_color":"rgba(255, 255, 255, 0.4)","_padding":{"unit":"px","top":"30","right":"0","bottom":"10","left":"0","isLinked":false}},"elements":[],"isInner":false,"widgetType":"text-editor","elType":"widget"},{"id":"18cb6202","settings":{"image":{"url":"https:\/\/elementor.thembay.com\/puca_smarket2\/wp-content\/uploads\/2017\/12\/payment.png","id":4119},"align":"center"},"elements":[],"isInner":false,"widgetType":"image","elType":"widget"}],"isInner":false,"elType":"column"}],"isInner":false,"elType":"section"}]}