{"version":"0.4","title":"Template &#8211; Footer-v2","type":"page","content":[{"id":"b7f8b9f","settings":{"structure":"21","background_background":"classic","background_color":"#222222","css_classes":"tbay-footer","layout":"full_width","padding":{"unit":"px","top":"150","right":"0","bottom":"0","left":"0","isLinked":false},"stretch_section":"section-stretched","padding_mobile":{"unit":"px","top":"100","right":"0","bottom":"0","left":"0","isLinked":false}},"elements":[{"id":"4b148a7d","settings":{"_column_size":33,"_inline_size":null,"margin":{"unit":"px","top":"0","right":"0","bottom":"40","left":"0","isLinked":false},"_inline_size_tablet":100},"elements":[{"id":"7f7bb3d2","settings":{"image":{"url":"https:\/\/elementor.thembay.com\/puca_smarket2\/wp-content\/uploads\/2017\/08\/logo.png","id":4709},"image_size":"full","align":"center","_padding":{"unit":"px","top":"0","right":"0","bottom":"30","left":"0","isLinked":false}},"elements":[],"isInner":false,"widgetType":"image","elType":"widget"},{"id":"704a3614","settings":{"editor":"<p>Lorem ipsum dolor sit amet, consectetur adipiscing elit. Duis eget est sit amet enim consectetur bibendum eget viverra risus. Mauris varius felis venenatis tempus. Sed efficitur est in mauris dictum...<br \/><a class=\"read-more\" href=\"#\">Read more<\/a><\/p>","text_color":"rgba(255, 255, 255, 0.4)","_css_classes":"contact-help","align":"center"},"elements":[],"isInner":false,"widgetType":"text-editor","elType":"widget"}],"isInner":false,"elType":"column"},{"id":"4995105","settings":{"_column_size":66,"_inline_size":null,"_inline_size_tablet":100},"elements":[{"id":"1e92843a","settings":{"gap":"no","structure":"40"},"elements":[{"id":"54a3ce3d","settings":{"_column_size":25,"_inline_size":null,"margin":{"unit":"px","top":"0","right":"0","bottom":"40","left":"0","isLinked":false}},"elements":[{"id":"74a64653","settings":{"align":"left","heading_title":"INFOMATION","heading_title_typography_typography":"custom"},"elements":[],"isInner":false,"widgetType":"tbay-nav-menu","elType":"widget"}],"isInner":true,"elType":"column"},{"id":"4b03d03f","settings":{"_column_size":25,"_inline_size":null,"margin":{"unit":"px","top":"0","right":"0","bottom":"40","left":"0","isLinked":false}},"elements":[{"id":"1250f510","settings":{"align":"left","heading_title":"MY ACCOUNT","heading_title_typography_typography":"custom"},"elements":[],"isInner":false,"widgetType":"tbay-nav-menu","elType":"widget"}],"isInner":true,"elType":"column"},{"id":"4abc7313","settings":{"_column_size":25,"_inline_size":null,"margin":{"unit":"px","top":"0","right":"0","bottom":"40","left":"0","isLinked":false}},"elements":[{"id":"6e1a288b","settings":{"align":"left","heading_title":"NEED HELP","heading_title_typography_typography":"custom"},"elements":[],"isInner":false,"widgetType":"tbay-nav-menu","elType":"widget"}],"isInner":true,"elType":"column"},{"id":"5856a904","settings":{"_column_size":25,"_inline_size":null,"margin":{"unit":"px","top":"0","right":"0","bottom":"40","left":"0","isLinked":false}},"elements":[{"id":"75357290","settings":{"align":"left","heading_title":"SOCIAL NETWORK","heading_title_typography_typography":"custom"},"elements":[],"isInner":false,"widgetType":"tbay-nav-menu","elType":"widget"}],"isInner":true,"elType":"column"}],"isInner":true,"elType":"section"}],"isInner":false,"elType":"column"}],"isInner":false,"elType":"section"},{"id":"3cf53398","settings":{"stretch_section":"section-stretched","layout":"full_width","background_background":"classic","background_color":"#222222","padding":{"unit":"px","top":"40","right":"0","bottom":"50","left":"0","isLinked":false},"padding_tablet":{"unit":"px","top":"0","right":"0","bottom":"70","left":"0","isLinked":false}},"elements":[{"id":"382aabe","settings":{"_column_size":100,"_inline_size":null,"border_border":"solid","border_width":{"unit":"px","top":"2","right":"0","bottom":"0","left":"0","isLinked":false},"border_color":"rgba(255, 255, 255, 0.1)"},"elements":[{"id":"3f9ef78f","settings":{"editor":"<p>Copyright \u00a9 2020 - NicoShop. All Rights Reserved. Powered by\u00a0<a href=\"https:\/\/thembay.com\/\">Thembay<\/a><\/p>","align":"center","text_color":"rgba(255, 255, 255, 0.4)","_padding":{"unit":"px","top":"50","right":"0","bottom":"10","left":"0","isLinked":false}},"elements":[],"isInner":false,"widgetType":"text-editor","elType":"widget"},{"id":"76c1ca82","settings":{"image":{"url":"https:\/\/elementor.thembay.com\/puca_smarket2\/wp-content\/uploads\/2017\/12\/payment.png","id":4119},"align":"center"},"elements":[],"isInner":false,"widgetType":"image","elType":"widget"}],"isInner":false,"elType":"column"}],"isInner":false,"elType":"section"}]}