{"version":"0.4","title":"Template &#8211; Footer-v1","type":"page","content":[{"id":"1eb81d35","settings":{"structure":"30","css_classes":"bottom-footer","stretch_section":"section-stretched"},"elements":[{"id":"56141646","settings":{"_column_size":33,"_inline_size":25,"_inline_size_tablet":50,"padding_tablet":{"unit":"px","top":"0","right":"15","bottom":"30","left":"15","isLinked":false}},"elements":[{"id":"1996fd8a","settings":{"heading_title":"Newsleter Subscribe","heading_description":"Sign up to our newsletter & always be the first to be informed."},"elements":[],"isInner":false,"widgetType":"tbay-newsletter","elType":"widget"}],"isInner":false,"elType":"column"},{"id":"16e6abfe","settings":{"_column_size":33,"_inline_size":33.064,"margin":{"unit":"px","top":"0","right":"0","bottom":"65","left":"0","isLinked":false},"_inline_size_tablet":50,"css_classes":"pull-right order-1"},"elements":[{"id":"78eceaec","settings":{"align":"left","heading_title":"Contact info","heading_title_size":{"unit":"px","size":15,"sizes":[]},"heading_title_typography_typography":"custom","heading_title_typography_line_height":{"unit":"em","size":1.5,"sizes":[]}},"elements":[],"isInner":false,"widgetType":"tbay-heading","elType":"widget"},{"id":"4319165","settings":{"editor":"<ul>\n \t<li>(+99) 123 - 456 -789<\/li>\n \t<li>contact@example.com<\/li>\n \t<li>71 Pilgrim Avenue, St.Chevy Chase, MD 20815<\/li>\n<\/ul>","_margin":{"unit":"px","top":"0","right":"0","bottom":"25","left":"0","isLinked":false}},"elements":[],"isInner":false,"widgetType":"text-editor","elType":"widget"},{"id":"7daa4a54","settings":{"heading_title":"Connect with Megabuy","social_icon_list":[{"social_icon":{"value":"icon- icon-social-facebook","library":"simple-line-icons"},"_id":"930787e","link":{"url":"#","is_external":"true","nofollow":""}},{"social_icon":{"value":"icon- icon-social-twitter","library":"simple-line-icons"},"_id":"ab0e5ac","link":{"url":"#","is_external":"true","nofollow":""}},{"social_icon":{"value":"icon- icon-social-youtube","library":"simple-line-icons"},"_id":"514afcd","link":{"url":"#","is_external":"true","nofollow":""}},{"social_icon":{"value":"icon- icon-social-instagram","library":"simple-line-icons"},"link":{"url":"#","is_external":"true","nofollow":""},"_id":"67ece53"}],"_padding":{"unit":"px","top":"10","right":"0","bottom":"10","left":"0","isLinked":false}},"elements":[],"isInner":false,"widgetType":"tbay-social-icons","elType":"widget"}],"isInner":false,"elType":"column"},{"id":"5f2130e4","settings":{"_column_size":33,"_inline_size":41.600000000000001,"padding":{"unit":"px","top":"0","right":"0","bottom":"0","left":"0","isLinked":false},"_inline_size_tablet":100,"padding_tablet":{"unit":"px","top":"30","right":"0","bottom":"30","left":"0","isLinked":false}},"elements":[{"id":"13a04ddb","settings":{"structure":"30","margin":{"unit":"px","top":"","right":0,"bottom":"","left":0,"isLinked":true}},"elements":[{"id":"2de7622d","settings":{"_column_size":33,"_inline_size":null},"elements":[{"id":"4c95f9d9","settings":{"heading_title":"My Account"},"elements":[],"isInner":false,"widgetType":"tbay-nav-menu","elType":"widget"}],"isInner":true,"elType":"column"},{"id":"3f407bd3","settings":{"_column_size":33,"_inline_size":null},"elements":[{"id":"46e3a89b","settings":{"heading_title":"Information"},"elements":[],"isInner":false,"widgetType":"tbay-nav-menu","elType":"widget"}],"isInner":true,"elType":"column"},{"id":"2bb99f8f","settings":{"_column_size":33,"_inline_size":null},"elements":[{"id":"1fc5eb0e","settings":{"heading_title":"Top Categories"},"elements":[],"isInner":false,"widgetType":"tbay-nav-menu","elType":"widget"}],"isInner":true,"elType":"column"}],"isInner":true,"elType":"section"}],"isInner":false,"elType":"column"}],"isInner":false,"elType":"section"},{"id":"53b7be19","settings":{"stretch_section":"section-stretched","border_border":"solid","border_width":{"unit":"px","top":"1","right":"0","bottom":"2","left":"0","isLinked":false},"border_color":"#F5F5F5","padding":{"unit":"px","top":"36","right":"0","bottom":"36","left":"0","isLinked":false}},"elements":[{"id":"46d4931b","settings":{"_column_size":100,"_inline_size":null},"elements":[{"id":"75fdc49d","settings":{"wp":{"title":"","taxonomy":"product_tag"}},"elements":[],"isInner":false,"widgetType":"wp-widget-tag_cloud","elType":"widget"}],"isInner":false,"elType":"column"}],"isInner":false,"elType":"section"},{"id":"6d526ede","settings":{"structure":"30","css_classes":"bottom-footer","stretch_section":"section-stretched","padding":{"unit":"px","top":"40","right":"0","bottom":"40","left":"0","isLinked":false}},"elements":[{"id":"474141bd","settings":{"_column_size":33,"_inline_size":25,"_inline_size_tablet":100,"padding_tablet":{"unit":"px","top":"30","right":"15","bottom":"30","left":"15","isLinked":false}},"elements":[{"id":"2ea3aea1","settings":{"heading_title":"Payment Accepted"},"elements":[],"isInner":false,"widgetType":"tbay-heading","elType":"widget"},{"id":"44bff5e6","settings":{"image":{"url":"https:\/\/elementor.thembay.com\/puca_smarket\/wp-content\/uploads\/2017\/08\/payment.png","id":3930},"image_size":"full","link":{"url":"#","is_external":"","nofollow":""},"_margin":{"unit":"px","top":"0","right":"0","bottom":"20","left":"0","isLinked":false},"align_tablet":"left"},"elements":[],"isInner":false,"widgetType":"image","elType":"widget"},{"id":"2d147954","settings":{"heading_title":"Download the App - get 30% sale coupon"},"elements":[],"isInner":false,"widgetType":"tbay-heading","elType":"widget"},{"id":"11c07704","settings":{"editor":"<p>- Fast &amp; Simple to shopping experiences<br \/>- Support for iOS &amp; Android<\/p>"},"elements":[],"isInner":false,"widgetType":"text-editor","elType":"widget"},{"id":"e1ac220","settings":{"image":{"url":"https:\/\/elementor.thembay.com\/puca_smarket\/wp-content\/uploads\/2017\/08\/download.png","id":3931},"image_size":"full","link_to":"custom","link":{"url":"#","is_external":"","nofollow":""},"_margin":{"unit":"px","top":"11","right":"0","bottom":"0","left":"0","isLinked":false},"align_tablet":"left"},"elements":[],"isInner":false,"widgetType":"image","elType":"widget"}],"isInner":false,"elType":"column"},{"id":"67e5edb9","settings":{"_column_size":33,"_inline_size":41.600000000000001,"_inline_size_tablet":100,"padding_tablet":{"unit":"px","top":"30","right":"15","bottom":"30","left":"16","isLinked":false}},"elements":[{"id":"54fd8172","settings":{"heading_title":"What clients say","column":"1","col_desktop":"1","col_desktopsmall":"1","col_landscape":"1","column_tablet":"1","disable_mobile":"","rows":"3","navigation":""},"elements":[],"isInner":false,"widgetType":"tbay-testimonials","elType":"widget"}],"isInner":false,"elType":"column"},{"id":"2f65d93c","settings":{"_column_size":33,"_inline_size":33.064,"_inline_size_tablet":100,"padding_tablet":{"unit":"px","top":"30","right":"15","bottom":"30","left":"15","isLinked":false}},"elements":[{"id":"100ebe8d","settings":{"heading_title":"Hunt the coupons","features":[{"feature_title":"[The Face Shop]","feature_desc":"Canada Thanksgiving Day Special 50% OFF","feature_img":{"url":"https:\/\/elementor.thembay.com\/puca_smarket\/wp-content\/uploads\/2017\/08\/feature1.png","id":3927},"feature_link":{"url":"#","is_external":"","nofollow":""},"_id":"c55284e"},{"feature_title":"[X-MAS DEAL]","feature_desc":"Women\u2019s Autumn Apparel collection 69% on sale off","feature_img":{"url":"https:\/\/elementor.thembay.com\/puca_smarket\/wp-content\/uploads\/2017\/08\/feature2.png","id":3928},"feature_link":{"url":"#","is_external":"","nofollow":""},"_id":"ed2c599"},{"feature_title":"[FRIEND & FAMILY]","feature_desc":"7 for 7 (reservation benefit Postcard Book)","feature_img":{"url":"https:\/\/elementor.thembay.com\/puca_smarket\/wp-content\/uploads\/2017\/08\/feature3.png","id":3929},"feature_link":{"url":"#","is_external":"","nofollow":""},"_id":"c55e55a"}],"view_more_text":"view more offers >>","view_more_link":{"url":"#","is_external":"","nofollow":""}},"elements":[],"isInner":false,"widgetType":"tbay-supermaket-features","elType":"widget"}],"isInner":false,"elType":"column"}],"isInner":false,"elType":"section"},{"id":"56b05171","settings":{"css_classes":"tb-copyright","stretch_section":"section-stretched","content_position":"middle","background_background":"classic","background_color":"#FAFAFA","padding":{"unit":"px","top":"10","right":"0","bottom":"10","left":"0","isLinked":false}},"elements":[{"id":"4401bdea","settings":{"_column_size":100,"_inline_size":null},"elements":[{"id":"5715610d","settings":{"editor":"<p>Copyright \u00a9 2020\u00a0<strong>Puca<\/strong>. Designed by\u00a0<a href=\"https:\/\/elementor.thembay.com\/puca\">ThemBay<\/a>. All Rights Reserved.<\/p>"},"elements":[],"isInner":false,"widgetType":"text-editor","elType":"widget"}],"isInner":false,"elType":"column"}],"isInner":false,"elType":"section"}]}