{"version":"0.4","title":"Template &#8211; Footer-v6","type":"page","content":[{"id":"78f3646f","settings":{"structure":"50","background_background":"classic","background_color":"#FDFDFD","padding":{"unit":"px","top":"30","right":"0","bottom":"30","left":"0","isLinked":false}},"elements":[{"id":"449df93a","settings":{"_column_size":20,"_inline_size":16.666666670000001,"_inline_size_tablet":25},"elements":[{"id":"14804ac","settings":{"align":"left","heading_title":"DEPARTMENT","heading_title_size":{"unit":"px","size":15,"sizes":[]},"heading_title_typography_typography":"custom","heading_title_typography_line_height":{"unit":"em","size":1.5,"sizes":[]}},"elements":[],"isInner":false,"widgetType":"tbay-nav-menu","elType":"widget"}],"isInner":false,"elType":"column"},{"id":"63336d65","settings":{"_column_size":20,"_inline_size":16.666666670000001,"_inline_size_tablet":25},"elements":[{"id":"2d375a23","settings":{"align":"left","heading_title":"ACCOUNT","heading_title_size":{"unit":"px","size":15,"sizes":[]},"heading_title_typography_typography":"custom","heading_title_typography_line_height":{"unit":"em","size":1.5,"sizes":[]}},"elements":[],"isInner":false,"widgetType":"tbay-nav-menu","elType":"widget"}],"isInner":false,"elType":"column"},{"id":"234d446d","settings":{"_column_size":20,"_inline_size":16.666666670000001,"_inline_size_tablet":25},"elements":[{"id":"4291b26e","settings":{"align":"left","heading_title":"INFO","heading_title_size":{"unit":"px","size":15,"sizes":[]},"heading_title_typography_typography":"custom","heading_title_typography_line_height":{"unit":"em","size":1.5,"sizes":[]}},"elements":[],"isInner":false,"widgetType":"tbay-nav-menu","elType":"widget"}],"isInner":false,"elType":"column"},{"id":"31fb426a","settings":{"_column_size":20,"_inline_size":16.666666670000001,"_inline_size_tablet":25},"elements":[{"id":"734c8e54","settings":{"align":"left","heading_title":"SUPPORT","heading_title_size":{"unit":"px","size":15,"sizes":[]},"heading_title_typography_typography":"custom","heading_title_typography_line_height":{"unit":"em","size":1.5,"sizes":[]}},"elements":[],"isInner":false,"widgetType":"tbay-nav-menu","elType":"widget"}],"isInner":false,"elType":"column"},{"id":"213108fd","settings":{"_column_size":20,"_inline_size":33.332000000000001,"margin":{"unit":"px","top":"30","right":"0","bottom":"30","left":"0","isLinked":false},"hide_tablet":"hidden-tablet","hide_mobile":"hidden-phone"},"elements":[{"id":"6867dabf","settings":{"align":"left","heading_title":"CONTACT INFO","heading_title_size":{"unit":"px","size":15,"sizes":[]},"heading_title_typography_typography":"custom","heading_title_typography_line_height":{"unit":"em","size":1.5,"sizes":[]}},"elements":[],"isInner":false,"widgetType":"tbay-heading","elType":"widget"},{"id":"3923cf67","settings":{"editor":"<ul class=\"contact-info\">\n \t<li><i class=\"icons icon-location-pin\"><\/i>70 St. South Windsor, CT 06074, Ohio, U.S.A<\/li>\n \t<li><i class=\"icons icon-phone\"><\/i>(+001) 123 456 78<\/li>\n \t<li><i class=\"icons icon-envelope\"><\/i>example_mail@gmail.com<\/li>\n<\/ul>"},"elements":[],"isInner":false,"widgetType":"text-editor","elType":"widget"}],"isInner":false,"elType":"column"}],"isInner":false,"elType":"section"},{"id":"5c4d819e","settings":{"gap":"no","margin":{"unit":"px","top":"55","right":0,"bottom":"0","left":0,"isLinked":false},"background_background":"classic"},"elements":[{"id":"56e18ae0","settings":{"_column_size":100,"_inline_size":null},"elements":[{"id":"25cdf12a","settings":{"heading_subtitle":"Be the first to hear about our latest products & offers. As a welcome gift, we'll email you a 20% OFF discount code.","_margin":{"unit":"px","top":"0","right":"0","bottom":"30","left":"0","isLinked":false}},"elements":[],"isInner":false,"widgetType":"tbay-newsletter","elType":"widget"}],"isInner":false,"elType":"column"}],"isInner":false,"elType":"section"}]}