{"version":"0.4","title":"Template &#8211; Footer-v2","type":"page","content":[{"id":"47b00d05","settings":{"structure":"50","background_background":"classic","background_color":"#FDFDFD","padding":{"unit":"px","top":"30","right":"0","bottom":"30","left":"0","isLinked":false}},"elements":[{"id":"38fa704a","settings":{"_column_size":20,"_inline_size":16.666666670000001,"_inline_size_tablet":25},"elements":[{"id":"5f658e01","settings":{"align":"left","heading_title":"Department","heading_title_size":{"unit":"px","size":15,"sizes":[]},"heading_title_tag":"h2"},"elements":[],"isInner":false,"widgetType":"tbay-nav-menu","elType":"widget"}],"isInner":false,"elType":"column"},{"id":"753f4ff4","settings":{"_column_size":20,"_inline_size":16.666666670000001,"_inline_size_tablet":25},"elements":[{"id":"49291f49","settings":{"align":"left","heading_title":"Account","heading_title_size":{"unit":"px","size":15,"sizes":[]},"heading_title_typography_typography":"custom","heading_title_typography_line_height":{"unit":"em","size":1.5,"sizes":[]}},"elements":[],"isInner":false,"widgetType":"tbay-nav-menu","elType":"widget"}],"isInner":false,"elType":"column"},{"id":"54a24ac","settings":{"_column_size":20,"_inline_size":16.666666670000001,"_inline_size_tablet":25},"elements":[{"id":"4cc431a1","settings":{"align":"left","heading_title":"Info","heading_title_size":{"unit":"px","size":15,"sizes":[]},"heading_title_typography_typography":"custom","heading_title_typography_line_height":{"unit":"em","size":1.5,"sizes":[]}},"elements":[],"isInner":false,"widgetType":"tbay-nav-menu","elType":"widget"}],"isInner":false,"elType":"column"},{"id":"32745f0c","settings":{"_column_size":20,"_inline_size":16.666666670000001,"_inline_size_tablet":25},"elements":[{"id":"7aa896cd","settings":{"align":"left","heading_title":"Support","heading_title_size":{"unit":"px","size":15,"sizes":[]},"heading_title_typography_typography":"custom","heading_title_typography_line_height":{"unit":"em","size":1.5,"sizes":[]}},"elements":[],"isInner":false,"widgetType":"tbay-nav-menu","elType":"widget"}],"isInner":false,"elType":"column"},{"id":"754c1b96","settings":{"_column_size":20,"_inline_size":33.332000000000001,"margin":{"unit":"px","top":"30","right":"0","bottom":"30","left":"0","isLinked":false},"hide_tablet":"hidden-tablet"},"elements":[{"id":"69cbfb99","settings":{"align":"left","heading_title":"Contact info","heading_title_size":{"unit":"px","size":15,"sizes":[]},"heading_title_typography_typography":"custom","heading_title_typography_line_height":{"unit":"em","size":1.5,"sizes":[]}},"elements":[],"isInner":false,"widgetType":"tbay-heading","elType":"widget"},{"id":"650a6236","settings":{"editor":"<ul class=\"contact-info\">\n \t<li><i class=\"icons icon-location-pin\"><\/i>70 St. South Windsor, CT 06074, Ohio, U.S.A<\/li>\n \t<li><i class=\"icons icon-phone\"><\/i>(+001) 123 456 78<\/li>\n \t<li><i class=\"icons icon-envelope\"><\/i>example_mail@gmail.com<\/li>\n<\/ul>"},"elements":[],"isInner":false,"widgetType":"text-editor","elType":"widget"}],"isInner":false,"elType":"column"}],"isInner":false,"elType":"section"},{"id":"59be1c7b","settings":{"gap":"no","margin":{"unit":"px","top":"55","right":0,"bottom":"30","left":0,"isLinked":false}},"elements":[{"id":"5ac3d3bd","settings":{"_column_size":100,"_inline_size":null},"elements":[{"id":"3ce10344","settings":{"heading_subtitle":"Be the first to hear about our latest products & offers. As a welcome gift, we'll email you a 20% OFF discount code.","_margin":{"unit":"px","top":"0","right":"0","bottom":"30","left":"0","isLinked":false}},"elements":[],"isInner":false,"widgetType":"tbay-newsletter","elType":"widget"},{"id":"7123a6b0","settings":{"social_icon_list":[{"social_icon":{"value":"icon- icon-social-facebook","library":"simple-line-icons"},"_id":"4d076b8","link":{"url":"#","is_external":"true","nofollow":""}},{"social_icon":{"value":"icon- icon-social-twitter","library":"simple-line-icons"},"_id":"efa76e3","link":{"url":"#","is_external":"true","nofollow":""}},{"social_icon":{"value":"icon- icon-social-youtube","library":"simple-line-icons"},"_id":"0504134","link":{"url":"#","is_external":"true","nofollow":""}},{"social_icon":{"value":"icon- icon-social-instagram","library":"simple-line-icons"},"link":{"url":"#","is_external":"true","nofollow":""},"_id":"ab190c8"},{"social_icon":{"value":"icon- icon-social-pinterest","library":"simple-line-icons"},"link":{"url":"#","is_external":"true","nofollow":""},"_id":"83d1d05"}],"_css_classes":"text-center"},"elements":[],"isInner":false,"widgetType":"tbay-social-icons","elType":"widget"},{"id":"7c879c6f","settings":{"editor":"<p><span class=\"copyright\">\u00a9 2020 Ohio. By\u00a0<a href=\"https:\/\/elementor.thembay.com\/puca_ohio\/\">Thembay.<\/a> <\/span><\/p>","align":"center"},"elements":[],"isInner":false,"widgetType":"text-editor","elType":"widget"}],"isInner":false,"elType":"column"}],"isInner":false,"elType":"section"}]}