{"version":"0.4","title":"Template &#8211; Footer-v3","type":"page","content":[{"id":"52a79589","settings":{"structure":"50","background_background":"classic","background_color":"#FDFDFD","padding":{"unit":"px","top":"30","right":"0","bottom":"30","left":"0","isLinked":false},"stretch_section":"section-stretched"},"elements":[{"id":"3d59e2d7","settings":{"_column_size":20,"_inline_size":16.666666670000001,"_inline_size_tablet":25},"elements":[{"id":"12f2809f","settings":{"align":"left","heading_title":"DEPARTMENT","heading_title_size":{"unit":"px","size":15,"sizes":[]},"heading_title_typography_typography":"custom","heading_title_typography_line_height":{"unit":"em","size":1.5,"sizes":[]}},"elements":[],"isInner":false,"widgetType":"tbay-nav-menu","elType":"widget"}],"isInner":false,"elType":"column"},{"id":"435ee33c","settings":{"_column_size":20,"_inline_size":16.666666670000001,"_inline_size_tablet":25},"elements":[{"id":"27bce9c3","settings":{"align":"left","heading_title":"ACCOUNT","heading_title_size":{"unit":"px","size":15,"sizes":[]},"heading_title_typography_typography":"custom","heading_title_typography_line_height":{"unit":"em","size":1.5,"sizes":[]}},"elements":[],"isInner":false,"widgetType":"tbay-nav-menu","elType":"widget"}],"isInner":false,"elType":"column"},{"id":"5e3006bc","settings":{"_column_size":20,"_inline_size":16.666666670000001,"_inline_size_tablet":25},"elements":[{"id":"73b1e6ef","settings":{"align":"left","heading_title":"INFO","heading_title_size":{"unit":"px","size":15,"sizes":[]},"heading_title_typography_typography":"custom","heading_title_typography_line_height":{"unit":"em","size":1.5,"sizes":[]}},"elements":[],"isInner":false,"widgetType":"tbay-nav-menu","elType":"widget"}],"isInner":false,"elType":"column"},{"id":"3791c434","settings":{"_column_size":20,"_inline_size":16.666666670000001,"_inline_size_tablet":25},"elements":[{"id":"714cb26","settings":{"align":"left","heading_title":"SUPPORT","heading_title_size":{"unit":"px","size":15,"sizes":[]},"heading_title_typography_typography":"custom","heading_title_typography_line_height":{"unit":"em","size":1.5,"sizes":[]}},"elements":[],"isInner":false,"widgetType":"tbay-nav-menu","elType":"widget"}],"isInner":false,"elType":"column"},{"id":"10df3148","settings":{"_column_size":20,"_inline_size":33.332000000000001,"margin":{"unit":"px","top":"30","right":"0","bottom":"30","left":"0","isLinked":false},"hide_tablet":"hidden-tablet"},"elements":[{"id":"45c560d7","settings":{"align":"left","heading_title":"CONTACT INFO","heading_title_size":{"unit":"px","size":15,"sizes":[]},"heading_title_typography_typography":"custom","heading_title_typography_line_height":{"unit":"em","size":1.5,"sizes":[]}},"elements":[],"isInner":false,"widgetType":"tbay-heading","elType":"widget"},{"id":"628140f8","settings":{"editor":"<ul class=\"contact-info\">\n \t<li><i class=\"icons icon-location-pin\"><\/i>70 St. South Windsor, CT 06074, Ohio, U.S.A<\/li>\n \t<li><i class=\"icons icon-phone\"><\/i>(+001) 123 456 78<\/li>\n \t<li><i class=\"icons icon-envelope\"><\/i>example_mail@gmail.com<\/li>\n<\/ul>"},"elements":[],"isInner":false,"widgetType":"text-editor","elType":"widget"},{"id":"33eb3444","settings":{"social_icon_list":[{"social_icon":{"value":"icon- icon-social-facebook","library":"simple-line-icons"},"_id":"5e0f5cb","link":{"url":"#","is_external":"true","nofollow":""},"item_icon_color":"custom","item_icon_primary_color":"rgba(2, 1, 1, 0)","item_icon_secondary_color":"#BEC7CE"},{"social_icon":{"value":"icon- icon-social-twitter","library":"simple-line-icons"},"_id":"578761f","link":{"url":"#","is_external":"true","nofollow":""},"item_icon_color":"custom","item_icon_primary_color":"rgba(2, 1, 1, 0)","item_icon_secondary_color":"#BEC7CE"},{"social_icon":{"value":"icon- icon-social-youtube","library":"simple-line-icons"},"_id":"f6150df","link":{"url":"","is_external":"true","nofollow":""},"item_icon_color":"custom","item_icon_primary_color":"rgba(2, 1, 1, 0)","item_icon_secondary_color":"#BEC7CE"},{"social_icon":{"value":"icon- icon-social-instagram","library":"simple-line-icons"},"link":{"url":"#","is_external":"true","nofollow":""},"item_icon_color":"custom","item_icon_primary_color":"rgba(2, 1, 1, 0)","item_icon_secondary_color":"#BEC7CE","_id":"c43c845"},{"social_icon":{"value":"icon- icon-social-pinterest","library":"simple-line-icons"},"link":{"url":"#","is_external":"true","nofollow":""},"item_icon_color":"custom","item_icon_primary_color":"rgba(2, 1, 1, 0)","item_icon_secondary_color":"#BEC7CE","_id":"8fc9ce2"}],"icon_size":{"unit":"px","size":15,"sizes":[]},"icon_spacing":{"unit":"px","size":20,"sizes":[]},"_padding":{"unit":"px","top":"15","right":"0","bottom":"15","left":"0","isLinked":false},"align":"left","icon_padding":{"unit":"em","size":0,"sizes":[]}},"elements":[],"isInner":false,"widgetType":"social-icons","elType":"widget"}],"isInner":false,"elType":"column"}],"isInner":false,"elType":"section"},{"id":"3847c838","settings":{"stretch_section":"section-stretched","structure":"20","border_border":"solid","border_width":{"unit":"px","top":"1","right":"0","bottom":"0","left":"0","isLinked":false},"border_color":"#EEEEEE","border_radius":{"unit":"px","top":"1","right":"0","bottom":"0","left":"0","isLinked":false},"padding":{"unit":"px","top":"30","right":"0","bottom":"30","left":"0","isLinked":false}},"elements":[{"id":"7f4778a2","settings":{"_column_size":50,"_inline_size":null},"elements":[{"id":"18eb582e","settings":{"editor":"<p><span class=\"copyright\">\u00a9 2020 Ohio. By\u00a0<a href=\"https:\/\/elementor.thembay.com\/puca_ohio\/\">Thembay.<\/a> <\/span><\/p>"},"elements":[],"isInner":false,"widgetType":"text-editor","elType":"widget"}],"isInner":false,"elType":"column"},{"id":"67cc9185","settings":{"_column_size":50,"_inline_size":null},"elements":[{"id":"6827604","settings":{"style":"style-2"},"elements":[],"isInner":false,"widgetType":"tbay-newsletter","elType":"widget"}],"isInner":false,"elType":"column"}],"isInner":false,"elType":"section"}]}