{"version":"0.4","title":"Template &#8211; Footer-v5","type":"page","content":[{"id":"1e82948e","settings":{"structure":"40","background_background":"classic","padding":{"unit":"px","top":"0","right":"0","bottom":"30","left":"0","isLinked":false},"stretch_section":"section-stretched"},"elements":[{"id":"7dc07620","settings":{"_column_size":25,"_inline_size":33.329999999999998,"hide_tablet":"hidden-tablet","hide_mobile":"hidden-phone"},"elements":[{"id":"472e09ab","settings":{"image":{"url":"https:\/\/elementor.thembay.com\/puca_ohio\/wp-content\/uploads\/2017\/09\/logo.png","id":4753},"image_size":"full","align":"left","link_to":"custom","link":{"url":"#","is_external":"","nofollow":""},"_margin":{"unit":"px","top":"30","right":"0","bottom":"30","left":"0","isLinked":false}},"elements":[],"isInner":false,"widgetType":"image","elType":"widget"}],"isInner":false,"elType":"column"},{"id":"74ca3ede","settings":{"_column_size":25,"_inline_size":16.670000000000002,"_inline_size_tablet":25},"elements":[{"id":"7ccc9407","settings":{"heading_title":"DEPARTMENT","heading_title_size":{"unit":"px","size":15,"sizes":[]}},"elements":[],"isInner":false,"widgetType":"tbay-nav-menu","elType":"widget"}],"isInner":false,"elType":"column"},{"id":"1becae17","settings":{"_column_size":25,"_inline_size":16.670000000000002,"_inline_size_tablet":25},"elements":[{"id":"3f8ea5e0","settings":{"heading_title":"ACCOUNT","heading_title_size":{"unit":"px","size":15,"sizes":[]},"heading_title_typography_line_height":{"unit":"px","size":46,"sizes":[]}},"elements":[],"isInner":false,"widgetType":"tbay-nav-menu","elType":"widget"}],"isInner":false,"elType":"column"},{"id":"69f9d614","settings":{"_column_size":25,"_inline_size":33.329999999999998,"margin":{"unit":"px","top":"30","right":"0","bottom":"30","left":"0","isLinked":false},"_inline_size_tablet":50},"elements":[{"id":"7a4d11ed","settings":{"heading_title":"CONTACT INFO","heading_title_size":{"unit":"px","size":15,"sizes":[]},"heading_title_typography_typography":"custom","heading_title_bottom_space":{"unit":"px","size":0,"sizes":[]}},"elements":[],"isInner":false,"widgetType":"tbay-heading","elType":"widget"},{"id":"6763dec0","settings":{"editor":"<ul class=\"contact-info\">\n \t<li><i class=\"icons icon-location-pin\"><\/i>70 St. South Windsor, CT 06074, Ohio, U.S.A<\/li>\n \t<li><i class=\"icons icon-phone\"><\/i>(+001) 123 456 78<\/li>\n \t<li><i class=\"icons icon-envelope\"><\/i>example_mail@gmail.com<\/li>\n<\/ul>"},"elements":[],"isInner":false,"widgetType":"text-editor","elType":"widget"}],"isInner":false,"elType":"column"}],"isInner":false,"elType":"section"},{"id":"4169b603","settings":{"stretch_section":"section-stretched","content_position":"middle","structure":"20","background_background":"classic","background_color":"#FDFDFD","padding":{"unit":"px","top":"15","right":"0","bottom":"15","left":"0","isLinked":false}},"elements":[{"id":"3c4b0540","settings":{"_column_size":50,"_inline_size":null},"elements":[{"id":"3329f88a","settings":{"editor":"<p><span class=\"copyright\">\u00a9 2020 Ohio. By\u00a0<a href=\"https:\/\/elementor.thembay.com\/puca_ohio\/\">Thembay.<\/a> <\/span><\/p>"},"elements":[],"isInner":false,"widgetType":"text-editor","elType":"widget"}],"isInner":false,"elType":"column"},{"id":"3d29f7ff","settings":{"_column_size":50,"_inline_size":null},"elements":[{"id":"41f6e9fc","settings":{"image":{"url":"https:\/\/elementor.thembay.com\/puca_ohio\/wp-content\/uploads\/2017\/09\/payments_2.png","id":4752},"align":"right"},"elements":[],"isInner":false,"widgetType":"image","elType":"widget"}],"isInner":false,"elType":"column"}],"isInner":false,"elType":"section"}]}