{"version":"0.4","title":"Template &#8211; Footer-v4","type":"page","content":[{"id":"1266c5ad","settings":{"stretch_section":"section-stretched","structure":"33","content_width":{"unit":"px","size":1820,"sizes":[]},"content_position":"middle","padding":{"unit":"px","top":"0","right":"50","bottom":"0","left":"50","isLinked":false}},"elements":[{"id":"540078f1","settings":{"_column_size":25,"_inline_size":null,"_inline_size_tablet":33.329999999999998},"elements":[{"id":"78784059","settings":{"editor":"<p><span class=\"copyright\">\u00a9 2020 Ohio. By\u00a0<a href=\"https:\/\/elementor.thembay.com\/puca_ohio\/\">Thembay.<\/a> <\/span><\/p>"},"elements":[],"isInner":false,"widgetType":"text-editor","elType":"widget"}],"isInner":false,"elType":"column"},{"id":"5f1138f7","settings":{"_column_size":50,"_inline_size":null,"_inline_size_tablet":66.670000000000002},"elements":[{"id":"5290659","settings":{"layout":"horizoltal","_css_classes":"none-menu"},"elements":[],"isInner":false,"widgetType":"tbay-nav-menu","elType":"widget"}],"isInner":false,"elType":"column"},{"id":"1ca29426","settings":{"_column_size":25,"_inline_size":null,"hide_tablet":"hidden-tablet"},"elements":[{"id":"202cb1e","settings":{"social_icon_list":[{"social_icon":{"value":"icon- icon-social-facebook","library":"simple-line-icons"},"_id":"fd2ad85","link":{"url":"#","is_external":"true","nofollow":""}},{"social_icon":{"value":"icon- icon-social-twitter","library":"simple-line-icons"},"_id":"54c71d0","link":{"url":"#","is_external":"true","nofollow":""}},{"social_icon":{"value":"icon- icon-social-youtube","library":"simple-line-icons"},"_id":"dad8e8e","link":{"url":"#","is_external":"true","nofollow":""}},{"social_icon":{"value":"icon- icon-social-instagram","library":"simple-line-icons"},"link":{"url":"#","is_external":"true","nofollow":""},"_id":"635a6b8"},{"social_icon":{"value":"icon- icon-social-pinterest","library":"simple-line-icons"},"link":{"url":"#","is_external":"true","nofollow":""},"_id":"6385dab"}]},"elements":[],"isInner":false,"widgetType":"tbay-social-icons","elType":"widget"}],"isInner":false,"elType":"column"}],"isInner":false,"elType":"section"},{"id":"3841a6e9","settings":{"gap":"no","padding":{"unit":"px","top":"20","right":"0","bottom":"0","left":"0","isLinked":false},"hide_tablet":"hidden-tablet","hide_mobile":"hidden-phone"},"elements":[{"id":"73c821f4","settings":{"_column_size":100,"_inline_size":null},"elements":[{"id":"86302f","settings":{"editor":"<p style=\"text-align: center;\"><i class=\"icons icon-note\"><\/i> How\u2018re we doing?\u00a0<strong><a class=\"color2\" href=\"https:\/\/elementor.thembay.com\/puca_ohio\/\">Give us a feedback.<\/a><\/strong> <br \/>It\u2019s very important to us to improve your experiences, many thanks for your contributions.<\/p>","align":"center","typography_line_height":{"unit":"px","size":"","sizes":[]},"_css_classes":"feedback"},"elements":[],"isInner":false,"widgetType":"text-editor","elType":"widget"}],"isInner":false,"elType":"column"}],"isInner":false,"elType":"section"}]}