{"version":"0.4","title":"Template &#8211; Footer-v1","type":"page","content":[{"id":"a68a4e3","settings":{"stretch_section":"section-stretched","structure":"33","content_width":{"unit":"px","size":1820,"sizes":[]},"content_position":"middle","padding":{"unit":"px","top":"0","right":"50","bottom":"0","left":"50","isLinked":false},"padding_tablet":{"unit":"px","top":"0","right":"35","bottom":"0","left":"35","isLinked":false}},"elements":[{"id":"6dc752da","settings":{"_column_size":25,"_inline_size":null,"_inline_size_tablet":33.329999999999998},"elements":[{"id":"76763a8c","settings":{"editor":"<p><span class=\"copyright\">\u00a9 2020 Ohio. By\u00a0<a href=\"https:\/\/elementor.thembay.com\/puca_ohio\/\">Thembay.<\/a> <\/span><\/p>"},"elements":[],"isInner":false,"widgetType":"text-editor","elType":"widget"}],"isInner":false,"elType":"column"},{"id":"3566bdf2","settings":{"_column_size":50,"_inline_size":null,"_inline_size_tablet":66.670000000000002},"elements":[{"id":"3765268d","settings":{"layout":"horizoltal","_css_classes":"none-menu"},"elements":[],"isInner":false,"widgetType":"tbay-nav-menu","elType":"widget"}],"isInner":false,"elType":"column"},{"id":"dd2b14","settings":{"_column_size":25,"_inline_size":null,"hide_tablet":"hidden-tablet","hide_mobile":"hidden-phone"},"elements":[{"id":"51fb1a5e","settings":{"social_icon_list":[{"social_icon":{"value":"icon- icon-social-facebook","library":"simple-line-icons"},"_id":"fd2ad85","link":{"url":"#","is_external":"true","nofollow":""}},{"social_icon":{"value":"icon- icon-social-twitter","library":"simple-line-icons"},"_id":"54c71d0","link":{"url":"#","is_external":"true","nofollow":""}},{"social_icon":{"value":"icon- icon-social-youtube","library":"simple-line-icons"},"_id":"dad8e8e","link":{"url":"#","is_external":"true","nofollow":""}},{"social_icon":{"value":"icon- icon-social-instagram","library":"simple-line-icons"},"link":{"url":"#","is_external":"true","nofollow":""},"_id":"635a6b8"},{"social_icon":{"value":"icon- icon-social-pinterest","library":"simple-line-icons"},"link":{"url":"#","is_external":"true","nofollow":""},"_id":"6385dab"}]},"elements":[],"isInner":false,"widgetType":"tbay-social-icons","elType":"widget"}],"isInner":false,"elType":"column"}],"isInner":false,"elType":"section"}]}