{"version":"0.4","title":"Template &#8211; MegaMenu &#8211; Home Menu","type":"page","content":[{"id":"54f13561","settings":{"structure":"30"},"elements":[{"id":"5430cca8","settings":{"_column_size":33,"_inline_size":null},"elements":[{"id":"32178c22","settings":[],"elements":[],"isInner":false,"widgetType":"tbay-nav-menu","elType":"widget"}],"isInner":false,"elType":"column"},{"id":"500b151c","settings":{"_column_size":33,"_inline_size":null},"elements":[{"id":"4d7c96f7","settings":[],"elements":[],"isInner":false,"widgetType":"tbay-nav-menu","elType":"widget"}],"isInner":false,"elType":"column"},{"id":"6bb8b25a","settings":{"_column_size":33,"_inline_size":null},"elements":[{"id":"e987b0","settings":[],"elements":[],"isInner":false,"widgetType":"tbay-nav-menu","elType":"widget"}],"isInner":false,"elType":"column"}],"isInner":false,"elType":"section"}]}