{"version":"0.4","title":"Template &#8211; MegaMenu &#8211; Men","type":"page","content":[{"id":"885e450","settings":{"structure":"22"},"elements":[{"id":"5bb17598","settings":{"_column_size":66,"_inline_size":null,"css_classes":"column-full"},"elements":[{"id":"c04107f","settings":{"structure":"40","margin":{"unit":"px","top":"","right":0,"bottom":"","left":0,"isLinked":true},"padding":{"unit":"px","top":"0","right":"0","bottom":"29","left":"0","isLinked":false}},"elements":[{"id":"af90285","settings":{"_column_size":25,"_inline_size":null},"elements":[{"id":"6576efb9","settings":{"align":"left","heading_title":"What's new in?","heading_title_size":{"unit":"px","size":14,"sizes":[]},"heading_title_typography_typography":"custom","heading_title_typography_font_size":{"unit":"px","size":12,"sizes":[]},"heading_title_typography_font_weight":"600","heading_title_typography_line_height":{"unit":"px","size":20,"sizes":[]},"heading_style_margin":{"unit":"px","top":"0","right":"0","bottom":"11","left":"0","isLinked":false},"layout":"horizoltal"},"elements":[],"isInner":false,"widgetType":"tbay-nav-menu","elType":"widget"}],"isInner":true,"elType":"column"},{"id":"4baf9123","settings":{"_column_size":25,"_inline_size":null},"elements":[{"id":"1d7194e2","settings":{"align":"left","heading_title":"Clothing","heading_title_size":{"unit":"px","size":14,"sizes":[]},"heading_title_typography_typography":"custom","heading_title_typography_font_size":{"unit":"px","size":12,"sizes":[]},"heading_title_typography_font_weight":"600","heading_title_typography_line_height":{"unit":"px","size":20,"sizes":[]},"heading_style_margin":{"unit":"px","top":"0","right":"0","bottom":"11","left":"0","isLinked":false},"layout":"horizoltal"},"elements":[],"isInner":false,"widgetType":"tbay-nav-menu","elType":"widget"}],"isInner":true,"elType":"column"},{"id":"5915eaf8","settings":{"_column_size":25,"_inline_size":null},"elements":[{"id":"5c978251","settings":{"align":"left","heading_title":"Shoes","heading_title_size":{"unit":"px","size":14,"sizes":[]},"heading_title_typography_typography":"custom","heading_title_typography_font_size":{"unit":"px","size":12,"sizes":[]},"heading_title_typography_font_weight":"600","heading_title_typography_line_height":{"unit":"px","size":20,"sizes":[]},"heading_style_margin":{"unit":"px","top":"0","right":"0","bottom":"11","left":"0","isLinked":false},"layout":"horizoltal"},"elements":[],"isInner":false,"widgetType":"tbay-nav-menu","elType":"widget"}],"isInner":true,"elType":"column"},{"id":"ebffe69","settings":{"_column_size":25,"_inline_size":null},"elements":[{"id":"33906c75","settings":{"align":"left","heading_title":"Bags","heading_title_size":{"unit":"px","size":14,"sizes":[]},"heading_title_typography_typography":"custom","heading_title_typography_font_size":{"unit":"px","size":12,"sizes":[]},"heading_title_typography_font_weight":"600","heading_title_typography_line_height":{"unit":"px","size":20,"sizes":[]},"heading_style_margin":{"unit":"px","top":"0","right":"0","bottom":"11","left":"0","isLinked":false},"layout":"horizoltal"},"elements":[],"isInner":false,"widgetType":"tbay-nav-menu","elType":"widget"}],"isInner":true,"elType":"column"}],"isInner":true,"elType":"section"},{"id":"7221e87","settings":{"structure":"40"},"elements":[{"id":"51c7e90a","settings":{"_column_size":25,"_inline_size":null},"elements":[{"id":"2759073d","settings":{"align":"left","heading_title":"Accessories","heading_title_size":{"unit":"px","size":14,"sizes":[]},"heading_title_typography_typography":"custom","heading_title_typography_font_size":{"unit":"px","size":12,"sizes":[]},"heading_title_typography_font_weight":"600","heading_title_typography_line_height":{"unit":"px","size":20,"sizes":[]},"heading_style_margin":{"unit":"px","top":"0","right":"0","bottom":"11","left":"0","isLinked":false},"layout":"horizoltal"},"elements":[],"isInner":false,"widgetType":"tbay-nav-menu","elType":"widget"}],"isInner":true,"elType":"column"},{"id":"48da0adf","settings":{"_column_size":25,"_inline_size":null},"elements":[{"id":"32eee097","settings":{"align":"left","heading_title":"Jewelry","heading_title_size":{"unit":"px","size":14,"sizes":[]},"heading_title_typography_typography":"custom","heading_title_typography_font_size":{"unit":"px","size":12,"sizes":[]},"heading_title_typography_font_weight":"600","heading_title_typography_line_height":{"unit":"px","size":20,"sizes":[]},"heading_style_margin":{"unit":"px","top":"0","right":"0","bottom":"11","left":"0","isLinked":false},"layout":"horizoltal"},"elements":[],"isInner":false,"widgetType":"tbay-nav-menu","elType":"widget"}],"isInner":true,"elType":"column"},{"id":"6add157f","settings":{"_column_size":25,"_inline_size":null},"elements":[{"id":"1a45d84f","settings":{"align":"left","heading_title":"Sale","heading_title_size":{"unit":"px","size":14,"sizes":[]},"heading_title_typography_typography":"custom","heading_title_typography_font_size":{"unit":"px","size":12,"sizes":[]},"heading_title_typography_font_weight":"600","heading_title_typography_line_height":{"unit":"px","size":20,"sizes":[]},"heading_style_margin":{"unit":"px","top":"0","right":"0","bottom":"11","left":"0","isLinked":false},"layout":"horizoltal"},"elements":[],"isInner":false,"widgetType":"tbay-nav-menu","elType":"widget"}],"isInner":true,"elType":"column"},{"id":"3d44e3bc","settings":{"_column_size":25,"_inline_size":null},"elements":[{"id":"4f610399","settings":{"align":"left","heading_title":"Vintage","heading_title_size":{"unit":"px","size":14,"sizes":[]},"heading_title_typography_typography":"custom","heading_title_typography_font_size":{"unit":"px","size":12,"sizes":[]},"heading_title_typography_font_weight":"600","heading_title_typography_line_height":{"unit":"px","size":20,"sizes":[]},"heading_style_margin":{"unit":"px","top":"0","right":"0","bottom":"11","left":"0","isLinked":false},"layout":"horizoltal"},"elements":[],"isInner":false,"widgetType":"tbay-nav-menu","elType":"widget"}],"isInner":true,"elType":"column"}],"isInner":true,"elType":"section"}],"isInner":false,"elType":"column"},{"id":"5efb6d64","settings":{"_column_size":33,"_inline_size":null,"css_classes":"navigation-top column-hidden"},"elements":[{"id":"26c15d62","settings":{"align":"left","heading_title":"Recommended for you","heading_title_size":{"unit":"px","size":14,"sizes":[]},"limit":4,"layout_type":"carousel","categories":["accessories","clothing"],"product_type":"random_product","column":"2","col_desktop":"2","text_button":"show more","hide_tablet":"hidden-tablet","hide_mobile":"hidden-phone"},"elements":[],"isInner":false,"widgetType":"tbay-products","elType":"widget"}],"isInner":false,"elType":"column"}],"isInner":false,"elType":"section"}]}