{"version":"0.4","title":"Template &#8211; MegaMenu &#8211; Blog","type":"page","content":[{"id":"736453f2","settings":{"structure":"40"},"elements":[{"id":"33e0bf6a","settings":{"_column_size":25,"_inline_size":null},"elements":[{"id":"1f8b350b","settings":{"align":"left","heading_title":"Blog archive 01","heading_title_size":{"unit":"px","size":14,"sizes":[]},"heading_title_typography_typography":"custom","heading_title_typography_font_size":{"unit":"px","size":12,"sizes":[]},"heading_title_typography_font_weight":"600","heading_title_typography_line_height":{"unit":"px","size":20,"sizes":[]},"heading_style_margin":{"unit":"px","top":"0","right":"0","bottom":"11","left":"0","isLinked":false},"layout":"horizoltal"},"elements":[],"isInner":false,"widgetType":"tbay-nav-menu","elType":"widget"}],"isInner":false,"elType":"column"},{"id":"7ceda9b7","settings":{"_column_size":25,"_inline_size":null},"elements":[{"id":"54d212bb","settings":{"align":"left","heading_title":"Blog archive 02","heading_title_size":{"unit":"px","size":14,"sizes":[]},"heading_title_typography_typography":"custom","heading_title_typography_font_size":{"unit":"px","size":12,"sizes":[]},"heading_title_typography_font_weight":"600","heading_title_typography_line_height":{"unit":"px","size":20,"sizes":[]},"heading_style_margin":{"unit":"px","top":"0","right":"0","bottom":"11","left":"0","isLinked":false},"layout":"horizoltal"},"elements":[],"isInner":false,"widgetType":"tbay-nav-menu","elType":"widget"}],"isInner":false,"elType":"column"},{"id":"ae764eb","settings":{"_column_size":25,"_inline_size":null},"elements":[{"id":"11639c0a","settings":{"align":"left","heading_title":"Blog Single Layout","heading_title_size":{"unit":"px","size":14,"sizes":[]},"heading_title_typography_typography":"custom","heading_title_typography_font_size":{"unit":"px","size":12,"sizes":[]},"heading_title_typography_font_weight":"600","heading_title_typography_line_height":{"unit":"px","size":20,"sizes":[]},"heading_style_margin":{"unit":"px","top":"0","right":"0","bottom":"11","left":"0","isLinked":false},"layout":"horizoltal"},"elements":[],"isInner":false,"widgetType":"tbay-nav-menu","elType":"widget"}],"isInner":false,"elType":"column"},{"id":"1e8c7c36","settings":{"_column_size":25,"_inline_size":null},"elements":[{"id":"41ba6273","settings":{"align":"left","heading_title":"Blog Post Format","heading_title_size":{"unit":"px","size":14,"sizes":[]},"heading_title_typography_typography":"custom","heading_title_typography_font_size":{"unit":"px","size":12,"sizes":[]},"heading_title_typography_font_weight":"600","heading_title_typography_line_height":{"unit":"px","size":20,"sizes":[]},"heading_style_margin":{"unit":"px","top":"0","right":"0","bottom":"11","left":"0","isLinked":false},"layout":"horizoltal"},"elements":[],"isInner":false,"widgetType":"tbay-nav-menu","elType":"widget"}],"isInner":false,"elType":"column"}],"isInner":false,"elType":"section"}]}