{"version":"0.4","title":"Template &#8211; MegaMenu &#8211; Shop","type":"page","content":[{"id":"23451db0","settings":{"structure":"40"},"elements":[{"id":"34bd9507","settings":{"_column_size":25,"_inline_size":null},"elements":[{"id":"637d91a9","settings":{"align":"left","heading_title":"Shop with sidebar","heading_title_size":{"unit":"px","size":14,"sizes":[]},"heading_title_typography_typography":"custom","heading_title_typography_font_size":{"unit":"px","size":12,"sizes":[]},"heading_title_typography_font_weight":"600","heading_title_typography_line_height":{"unit":"px","size":20,"sizes":[]},"heading_style_margin":{"unit":"px","top":"0","right":"0","bottom":"11","left":"0","isLinked":false},"layout":"horizoltal"},"elements":[],"isInner":false,"widgetType":"tbay-nav-menu","elType":"widget"}],"isInner":false,"elType":"column"},{"id":"796904e7","settings":{"_column_size":25,"_inline_size":null},"elements":[{"id":"72c74a36","settings":{"align":"left","heading_title":"Shop style 01","heading_title_size":{"unit":"px","size":14,"sizes":[]},"heading_title_typography_typography":"custom","heading_title_typography_font_size":{"unit":"px","size":12,"sizes":[]},"heading_title_typography_font_weight":"600","heading_title_typography_line_height":{"unit":"px","size":20,"sizes":[]},"heading_style_margin":{"unit":"px","top":"0","right":"0","bottom":"11","left":"0","isLinked":false},"layout":"horizoltal"},"elements":[],"isInner":false,"widgetType":"tbay-nav-menu","elType":"widget"}],"isInner":false,"elType":"column"},{"id":"33100630","settings":{"_column_size":25,"_inline_size":null},"elements":[{"id":"c23f770","settings":{"align":"left","heading_title":"Shop style 02","heading_title_size":{"unit":"px","size":14,"sizes":[]},"heading_title_typography_typography":"custom","heading_title_typography_font_size":{"unit":"px","size":12,"sizes":[]},"heading_title_typography_font_weight":"600","heading_title_typography_line_height":{"unit":"px","size":20,"sizes":[]},"heading_style_margin":{"unit":"px","top":"0","right":"0","bottom":"11","left":"0","isLinked":false},"layout":"horizoltal"},"elements":[],"isInner":false,"widgetType":"tbay-nav-menu","elType":"widget"}],"isInner":false,"elType":"column"},{"id":"723909fc","settings":{"_column_size":25,"_inline_size":null},"elements":[{"id":"18c67d34","settings":{"align":"left","heading_title":"Shop pages","heading_title_size":{"unit":"px","size":14,"sizes":[]},"heading_title_typography_typography":"custom","heading_title_typography_font_size":{"unit":"px","size":12,"sizes":[]},"heading_title_typography_font_weight":"600","heading_title_typography_line_height":{"unit":"px","size":20,"sizes":[]},"heading_style_margin":{"unit":"px","top":"0","right":"0","bottom":"11","left":"0","isLinked":false},"layout":"horizoltal"},"elements":[],"isInner":false,"widgetType":"tbay-nav-menu","elType":"widget"}],"isInner":false,"elType":"column"}],"isInner":false,"elType":"section"}]}