{"version":"0.4","title":"Template &#8211; MegaMenu &#8211; Featured","type":"page","content":[{"id":"8bcb30c","settings":{"structure":"20"},"elements":[{"id":"1ca4bfdd","settings":{"_column_size":50,"_inline_size":null},"elements":[{"id":"203d3d82","settings":{"align":"left","heading_title":"Elements","heading_title_size":{"unit":"px","size":14,"sizes":[]},"heading_title_typography_typography":"custom","heading_title_typography_font_size":{"unit":"px","size":12,"sizes":[]},"heading_title_typography_font_weight":"600","heading_title_typography_line_height":{"unit":"px","size":20,"sizes":[]},"heading_style_margin":{"unit":"px","top":"0","right":"0","bottom":"11","left":"0","isLinked":false},"layout":"horizoltal"},"elements":[],"isInner":false,"widgetType":"tbay-nav-menu","elType":"widget"}],"isInner":false,"elType":"column"},{"id":"441402a7","settings":{"_column_size":50,"_inline_size":null},"elements":[{"id":"46196d62","settings":{"align":"left","heading_title":"Add to cart","heading_title_size":{"unit":"px","size":14,"sizes":[]},"heading_title_typography_typography":"custom","heading_title_typography_font_size":{"unit":"px","size":12,"sizes":[]},"heading_title_typography_font_weight":"600","heading_title_typography_line_height":{"unit":"px","size":20,"sizes":[]},"heading_style_margin":{"unit":"px","top":"0","right":"0","bottom":"11","left":"0","isLinked":false},"layout":"horizoltal"},"elements":[],"isInner":false,"widgetType":"tbay-nav-menu","elType":"widget"}],"isInner":false,"elType":"column"}],"isInner":false,"elType":"section"}]}