{"version":"0.4","title":"Template &#8211; MegaMenu &#8211; Page","type":"page","content":[{"id":"66058ce6","settings":{"structure":"40"},"elements":[{"id":"7acc0a9f","settings":{"_column_size":25,"_inline_size":null},"elements":[{"id":"3da7c00c","settings":{"align":"left","heading_title":"About Pages 01","heading_title_size":{"unit":"px","size":14,"sizes":[]},"heading_title_typography_typography":"custom","heading_title_typography_font_size":{"unit":"px","size":12,"sizes":[]},"heading_title_typography_font_weight":"600","heading_title_typography_line_height":{"unit":"px","size":20,"sizes":[]},"heading_style_margin":{"unit":"px","top":"0","right":"0","bottom":"11","left":"0","isLinked":false},"layout":"horizoltal"},"elements":[],"isInner":false,"widgetType":"tbay-nav-menu","elType":"widget"}],"isInner":false,"elType":"column"},{"id":"218cad4c","settings":{"_column_size":25,"_inline_size":null},"elements":[{"id":"376c4a8f","settings":{"align":"left","heading_title":"About Pages 02","heading_title_size":{"unit":"px","size":14,"sizes":[]},"heading_title_typography_typography":"custom","heading_title_typography_font_size":{"unit":"px","size":12,"sizes":[]},"heading_title_typography_font_weight":"600","heading_title_typography_line_height":{"unit":"px","size":20,"sizes":[]},"heading_style_margin":{"unit":"px","top":"0","right":"0","bottom":"11","left":"0","isLinked":false},"layout":"horizoltal"},"elements":[],"isInner":false,"widgetType":"tbay-nav-menu","elType":"widget"}],"isInner":false,"elType":"column"},{"id":"6173a449","settings":{"_column_size":25,"_inline_size":null},"elements":[{"id":"2a5bcb88","settings":{"align":"left","heading_title":"Contact Pages","heading_title_size":{"unit":"px","size":14,"sizes":[]},"heading_title_typography_typography":"custom","heading_title_typography_font_size":{"unit":"px","size":12,"sizes":[]},"heading_title_typography_font_weight":"600","heading_title_typography_line_height":{"unit":"px","size":20,"sizes":[]},"heading_style_margin":{"unit":"px","top":"0","right":"0","bottom":"11","left":"0","isLinked":false},"layout":"horizoltal"},"elements":[],"isInner":false,"widgetType":"tbay-nav-menu","elType":"widget"}],"isInner":false,"elType":"column"},{"id":"55790d86","settings":{"_column_size":25,"_inline_size":null},"elements":[{"id":"147c211c","settings":{"align":"left","heading_title":"Other Pages","heading_title_size":{"unit":"px","size":14,"sizes":[]},"heading_title_typography_typography":"custom","heading_title_typography_font_size":{"unit":"px","size":12,"sizes":[]},"heading_title_typography_font_weight":"600","heading_title_typography_line_height":{"unit":"px","size":20,"sizes":[]},"heading_style_margin":{"unit":"px","top":"0","right":"0","bottom":"11","left":"0","isLinked":false},"layout":"horizoltal"},"elements":[],"isInner":false,"widgetType":"tbay-nav-menu","elType":"widget"}],"isInner":false,"elType":"column"}],"isInner":false,"elType":"section"}]}