{"content":[{"id":"35bad811","settings":{"content_width":{"unit":"px","size":1170,"sizes":[]},"stretch_section":"section-stretched","structure":"20","background_background":"classic","background_image":{"url":"https:\/\/elementor3.thembay.com\/puca_fashion3\/wp-content\/uploads\/2017\/08\/img-footer.jpg","id":6042,"alt":"","source":"library"},"padding":{"unit":"px","top":"48","right":"0","bottom":"48","left":"0","isLinked":false},"background_position_mobile":"center center","padding_tablet":{"unit":"px","top":"30","right":"15","bottom":"30","left":"15","isLinked":false},"padding_mobile":{"unit":"px","top":"48","right":"15","bottom":"48","left":"15","isLinked":false},"margin":{"unit":"px","top":"50","right":0,"bottom":"0","left":0,"isLinked":false}},"elements":[{"id":"322b28df","settings":{"_column_size":50,"_inline_size":45,"background_background":"classic","background_color":"#F8D680","padding":{"unit":"px","top":"24","right":"35","bottom":"37","left":"35","isLinked":false},"_inline_size_tablet":100,"padding_mobile":{"unit":"px","top":"10","right":"27","bottom":"24","left":"27","isLinked":false}},"elements":[{"id":"20c6852","settings":{"heading_title":"Get a special offer!","heading_subtitle":"Subscribe now & get an exclusive coupon for your first purchase"},"elements":[],"isInner":false,"widgetType":"tbay-newsletter","elType":"widget"}],"isInner":false,"elType":"column"},{"id":"3589be81","settings":{"_column_size":50,"_inline_size":55},"elements":[],"isInner":false,"elType":"column"}],"isInner":false,"elType":"section"},{"id":"6b830397","settings":{"stretch_section":"section-stretched","structure":"50","border_border":"solid","border_width":{"unit":"px","top":"1","right":"0","bottom":"0","left":"0","isLinked":false},"border_color":"#EAEAEA","padding":{"unit":"px","top":"69","right":"0","bottom":"17","left":"0","isLinked":false},"padding_mobile":{"unit":"px","top":"42","right":"0","bottom":"0","left":"0","isLinked":false}},"elements":[{"id":"4e8de5a7","settings":{"_column_size":20,"_inline_size":25,"_inline_size_tablet":30},"elements":[{"id":"413951b3","settings":{"editor":"<p>SHOPPING ONLINE (08:00 - 21:00)<\/p>","_padding":{"unit":"px","top":"2","right":"0","bottom":"8","left":"0","isLinked":false},"typography_typography":"custom","typography_letter_spacing":{"unit":"px","size":0.6,"sizes":[]},"_padding_tablet":{"unit":"px","top":"2","right":"0","bottom":"0","left":"0","isLinked":false},"_padding_mobile":{"unit":"px","top":"2","right":"0","bottom":"8","left":"0","isLinked":false}},"elements":[],"isInner":false,"widgetType":"text-editor","elType":"widget"},{"id":"3ff1768e","settings":{"editor":"<p><span style=\"color: #1f1f1f;\"><a style=\"color: #1f1f1f;\" href=\"tel: 1123456789\"><span style=\"white-space: pre-wrap;\">+1 123 456 789<\/span><\/a><\/span><\/p>","typography_typography":"custom","typography_font_size":{"unit":"px","size":26,"sizes":[]},"typography_font_weight":"500","typography_line_height":{"unit":"px","size":34,"sizes":[]},"typography_line_height_tablet":{"unit":"px","size":"","sizes":[]},"typography_line_height_mobile":{"unit":"px","size":"","sizes":[]},"text_color":"#1F1F1F"},"elements":[],"isInner":false,"widgetType":"text-editor","elType":"widget"},{"id":"7313a476","settings":{"editor":"<p>71 Pilgrim Avenue, St.Chevy Chase, MD 20815<\/p>","_padding":{"unit":"px","top":"32","right":"50","bottom":"9","left":"0","isLinked":false},"typography_typography":"custom","typography_line_height":{"unit":"px","size":20,"sizes":[]},"typography_line_height_tablet":{"unit":"px","size":"","sizes":[]},"typography_line_height_mobile":{"unit":"px","size":"","sizes":[]},"typography_letter_spacing":{"unit":"px","size":0.6,"sizes":[]},"_padding_tablet":{"unit":"px","top":"20","right":"0","bottom":"0","left":"0","isLinked":false},"_padding_mobile":{"unit":"px","top":"32","right":"80","bottom":"0","left":"0","isLinked":false}},"elements":[],"isInner":false,"widgetType":"text-editor","elType":"widget"},{"id":"3ff13ab0","settings":{"editor":"<p><span style=\"color: #3a3a3a;\"><a class=\"waffle-rich-text-link\" style=\"color: #3a3a3a;\" href=\"mailto:contact@example.com\">contact@example.com<\/a><\/span><\/p>","text_color":"#3A3A3A","_padding_mobile":{"unit":"px","top":"9","right":"0","bottom":"0","left":"0","isLinked":false}},"elements":[],"isInner":false,"widgetType":"text-editor","elType":"widget"}],"isInner":false,"elType":"column"},{"id":"565b3b37","settings":{"_column_size":20,"_inline_size":16.7,"_inline_size_tablet":2,"border_width_mobile":{"unit":"px","top":"1","right":"1","bottom":"1","left":"1","isLinked":true},"border_color":"#7D4646"},"elements":[{"id":"52e81be9","settings":{"text":"Divider","color":"#EAEAEA","gap_mobile":{"unit":"px","size":19,"sizes":[]},"_padding_mobile":{"unit":"px","top":"8","right":"0","bottom":"0","left":"0","isLinked":false},"hide_desktop":"hidden-desktop","hide_tablet":"hidden-tablet"},"elements":[],"isInner":false,"widgetType":"divider","elType":"widget"}],"isInner":false,"elType":"column"},{"id":"3e4bd833","settings":{"_column_size":20,"_inline_size":20,"_inline_size_tablet":23,"_inline_size_mobile":50},"elements":[{"id":"614dc6d3","settings":{"heading_title":"Categories"},"elements":[],"isInner":false,"widgetType":"tbay-fashion3-menu-vertical","elType":"widget"}],"isInner":false,"elType":"column"},{"id":"9952555","settings":{"_column_size":20,"_inline_size":18.102,"_inline_size_tablet":23,"_inline_size_mobile":50},"elements":[{"id":"d937c4d","settings":{"heading_title":"About"},"elements":[],"isInner":false,"widgetType":"tbay-fashion3-menu-vertical","elType":"widget"}],"isInner":false,"elType":"column"},{"id":"591fc640","settings":{"_column_size":20,"_inline_size":null},"elements":[{"id":"3434a8a9","settings":{"social_icon_list":[{"social_icon":{"value":"fab fa-facebook","library":"fa-brands"},"_id":"f8fdff6","link":{"url":"#","is_external":"true","nofollow":"","custom_attributes":""}},{"social_icon":{"value":"fab fa-instagram","library":"fa-brands"},"_id":"d748d0e","link":{"url":"#","is_external":"true","nofollow":"","custom_attributes":""}},{"social_icon":{"value":"fab fa-twitter","library":"fa-brands"},"_id":"c6f13bd","link":{"url":"#","is_external":"true","nofollow":"","custom_attributes":""}},{"_id":"7b5c7c8","social_icon":{"value":"fab fa-youtube","library":"fa-brands"},"link":{"url":"#","is_external":"true","nofollow":"","custom_attributes":""}}],"shape":"circle","columns":"4","align":"right","icon_color":"custom","icon_primary_color":"#3A3A3A00","icon_secondary_color":"#3A3A3A","icon_size":{"unit":"px","size":19,"sizes":[]},"icon_spacing":{"unit":"px","size":2,"sizes":[]},"_margin":{"unit":"px","top":"-7","right":"-10","bottom":"0","left":"0","isLinked":false},"hover_secondary_color":"#E50010","align_mobile":"left","_margin_mobile":{"unit":"px","top":"28","right":"0","bottom":"0","left":"-10","isLinked":false}},"elements":[],"isInner":false,"widgetType":"social-icons","elType":"widget"}],"isInner":false,"elType":"column"}],"isInner":false,"elType":"section"},{"id":"4c709c26","settings":[],"elements":[{"id":"3cc539b1","settings":{"_column_size":100,"_inline_size":null,"padding_mobile":{"unit":"px","top":"0","right":"0","bottom":"0","left":"0","isLinked":false}},"elements":[{"id":"77633689","settings":{"text":"Divider","color":"#EAEAEA","gap":{"unit":"px","size":38,"sizes":[]},"gap_mobile":{"unit":"px","size":27,"sizes":[]}},"elements":[],"isInner":false,"widgetType":"divider","elType":"widget"}],"isInner":false,"elType":"column"}],"isInner":false,"elType":"section"},{"id":"5618240e","settings":{"content_position":"middle","structure":"20","padding":{"unit":"px","top":"0","right":"0","bottom":"39","left":"0","isLinked":false},"padding_mobile":{"unit":"px","top":"0","right":"0","bottom":"56","left":"0","isLinked":false},"reverse_order_mobile":"reverse-mobile"},"elements":[{"id":"45bc9a69","settings":{"_column_size":50,"_inline_size":null,"padding_mobile":{"unit":"px","top":"0","right":"0","bottom":"0","left":"0","isLinked":false}},"elements":[{"id":"796e9383","settings":{"editor":"<p>Copyright \u00a9 2022 Puca. All Rights Reserved.<\/p>"},"elements":[],"isInner":false,"widgetType":"text-editor","elType":"widget"}],"isInner":false,"elType":"column"},{"id":"68ec2ce5","settings":{"_column_size":50,"_inline_size":null,"align":"flex-end","padding_mobile":{"unit":"px","top":"0","right":"0","bottom":"0","left":"0","isLinked":false}},"elements":[{"id":"42e2f90d","settings":{"editor":"Made with <i class=\"tb-icon tb-icon-zz-heart-footer\" style=\"color: #e50010;font-size: 16px\" aria-hidden=\"true\"><\/i> by Thembay","align":"right","_padding":{"unit":"px","top":"0","right":"0","bottom":"0","left":"0","isLinked":false},"typography_typography":"custom","typography_letter_spacing":{"unit":"px","size":0.6,"sizes":[]},"align_mobile":"left","_padding_mobile":{"unit":"px","top":"4","right":"0","bottom":"0","left":"0","isLinked":false}},"elements":[],"isInner":false,"widgetType":"text-editor","elType":"widget"}],"isInner":false,"elType":"column"}],"isInner":false,"elType":"section"}],"page_settings":[],"version":"0.4","title":"Footer2","type":"page"}