{"version":"0.4","title":"template_home_1","type":"page","content":[{"id":"77602883","settings":[],"elements":[{"id":"1040ae07","settings":{"_column_size":100,"_inline_size":null},"elements":[{"id":"435cff90","settings":{"revslidertitle":"Fashion Home1","shortcode":"[rev_slider alias=\"fashion-home1\"][\/rev_slider]"},"elements":[],"isInner":false,"widgetType":"slider_revolution","elType":"widget"}],"isInner":false,"elType":"column"}],"isInner":false,"elType":"section"},{"id":"1a0542f","settings":{"padding":{"unit":"px","top":"120","right":"0","bottom":"120","left":"0","isLinked":false},"padding_mobile":{"unit":"px","top":"0","right":"0","bottom":"0","left":"0","isLinked":false},"gap":"no"},"elements":[{"id":"677eab72","settings":{"_column_size":100,"_inline_size":null,"padding_tablet":{"unit":"px","top":"0","right":"0","bottom":"0","left":"0","isLinked":false}},"elements":[{"id":"5b438abf","settings":{"heading_title":"#discover the best","heading_subtitle":"featured categories","layout_type":"carousel","categoriestabs":[{"category":"clothing","images":{"url":"https:\/\/elementor.thembay.com\/puca\/wp-content\/uploads\/2016\/01\/cate1.png","id":2396},"check_custom_link":"no","custom_link":{"url":"","is_external":"","nofollow":""},"display_count":"yes","_id":"4c4c70c"},{"category":"shoes","images":{"url":"https:\/\/elementor.thembay.com\/puca\/wp-content\/uploads\/2016\/01\/cate2.png","id":2397},"check_custom_link":"no","custom_link":{"url":"","is_external":"","nofollow":""},"display_count":"yes","_id":"3d41d58"},{"category":"bags","images":{"url":"https:\/\/elementor.thembay.com\/puca\/wp-content\/uploads\/2016\/01\/cate3.png","id":2398},"check_custom_link":"no","custom_link":{"url":"","is_external":"","nofollow":""},"display_count":"yes","_id":"23ad5e3"},{"category":"accessories","images":{"url":"https:\/\/elementor.thembay.com\/puca\/wp-content\/uploads\/2016\/01\/cate5.png","id":2401},"check_custom_link":"no","custom_link":{"url":"","is_external":"","nofollow":""},"display_count":"yes","_id":"c09b033"},{"category":"women","images":{"url":"https:\/\/elementor.thembay.com\/puca\/wp-content\/uploads\/2017\/11\/cat7.jpg","id":3458},"check_custom_link":"no","custom_link":{"url":"","is_external":"","nofollow":""},"display_count":"yes","_id":"45a5480"},{"category":"jewellery","images":{"url":"https:\/\/elementor.thembay.com\/puca\/wp-content\/uploads\/2016\/01\/cate4.png","id":2399},"check_custom_link":"no","custom_link":{"url":"","is_external":"","nofollow":""},"display_count":"yes","_id":"16b3169"},{"category":"men","images":{"url":"https:\/\/elementor.thembay.com\/puca\/wp-content\/uploads\/2017\/11\/cat6.jpg","id":3457},"check_custom_link":"no","custom_link":{"url":"","is_external":"","nofollow":""},"display_count":"yes","_id":"bada75f"},{"category":"vintage","images":{"url":"https:\/\/elementor.thembay.com\/puca\/wp-content\/uploads\/2017\/11\/cat8.jpg","id":3459},"check_custom_link":"no","custom_link":{"url":"","is_external":"","nofollow":""},"display_count":"yes","_id":"d0f26a9"}],"column":"5","col_desktop":"5","col_desktopsmall":"4","display_count":"yes"},"elements":[],"isInner":false,"widgetType":"tbay-custom-image-list-categories","elType":"widget"}],"isInner":false,"elType":"column"}],"isInner":false,"elType":"section"},{"id":"495859ef","settings":{"stretch_section":"section-stretched","layout":"full_width","gap":"no","structure":"20"},"elements":[{"id":"5794317e","settings":{"_column_size":50,"_inline_size":50,"margin_mobile":{"unit":"px","top":"0","right":"0","bottom":"10","left":"0","isLinked":false}},"elements":[{"id":"96832ac","settings":{"revslidertitle":"Fashion Home10","shortcode":"[rev_slider alias=\"fashion-home10\"][\/rev_slider]"},"elements":[],"isInner":false,"widgetType":"slider_revolution","elType":"widget"}],"isInner":false,"elType":"column"},{"id":"576c542d","settings":{"_column_size":50,"_inline_size":50},"elements":[{"id":"79a67141","settings":{"revslidertitle":"Fashion Home10-2","shortcode":"[rev_slider alias=\"fashion-home10-2\"][\/rev_slider]"},"elements":[],"isInner":false,"widgetType":"slider_revolution","elType":"widget"}],"isInner":false,"elType":"column"}],"isInner":false,"elType":"section"},{"id":"6e9a5d07","settings":{"padding":{"unit":"px","top":"130","right":"0","bottom":"75","left":"0","isLinked":false},"hide_mobile":"hidden-phone","css_classes":"tb-readmore"},"elements":[{"id":"253f8e4c","settings":{"_column_size":100,"_inline_size":null},"elements":[{"id":"642200b8","settings":{"selected_icon":{"value":"icon- icon-eyeglass","library":"simple-line-icons"},"size":{"unit":"px","size":20,"sizes":[]}},"elements":[],"isInner":false,"widgetType":"icon","elType":"widget"},{"id":"9e7208c","settings":{"editor":"<p>Enjoy express worldwide delivery and same-day delivery in London, New York, Paris, Los Angeles, Miami, Madrid, Milan, Barcelona and Rome, plus swift and simple returns, and exciting new men\u2019s and women\u2019s pieces uploaded every day!<\/p>","align":"center","typography_typography":"custom","typography_font_weight":"500","column_gap":{"unit":"px","size":0,"sizes":[]},"_margin":{"unit":"px","top":"0","right":"0","bottom":"0","left":"0","isLinked":true}},"elements":[],"isInner":false,"widgetType":"text-editor","elType":"widget"},{"id":"2898c8d8","settings":{"text":"read more","align":"center","typography_typography":"custom","typography_font_weight":"700","typography_text_transform":"uppercase","typography_line_height":{"unit":"px","size":43,"sizes":[]},"background_color":"#FD6E4F","border_radius":{"unit":"px","top":"0","right":"0","bottom":"0","left":"0","isLinked":true},"text_padding":{"unit":"px","top":"0","right":"30","bottom":"0","left":"30","isLinked":false}},"elements":[],"isInner":false,"widgetType":"button","elType":"widget"}],"isInner":false,"elType":"column"}],"isInner":false,"elType":"section"},{"id":"5f99c66a","settings":{"gap":"no"},"elements":[{"id":"7efe3067","settings":{"_column_size":100,"_inline_size":null,"padding_tablet":{"unit":"px","top":"0","right":"0","bottom":"0","left":"0","isLinked":false}},"elements":[{"id":"338e49d8","settings":{"heading_title":"#keep on trending","heading_subtitle":"best seller products","limit":8,"layout_type":"carousel","categories":[],"product_type":"best_selling","text_button":"show more","column":"5","col_desktopsmall":"3"},"elements":[],"isInner":false,"widgetType":"tbay-products","elType":"widget"}],"isInner":false,"elType":"column"}],"isInner":false,"elType":"section"},{"id":"189b95e1","settings":{"padding_mobile":{"unit":"px","top":"30","right":"0","bottom":"0","left":"0","isLinked":false}},"elements":[{"id":"ecd453f","settings":{"_column_size":100,"_inline_size":null,"padding_mobile":{"unit":"px","top":"0","right":"0","bottom":"0","left":"0","isLinked":false}},"elements":[{"id":"68e1b0f","settings":{"column":"1","col_desktop":"1","col_desktopsmall":"1","col_landscape":"1","column_tablet":"1","column_mobile":"1","disable_mobile":""},"elements":[],"isInner":false,"widgetType":"tbay-testimonials","elType":"widget"}],"isInner":false,"elType":"column"}],"isInner":false,"elType":"section"}]}