{"version":"0.4","title":"template_home_9","type":"page","content":[{"id":"338f0db1","settings":{"padding":{"unit":"px","top":"50","right":"0","bottom":"100","left":"0","isLinked":false},"gap":"no","padding_mobile":{"unit":"px","top":"0","right":"0","bottom":"0","left":"0","isLinked":false}},"elements":[{"id":"3b69eac3","settings":{"_column_size":100,"_inline_size":null},"elements":[{"id":"21e6200d","settings":{"heading_title":"#discover the best","heading_subtitle":"featured categories","categoriestabs":[{"category":"accessories","images":{"url":"https:\/\/elementor.thembay.com\/puca\/wp-content\/uploads\/2017\/09\/home9-cate1.png","id":2617},"check_custom_link":"no","custom_link":{"url":"","is_external":"","nofollow":""},"display_count":"yes","_id":"6ba5f34"},{"category":"shoes","images":{"url":"https:\/\/elementor.thembay.com\/puca\/wp-content\/uploads\/2017\/09\/home9-cate2.png","id":2618},"check_custom_link":"no","custom_link":{"url":"","is_external":"","nofollow":""},"display_count":"yes","_id":"8253e53"},{"category":"jewellery","images":{"url":"https:\/\/elementor.thembay.com\/puca\/wp-content\/uploads\/2017\/09\/home9-cate3.png","id":2619},"check_custom_link":"no","custom_link":{"url":"","is_external":"","nofollow":""},"display_count":"yes","_id":"3517c79"},{"category":"clothing","images":{"url":"https:\/\/elementor.thembay.com\/puca\/wp-content\/uploads\/2017\/09\/home9-cate4.png","id":2620},"check_custom_link":"no","custom_link":{"url":"","is_external":"","nofollow":""},"display_count":"yes","_id":"670dd23"},{"category":"men","images":{"url":"https:\/\/elementor.thembay.com\/puca\/wp-content\/uploads\/2017\/09\/home9-cate5.png","id":2621},"check_custom_link":"no","custom_link":{"url":"","is_external":"","nofollow":""},"display_count":"yes","_id":"bb97811"},{"category":"vintage","images":{"url":"https:\/\/elementor.thembay.com\/puca\/wp-content\/uploads\/2017\/09\/home9-cate6.png","id":2622},"check_custom_link":"no","custom_link":{"url":"","is_external":"","nofollow":""},"display_count":"yes","_id":"392160c"}],"column":"3","col_desktop":"3","col_desktopsmall":"3"},"elements":[],"isInner":false,"widgetType":"tbay-custom-image-list-categories","elType":"widget"}],"isInner":false,"elType":"column"}],"isInner":false,"elType":"section"},{"id":"3ae1659","settings":{"padding":{"unit":"px","top":"20","right":"0","bottom":"90","left":"0","isLinked":false},"padding_mobile":{"unit":"px","top":"0","right":"0","bottom":"0","left":"0","isLinked":false}},"elements":[{"id":"79236610","settings":{"_column_size":100,"_inline_size":null},"elements":[{"id":"417f9507","settings":{"selected_icon":{"value":"icon- icon-eyeglass","library":"simple-line-icons"},"size":{"unit":"px","size":20,"sizes":[]}},"elements":[],"isInner":false,"widgetType":"icon","elType":"widget"},{"id":"3f438eb4","settings":{"editor":"<p>Enjoy express worldwide delivery and same-day delivery in London, New York, Paris, Los Angeles, Miami, Madrid, Milan, Barcelona and Rome, plus swift and simple returns, and exciting new men\u2019s and women\u2019s pieces uploaded every day!<\/p>","align":"center","typography_typography":"custom","typography_font_weight":"500","column_gap":{"unit":"px","size":0,"sizes":[]}},"elements":[],"isInner":false,"widgetType":"text-editor","elType":"widget"}],"isInner":false,"elType":"column"}],"isInner":false,"elType":"section"},{"id":"62e36646","settings":{"stretch_section":"section-stretched","layout":"full_width","gap":"no","structure":"30","padding":{"unit":"px","top":"0","right":"0","bottom":"0","left":"0","isLinked":false}},"elements":[{"id":"75dda06b","settings":{"_column_size":33,"_inline_size":null},"elements":[{"id":"3eac90c1","settings":{"image":{"url":"https:\/\/elementor.thembay.com\/puca\/wp-content\/uploads\/2017\/09\/home2-banner01.png","id":3114},"image_size":"full","link_to":"custom","link":{"url":"#","is_external":"","nofollow":""}},"elements":[],"isInner":false,"widgetType":"image","elType":"widget"}],"isInner":false,"elType":"column"},{"id":"3dfd1aa8","settings":{"_column_size":33,"_inline_size":null},"elements":[{"id":"71fcc6f9","settings":{"image":{"url":"https:\/\/elementor.thembay.com\/puca\/wp-content\/uploads\/2017\/09\/home2-banner02-1.png","id":3111},"image_size":"full","link_to":"custom","link":{"url":"#","is_external":"","nofollow":""}},"elements":[],"isInner":false,"widgetType":"image","elType":"widget"}],"isInner":false,"elType":"column"},{"id":"1ce3c227","settings":{"_column_size":33,"_inline_size":null},"elements":[{"id":"2d15ed6a","settings":{"image":{"url":"https:\/\/elementor.thembay.com\/puca\/wp-content\/uploads\/2017\/09\/home2-banner03-1.png","id":3112},"image_size":"full","link_to":"custom","link":{"url":"#","is_external":"","nofollow":""}},"elements":[],"isInner":false,"widgetType":"image","elType":"widget"}],"isInner":false,"elType":"column"}],"isInner":false,"elType":"section"},{"id":"12f125fb","settings":{"padding":{"unit":"px","top":"70","right":"0","bottom":"90","left":"0","isLinked":false},"gap":"no","padding_mobile":{"unit":"px","top":"0","right":"0","bottom":"0","left":"0","isLinked":false}},"elements":[{"id":"397c023a","settings":{"_column_size":100,"_inline_size":null},"elements":[{"id":"5a74263d","settings":{"heading_title":"#catch on flash sale","heading_subtitle":"top deal of the day","products":["385","2269","2317","2354","2355","2365"],"column":"3","col_desktop":"3","col_desktopsmall":"3"},"elements":[],"isInner":false,"widgetType":"tbay-product-count-down","elType":"widget"}],"isInner":false,"elType":"column"}],"isInner":false,"elType":"section"},{"id":"12c4de9c","settings":{"padding":{"unit":"px","top":"10","right":"0","bottom":"10","left":"0","isLinked":false}},"elements":[{"id":"26fc27c5","settings":{"_column_size":100,"_inline_size":null},"elements":[{"id":"2080cf0d","settings":{"editor":"<p>How\u2018re we doing? Give us a feedback.<br \/>It\u2019s very important to us to improve your experiences, many thanks for your contributions.<\/p>","align":"center","typography_typography":"custom","typography_font_weight":"500","column_gap":{"unit":"px","size":0,"sizes":[]}},"elements":[],"isInner":false,"widgetType":"text-editor","elType":"widget"}],"isInner":false,"elType":"column"}],"isInner":false,"elType":"section"},{"id":"a68e17f","settings":{"padding":{"unit":"px","top":"50","right":"0","bottom":"80","left":"0","isLinked":false},"padding_mobile":{"unit":"px","top":"0","right":"0","bottom":"0","left":"0","isLinked":false}},"elements":[{"id":"2437adce","settings":{"_column_size":100,"_inline_size":null,"padding_mobile":{"unit":"px","top":"0","right":"0","bottom":"0","left":"0","isLinked":false}},"elements":[{"id":"4a5c4656","settings":{"heading_title":"#to who loves fashion","heading_subtitle":"latest new & blog","column":"3","col_desktop":"3","navigation":"","pagination":"yes","column_tablet":"2","column_mobile":"1"},"elements":[],"isInner":false,"widgetType":"tbay-posts-grid","elType":"widget"}],"isInner":false,"elType":"column"}],"isInner":false,"elType":"section"}]}