{"version":"0.4","title":"template_home_4","type":"page","content":[{"id":"64b0cb9a","settings":[],"elements":[{"id":"3b40f1ed","settings":{"_column_size":100,"_inline_size":null},"elements":[{"id":"6ddf3f76","settings":{"revslidertitle":"Fashion Home4","shortcode":"[rev_slider alias=\"fashion-home4\"][\/rev_slider]"},"elements":[],"isInner":false,"widgetType":"slider_revolution","elType":"widget"}],"isInner":false,"elType":"column"}],"isInner":false,"elType":"section"},{"id":"517a7f4f","settings":{"stretch_section":"section-stretched","layout":"full_width","padding":{"unit":"px","top":"90","right":"0","bottom":"120","left":"0","isLinked":false},"css_classes":"max-1860","padding_mobile":{"unit":"px","top":"0","right":"0","bottom":"0","left":"0","isLinked":false}},"elements":[{"id":"5242d90d","settings":{"_column_size":100,"_inline_size":null,"padding_mobile":{"unit":"px","top":"0","right":"0","bottom":"0","left":"0","isLinked":false}},"elements":[{"id":"70c75082","settings":{"heading_title":"#catch on the best","heading_subtitle":"featured products","limit":12,"product_type":"random_product","show_view_all":"yes","view_all_text":"View All","categories":[{"category":"accessories","category_type":"icon","category_icon":{"value":"","library":""},"category_image":{"url":"","id":""},"thumbnail_size":"full","thumbnail_custom_dimension":{"width":"","height":""},"_id":"dc91570"},{"category":"jewellery","category_type":"icon","category_icon":{"value":"","library":""},"category_image":{"url":"","id":""},"thumbnail_size":"full","thumbnail_custom_dimension":{"width":"","height":""},"_id":"22102b3"},{"category":"shoes","category_type":"icon","category_icon":{"value":"","library":""},"category_image":{"url":"","id":""},"thumbnail_size":"full","thumbnail_custom_dimension":{"width":"","height":""},"_id":"66768e4"}],"column":"6","col_desktop":"6","col_desktopsmall":"4"},"elements":[],"isInner":false,"widgetType":"tbay-product-categories-tabs","elType":"widget"}],"isInner":false,"elType":"column"}],"isInner":false,"elType":"section"},{"id":"65c3652","settings":{"stretch_section":"section-stretched","layout":"full_width","gap":"no","structure":"30"},"elements":[{"id":"6e9ccab3","settings":{"_column_size":33,"_inline_size":null},"elements":[{"id":"2c4e0b6","settings":{"image":{"url":"https:\/\/elementor.thembay.com\/puca\/wp-content\/uploads\/2017\/12\/home2-banner01.jpg","id":3525},"image_size":"full","link_to":"custom","link":{"url":"#","is_external":"","nofollow":""}},"elements":[],"isInner":false,"widgetType":"image","elType":"widget"}],"isInner":false,"elType":"column"},{"id":"6d8e1b4d","settings":{"_column_size":33,"_inline_size":null},"elements":[{"id":"7bddb776","settings":{"image":{"url":"https:\/\/elementor.thembay.com\/puca\/wp-content\/uploads\/2017\/09\/home2-banner02-1.png","id":3111},"image_size":"full","link_to":"custom","link":{"url":"#","is_external":"","nofollow":""}},"elements":[],"isInner":false,"widgetType":"image","elType":"widget"}],"isInner":false,"elType":"column"},{"id":"351ff671","settings":{"_column_size":33,"_inline_size":null},"elements":[{"id":"22cf4b98","settings":{"image":{"url":"https:\/\/elementor.thembay.com\/puca\/wp-content\/uploads\/2017\/09\/home2-banner03-1.png","id":3112},"image_size":"full","link_to":"custom","link":{"url":"#","is_external":"","nofollow":""}},"elements":[],"isInner":false,"widgetType":"image","elType":"widget"}],"isInner":false,"elType":"column"}],"isInner":false,"elType":"section"},{"id":"6df4af8","settings":{"padding":{"unit":"px","top":"0","right":"0","bottom":"60","left":"0","isLinked":false},"padding_mobile":{"unit":"px","top":"0","right":"0","bottom":"0","left":"0","isLinked":false},"padding_tablet":{"unit":"px","top":"0","right":"0","bottom":"0","left":"0","isLinked":false}},"elements":[{"id":"5b2ddabf","settings":{"_column_size":100,"_inline_size":null,"padding_mobile":{"unit":"px","top":"0","right":"0","bottom":"0","left":"0","isLinked":false}},"elements":[{"id":"28aac9fa","settings":{"column":"1","col_desktop":"1","col_desktopsmall":"1","col_landscape":"1","column_tablet":"1","column_mobile":"1","disable_mobile":""},"elements":[],"isInner":false,"widgetType":"tbay-testimonials","elType":"widget"}],"isInner":false,"elType":"column"}],"isInner":false,"elType":"section"},{"id":"2e594ecc","settings":{"structure":"30","padding":{"unit":"px","top":"90","right":"0","bottom":"120","left":"0","isLinked":false},"padding_mobile":{"unit":"px","top":"0","right":"0","bottom":"0","left":"0","isLinked":false},"padding_tablet":{"unit":"px","top":"0","right":"0","bottom":"50","left":"0","isLinked":false}},"elements":[{"id":"2668497","settings":{"_column_size":33,"_inline_size":16.670000000000002},"elements":[],"isInner":false,"elType":"column"},{"id":"1ed2de85","settings":{"_column_size":33,"_inline_size":65.992000000000004,"padding_mobile":{"unit":"px","top":"0","right":"0","bottom":"0","left":"0","isLinked":false}},"elements":[{"id":"7100d55","settings":{"heading_title":"subscribe newsletter","heading_description":"Subcribe to our newsletter to get the lastest news and products updates directly to your email.\nJust a second to subsrcibe today","style":"style2"},"elements":[],"isInner":false,"widgetType":"tbay-newsletter","elType":"widget"}],"isInner":false,"elType":"column"},{"id":"9b0b525","settings":{"_column_size":33,"_inline_size":16.670000000000002},"elements":[],"isInner":false,"elType":"column"}],"isInner":false,"elType":"section"}]}