{"version":"0.4","title":"Template &#8211; Contact Us","type":"page","content":[{"id":"43412265","settings":{"padding":{"unit":"px","top":"30","right":"0","bottom":"0","left":"0","isLinked":false}},"elements":[{"id":"31b1ad98","settings":{"_column_size":100},"elements":[{"id":"4e6eada8","settings":{"heading_title":"#keep in touch with us","heading_subtitle":"contact us"},"elements":[],"isInner":false,"widgetType":"tbay-heading","elType":"widget"}],"isInner":false,"elType":"column"}],"isInner":false,"elType":"section"},{"id":"537e3035","settings":{"stretch_section":"section-stretched","background_background":"classic","background_image":{"url":"https:\/\/elementor.thembay.com\/puca\/wp-content\/uploads\/2017\/09\/bg-map.png","id":1898},"padding":{"unit":"px","top":"050","right":"0","bottom":"50","left":"0","isLinked":false}},"elements":[{"id":"5ccb680c","settings":{"_column_size":100,"_inline_size":null},"elements":[{"id":"683eb2d8","settings":{"styles":"contact-us","features":[{"feature_title":"CALL US","feature_desc":"(+99) 123 - 456 -789<br\/>\n(+84) 908 - 260 -196","feature_type":"icon","selected_icon":{"value":"fas fa-phone","library":"fa-solid"},"type_image":{"url":"","id":""},"feature_margin_icon":{"unit":"px","top":"","right":"","bottom":"","left":"","isLinked":true},"feature_margin_icon_tablet":{"unit":"px","top":"","right":"","bottom":"","left":"","isLinked":true},"feature_margin_icon_mobile":{"unit":"px","top":"","right":"","bottom":"","left":"","isLinked":true},"_id":"2438a9d"},{"feature_title":"EMAIL AT","feature_desc":"support@thembay.com<br\/>\nloo_me@yahoo.com","feature_type":"icon","selected_icon":{"value":"fas fa-envelope","library":"fa-solid"},"type_image":{"url":"","id":""},"feature_margin_icon":{"unit":"px","top":"","right":"","bottom":"","left":"","isLinked":true},"feature_margin_icon_tablet":{"unit":"px","top":"","right":"","bottom":"","left":"","isLinked":true},"feature_margin_icon_mobile":{"unit":"px","top":"","right":"","bottom":"","left":"","isLinked":true},"_id":"4242653"},{"feature_title":"LOCATED","feature_desc":"71 Pilgrim Avenue, St.Chevy Chase,<br\/>\nMD 20815","feature_type":"icon","selected_icon":{"value":"fas fa-phone","library":"fa-solid"},"type_image":{"url":"","id":""},"feature_margin_icon":{"unit":"px","top":"","right":"","bottom":"","left":"","isLinked":true},"feature_margin_icon_tablet":{"unit":"px","top":"","right":"","bottom":"","left":"","isLinked":true},"feature_margin_icon_mobile":{"unit":"px","top":"","right":"","bottom":"","left":"","isLinked":true},"_id":"0e13354"}]},"elements":[],"isInner":false,"widgetType":"tbay-features","elType":"widget"}],"isInner":false,"elType":"column"}],"isInner":false,"elType":"section"},{"id":"7efe3915","settings":{"structure":"34","padding":{"unit":"px","top":"20","right":"0","bottom":"60","left":"0","isLinked":false},"css_classes":"contact-form1"},"elements":[{"id":"6df5bef2","settings":{"_column_size":16,"_inline_size":null,"hide_tablet":"hidden-tablet","hide_mobile":"hidden-phone"},"elements":[],"isInner":false,"elType":"column"},{"id":"4520cae7","settings":{"_column_size":66,"_inline_size":null,"_inline_size_tablet":100,"padding_mobile":{"unit":"px","top":"0","right":"0","bottom":"0","left":"0","isLinked":false}},"elements":[{"id":"76db5476","settings":[],"elements":[{"id":"957151f","settings":{"_column_size":100,"_inline_size":null,"padding_tablet":{"unit":"px","top":"0","right":"0","bottom":"0","left":"0","isLinked":false}},"elements":[{"id":"4eec955e","settings":{"align":"left","heading_title":"contact form","heading_subtitle":"Vestibulum luctus sem sit amet ipsum pharetra ullamcorper. Curabitur sit amet leo quis ante mattis luctus a in ligula.","heading_title_size":{"unit":"px","size":16,"sizes":[]},"heading_title_line_height":{"unit":"px","size":26,"sizes":[]},"heading_subtitle_size":{"unit":"px","size":13,"sizes":[]},"heading_title_color":"#000000","heading_subtitle_color":"#575353","heading_title_typography_typography":"custom","heading_title_typography_font_size":{"unit":"px","size":20,"sizes":[]},"heading_subtitle_typography_typography":"custom","heading_subtitle_typography_font_size":{"unit":"px","size":13,"sizes":[]}},"elements":[],"isInner":false,"widgetType":"tbay-heading","elType":"widget"}],"isInner":true,"elType":"column"}],"isInner":true,"elType":"section"},{"id":"7ed56bf8","settings":[],"elements":[{"id":"a273046","settings":{"_column_size":100,"_inline_size":null,"padding_tablet":{"unit":"px","top":"0","right":"0","bottom":"0","left":"0","isLinked":false}},"elements":[{"id":"54270461","settings":{"shortcode":"[contact-form-7 id=\"559\" title=\"Contact form 1\"]"},"elements":[],"isInner":false,"widgetType":"shortcode","elType":"widget"}],"isInner":true,"elType":"column"}],"isInner":true,"elType":"section"}],"isInner":false,"elType":"column"},{"id":"e84668d","settings":{"_column_size":16,"_inline_size":null,"hide_tablet":"hidden-tablet","hide_mobile":"hidden-phone"},"elements":[],"isInner":false,"elType":"column"}],"isInner":false,"elType":"section"}]}