{"version":"0.4","title":"template_home_13","type":"page","content":[{"id":"7c0e2855","settings":{"stretch_section":"section-stretched","layout":"full_width","gap":"no","css_classes":"tb-full"},"elements":[{"id":"3dc1a045","settings":{"_column_size":100,"_inline_size":null},"elements":[{"id":"1964a5b0","settings":{"revslidertitle":"Fashion Home13","shortcode":"[rev_slider alias=\"fashion-home13\"][\/rev_slider]"},"elements":[],"isInner":false,"widgetType":"slider_revolution","elType":"widget"}],"isInner":false,"elType":"column"}],"isInner":false,"elType":"section"},{"id":"7be7aad8","settings":{"background_background":"classic","padding":{"unit":"px","top":"0","right":"0","bottom":"0","left":"0","isLinked":false},"margin":{"unit":"px","top":"-40","right":0,"bottom":"40","left":0,"isLinked":false},"gap":"no","margin_tablet":{"unit":"px","top":"0","right":0,"bottom":"0","left":0,"isLinked":false},"padding_tablet":{"unit":"px","top":"30","right":"0","bottom":"0","left":"0","isLinked":false},"padding_mobile":{"unit":"px","top":"0","right":"0","bottom":"0","left":"0","isLinked":false}},"elements":[{"id":"3ad3595a","settings":{"_column_size":100,"_inline_size":null},"elements":[{"id":"4e5b1245","settings":{"features":[{"feature_title":"fast & Free Shipping","feature_desc":"Offers apply to all orders over $500.","feature_type":"icon","selected_icon":{"value":"icon- icon-plane","library":"simple-line-icons"},"type_image":{"url":"","id":""},"feature_margin_icon":{"unit":"px","top":"","right":"","bottom":"","left":"","isLinked":true},"feature_margin_icon_tablet":{"unit":"px","top":"","right":"","bottom":"","left":"","isLinked":true},"feature_margin_icon_mobile":{"unit":"px","top":"","right":"","bottom":"","left":"","isLinked":true},"_id":"a3385c7"},{"feature_title":"members gift weekly","feature_desc":"Offer applied to customers purchsed over 3 times.","feature_type":"icon","selected_icon":{"value":"icon- icon-badge","library":"simple-line-icons"},"type_image":{"url":"","id":""},"feature_margin_icon":{"unit":"px","top":"","right":"","bottom":"","left":"","isLinked":true},"feature_margin_icon_tablet":{"unit":"px","top":"","right":"","bottom":"","left":"","isLinked":true},"feature_margin_icon_mobile":{"unit":"px","top":"","right":"","bottom":"","left":"","isLinked":true},"_id":"11ee972"},{"feature_title":"friendly support 24\/7","feature_desc":"Our supporters services are always to help","feature_type":"icon","selected_icon":{"value":"icon- icon-umbrella","library":"simple-line-icons"},"type_image":{"url":"","id":""},"feature_margin_icon":{"unit":"px","top":"","right":"","bottom":"","left":"","isLinked":true},"feature_margin_icon_tablet":{"unit":"px","top":"","right":"","bottom":"","left":"","isLinked":true},"feature_margin_icon_mobile":{"unit":"px","top":"","right":"","bottom":"","left":"","isLinked":true},"_id":"b3c4220"}],"styles":"style3","_css_classes":"hover-box home13","column":"3"},"elements":[],"isInner":false,"widgetType":"tbay-features","elType":"widget"}],"isInner":false,"elType":"column"}],"isInner":false,"elType":"section"},{"id":"2d8b1ca6","settings":{"padding":{"unit":"px","top":"50","right":"0","bottom":"50","left":"0","isLinked":false},"hide_mobile":"hidden-phone"},"elements":[{"id":"74733b97","settings":{"_column_size":100,"_inline_size":null},"elements":[{"id":"46483a45","settings":{"selected_icon":{"value":"icon- icon-eyeglass","library":"simple-line-icons"},"size":{"unit":"px","size":20,"sizes":[]}},"elements":[],"isInner":false,"widgetType":"icon","elType":"widget"},{"id":"6843c058","settings":{"editor":"<p>Enjoy express worldwide delivery and same-day delivery in London, New York, Paris, Los Angeles, Miami, Madrid, Milan, Barcelona and Rome, plus swift and simple returns, and exciting new men\u2019s and women\u2019s pieces uploaded every day!<\/p>","align":"center","typography_typography":"custom","typography_font_weight":"500","column_gap":{"unit":"px","size":0,"sizes":[]}},"elements":[],"isInner":false,"widgetType":"text-editor","elType":"widget"},{"id":"e411405","settings":{"text":"read more","align":"center","typography_typography":"custom","typography_font_weight":"700","typography_text_transform":"uppercase","typography_line_height":{"unit":"px","size":43,"sizes":[]},"background_color":"#FD6E4F","border_radius":{"unit":"px","top":"0","right":"0","bottom":"0","left":"0","isLinked":true},"text_padding":{"unit":"px","top":"0","right":"30","bottom":"0","left":"30","isLinked":false}},"elements":[],"isInner":false,"widgetType":"button","elType":"widget"}],"isInner":false,"elType":"column"}],"isInner":false,"elType":"section"},{"id":"5f24ea60","settings":{"stretch_section":"section-stretched","layout":"full_width","gap":"no","structure":"30","padding":{"unit":"px","top":"30","right":"0","bottom":"30","left":"0","isLinked":false},"css_classes":"tb-full","padding_mobile":{"unit":"px","top":"0","right":"0","bottom":"0","left":"0","isLinked":false}},"elements":[{"id":"57c02e18","settings":{"_column_size":33,"_inline_size":null},"elements":[{"id":"2a75afaa","settings":{"image":{"url":"https:\/\/elementor.thembay.com\/puca\/wp-content\/uploads\/2017\/12\/home2-banner01.jpg","id":3525},"image_size":"full","link_to":"custom","link":{"url":"#","is_external":"","nofollow":""}},"elements":[],"isInner":false,"widgetType":"image","elType":"widget"}],"isInner":false,"elType":"column"},{"id":"2e5e4e64","settings":{"_column_size":33,"_inline_size":null},"elements":[{"id":"34949281","settings":{"image":{"url":"https:\/\/elementor.thembay.com\/puca\/wp-content\/uploads\/2017\/09\/home2-banner02-1.png","id":3111},"image_size":"full","link_to":"custom","link":{"url":"#","is_external":"","nofollow":""}},"elements":[],"isInner":false,"widgetType":"image","elType":"widget"}],"isInner":false,"elType":"column"},{"id":"1919c335","settings":{"_column_size":33,"_inline_size":null},"elements":[{"id":"14ee177e","settings":{"image":{"url":"https:\/\/elementor.thembay.com\/puca\/wp-content\/uploads\/2017\/09\/home2-banner03-1.png","id":3112},"image_size":"full","link_to":"custom","link":{"url":"#","is_external":"","nofollow":""}},"elements":[],"isInner":false,"widgetType":"image","elType":"widget"}],"isInner":false,"elType":"column"}],"isInner":false,"elType":"section"},{"id":"6edbacd","settings":{"padding":{"unit":"px","top":"20","right":"0","bottom":"50","left":"0","isLinked":false},"gap":"no","padding_mobile":{"unit":"px","top":"0","right":"0","bottom":"0","left":"0","isLinked":false}},"elements":[{"id":"3efe66a2","settings":{"_column_size":100,"_inline_size":null},"elements":[{"id":"1e6a09c9","settings":{"heading_title":"#catch on the best","heading_subtitle":"best selling products","limit":8,"categories":[],"product_type":"random_product","text_button":"show more","column":"4","show_more":"yes","selected_icon":{"value":"icon- icon-plus","library":"simple-line-icons"},"rows":"2","navigation":"","pagination":"yes","col_desktopsmall":"3"},"elements":[],"isInner":false,"widgetType":"tbay-products","elType":"widget"}],"isInner":false,"elType":"column"}],"isInner":false,"elType":"section"},{"id":"4e30dac3","settings":{"padding":{"unit":"px","top":"80","right":"0","bottom":"30","left":"0","isLinked":false},"padding_mobile":{"unit":"px","top":"20","right":"0","bottom":"20","left":"0","isLinked":false}},"elements":[{"id":"713320a4","settings":{"_column_size":100,"_inline_size":null,"padding_mobile":{"unit":"px","top":"0","right":"0","bottom":"0","left":"0","isLinked":false}},"elements":[{"id":"6f7f32ee","settings":{"editor":"<p>How\u2018re we doing? Give us a feedback.<br \/>It\u2019s very important to us to improve your experiences, many thanks for your contributions.<\/p>","align":"center","_css_classes":"feedback"},"elements":[],"isInner":false,"widgetType":"text-editor","elType":"widget"}],"isInner":false,"elType":"column"}],"isInner":false,"elType":"section"},{"id":"29802233","settings":{"padding":{"unit":"px","top":"0","right":"0","bottom":"0","left":"0","isLinked":false},"background_background":"classic","background_color":"#F4F9FC","css_classes":"tb-full"},"elements":[{"id":"60e977bc","settings":{"_column_size":100,"_inline_size":null,"padding_mobile":{"unit":"px","top":"0","right":"0","bottom":"0","left":"0","isLinked":false}},"elements":[{"id":"62b80ad4","settings":{"column":"1","col_desktop":"1","col_desktopsmall":"1","col_landscape":"1","_css_classes":"h13","column_tablet":"1","column_mobile":"1","disable_mobile":""},"elements":[],"isInner":false,"widgetType":"tbay-testimonials","elType":"widget"}],"isInner":false,"elType":"column"}],"isInner":false,"elType":"section"}]}