{"version":"0.4","title":"template_home_8","type":"page","content":[{"id":"5393c0f1","settings":{"padding":{"unit":"px","top":"100","right":"0","bottom":"85","left":"0","isLinked":false},"padding_mobile":{"unit":"px","top":"0","right":"0","bottom":"0","left":"0","isLinked":false}},"elements":[{"id":"7044911b","settings":{"_column_size":100,"_inline_size":null,"padding_mobile":{"unit":"px","top":"0","right":"0","bottom":"0","left":"0","isLinked":false}},"elements":[{"id":"1a48871c","settings":{"heading_title":"#we\u2019re to help you","heading_subtitle":"recommended for you","layout_type":"carousel","categories":["clothing","women"],"cat_operator":"AND","product_type":"random_product","text_button":"show more","column":"5","navigation":"","pagination":"yes","col_desktopsmall":"3"},"elements":[],"isInner":false,"widgetType":"tbay-products","elType":"widget"}],"isInner":false,"elType":"column"}],"isInner":false,"elType":"section"},{"id":"54454303","settings":{"stretch_section":"section-stretched","layout":"full_width","gap":"no","structure":"20","padding":{"unit":"px","top":"35","right":"0","bottom":"35","left":"0","isLinked":false},"padding_mobile":{"unit":"px","top":"0","right":"0","bottom":"0","left":"0","isLinked":false}},"elements":[{"id":"12e86da3","settings":{"_column_size":50,"_inline_size":null},"elements":[{"id":"1dde2334","settings":{"image":{"url":"https:\/\/elementor.thembay.com\/puca\/wp-content\/uploads\/2017\/09\/home6-banner02.png","id":1909},"image_size":"full","link_to":"custom","link":{"url":"#","is_external":"","nofollow":""}},"elements":[],"isInner":false,"widgetType":"image","elType":"widget"}],"isInner":false,"elType":"column"},{"id":"3dfc4fc","settings":{"_column_size":50,"_inline_size":null},"elements":[{"id":"20be0e2d","settings":{"image":{"url":"https:\/\/elementor.thembay.com\/puca\/wp-content\/uploads\/2017\/09\/home6-banner01.png","id":1908},"image_size":"full","link_to":"custom","link":{"url":"#","is_external":"","nofollow":""}},"elements":[],"isInner":false,"widgetType":"image","elType":"widget"}],"isInner":false,"elType":"column"}],"isInner":false,"elType":"section"},{"id":"7a25edfa","settings":{"padding":{"unit":"px","top":"55","right":"0","bottom":"120","left":"0","isLinked":false},"padding_mobile":{"unit":"px","top":"0","right":"0","bottom":"0","left":"0","isLinked":false}},"elements":[{"id":"7922d6d2","settings":{"_column_size":100,"_inline_size":null,"padding_mobile":{"unit":"px","top":"0","right":"0","bottom":"0","left":"0","isLinked":false}},"elements":[{"id":"69b6e670","settings":{"heading_title":"#keep on trending","heading_subtitle":"best seller products","limit":15,"categories":["clothing","men"],"cat_operator":"AND","product_type":"best_selling","show_more":"yes","text_button":"show more","selected_icon":{"value":"icon- icon-plus","library":"simple-line-icons"},"column":"5","col_desktopsmall":"3"},"elements":[],"isInner":false,"widgetType":"tbay-products","elType":"widget"}],"isInner":false,"elType":"column"}],"isInner":false,"elType":"section"},{"id":"2d557e4","settings":{"stretch_section":"section-stretched","padding":{"unit":"px","top":"0","right":"0","bottom":"100","left":"0","isLinked":false},"padding_mobile":{"unit":"px","top":"0","right":"0","bottom":"0","left":"0","isLinked":false}},"elements":[{"id":"4033a9e5","settings":{"_column_size":100,"_inline_size":null,"padding_mobile":{"unit":"px","top":"0","right":"0","bottom":"0","left":"0","isLinked":false}},"elements":[{"id":"42208133","settings":{"heading_title":"#to who loves fashion","heading_subtitle":"latest new & blog","layout_type":"carousel-vertical","column":"2","col_desktop":"2","navigation":"","pagination":"yes","column_mobile":"1","column_tablet":"2"},"elements":[],"isInner":false,"widgetType":"tbay-posts-grid","elType":"widget"}],"isInner":false,"elType":"column"}],"isInner":false,"elType":"section"}]}