{"content":[{"id":"38e132ce","settings":[],"elements":[{"id":"1f3fd498","settings":{"_column_size":100,"_inline_size":null},"elements":[{"id":"6cfbbb30","settings":{"empty":"You have no recently viewed item.","limit":20,"product_item":"inner","readmore_text":"Read More","readmore_page":569,"_margin":{"unit":"px","top":"60","right":"0","bottom":"0","left":"0","isLinked":false}},"elements":[],"isInner":false,"widgetType":"tbay-fashion3-product-recently-viewed","elType":"widget"}],"isInner":false,"elType":"column"}],"isInner":false,"elType":"section"}],"page_settings":[],"version":"0.4","title":"page-recen","type":"page"}