{"version":"0.4","title":"template_home_12","type":"page","content":[{"id":"565cde31","settings":{"padding":{"unit":"px","top":"110","right":"0","bottom":"65","left":"0","isLinked":false},"padding_mobile":{"unit":"px","top":"0","right":"0","bottom":"0","left":"0","isLinked":false}},"elements":[{"id":"3084c533","settings":{"_column_size":100,"_inline_size":null,"padding_mobile":{"unit":"px","top":"0","right":"0","bottom":"0","left":"0","isLinked":false}},"elements":[{"id":"44ad0fc0","settings":{"heading_title":"#discover the best","heading_subtitle":"featured categories","limit":8,"layout_type":"carousel","column":"6","col_desktop":"6","col_desktopsmall":"5","navigation":"","column_tablet":"4"},"elements":[],"isInner":false,"widgetType":"tbay-list-categories-product","elType":"widget"}],"isInner":false,"elType":"column"}],"isInner":false,"elType":"section"},{"id":"2647c006","settings":{"structure":"20"},"elements":[{"id":"287cb46","settings":{"_column_size":50,"_inline_size":null,"padding_mobile":{"unit":"px","top":"0","right":"0","bottom":"0","left":"0","isLinked":false}},"elements":[{"id":"763d34c9","settings":{"image":{"url":"https:\/\/elementor.thembay.com\/puca\/wp-content\/uploads\/2017\/09\/home12-banner01.png","id":3189},"image_size":"full","link_to":"custom","link":{"url":"#","is_external":"","nofollow":""}},"elements":[],"isInner":false,"widgetType":"image","elType":"widget"}],"isInner":false,"elType":"column"},{"id":"62b825ae","settings":{"_column_size":50,"_inline_size":null,"padding":{"unit":"px","top":"0","right":"0","bottom":"0","left":"0","isLinked":false}},"elements":[{"id":"763c83f7","settings":{"structure":"20","margin":{"unit":"px","top":"","right":0,"bottom":"","left":0,"isLinked":true}},"elements":[{"id":"79b822af","settings":{"_column_size":50,"_inline_size":null,"padding_mobile":{"unit":"px","top":"0","right":"0","bottom":"0","left":"0","isLinked":false},"hide_mobile":"hidden-phone"},"elements":[{"id":"379ea618","settings":{"image":{"url":"https:\/\/elementor.thembay.com\/puca\/wp-content\/uploads\/2017\/09\/home12-banner02.png","id":3190},"image_size":"full","link_to":"custom","link":{"url":"#","is_external":"","nofollow":""}},"elements":[],"isInner":false,"widgetType":"image","elType":"widget"}],"isInner":true,"elType":"column"},{"id":"4254bb01","settings":{"_column_size":50,"_inline_size":null,"padding_mobile":{"unit":"px","top":"0","right":"0","bottom":"0","left":"0","isLinked":false},"hide_mobile":"hidden-phone"},"elements":[{"id":"251bdfde","settings":{"image":{"url":"https:\/\/elementor.thembay.com\/puca\/wp-content\/uploads\/2017\/09\/home12-banner03.png","id":3191},"image_size":"full","link_to":"custom","link":{"url":"#","is_external":"","nofollow":""}},"elements":[],"isInner":false,"widgetType":"image","elType":"widget"}],"isInner":true,"elType":"column"}],"isInner":true,"elType":"section"},{"id":"33e3e4db","settings":{"margin":{"unit":"px","top":"","right":0,"bottom":"","left":0,"isLinked":true}},"elements":[{"id":"49beab07","settings":{"_column_size":100,"_inline_size":null,"padding_mobile":{"unit":"px","top":"0","right":"0","bottom":"0","left":"0","isLinked":false}},"elements":[{"id":"afaa00f","settings":{"image":{"url":"https:\/\/elementor.thembay.com\/puca\/wp-content\/uploads\/2017\/09\/home12-banner04.png","id":3192},"image_size":"full","link_to":"custom","link":{"url":"#","is_external":"","nofollow":""}},"elements":[],"isInner":false,"widgetType":"image","elType":"widget"}],"isInner":true,"elType":"column"}],"isInner":true,"elType":"section"}],"isInner":false,"elType":"column"}],"isInner":false,"elType":"section"},{"id":"1fad3eef","settings":{"padding":{"unit":"px","top":"80","right":"0","bottom":"95","left":"0","isLinked":false},"hide_mobile":"hidden-phone"},"elements":[{"id":"4f1932d2","settings":{"_column_size":100,"_inline_size":null,"padding_mobile":{"unit":"px","top":"0","right":"0","bottom":"0","left":"0","isLinked":false}},"elements":[{"id":"1eac8dec","settings":{"selected_icon":{"value":"icon- icon-eyeglass","library":"simple-line-icons"},"size":{"unit":"px","size":20,"sizes":[]}},"elements":[],"isInner":false,"widgetType":"icon","elType":"widget"},{"id":"19978549","settings":{"editor":"<p>Enjoy express worldwide delivery and same-day delivery in London, New York, Paris, Los Angeles, Miami, Madrid, Milan, Barcelona and Rome, plus swift and simple returns, and exciting new men\u2019s and women\u2019s pieces uploaded every day!<\/p>","align":"center","typography_typography":"custom","typography_font_weight":"500","column_gap":{"unit":"px","size":0,"sizes":[]}},"elements":[],"isInner":false,"widgetType":"text-editor","elType":"widget"},{"id":"b8e46bd","settings":{"text":"read more","align":"center","typography_typography":"custom","typography_font_weight":"700","typography_text_transform":"uppercase","typography_line_height":{"unit":"px","size":43,"sizes":[]},"background_color":"#FD6E4F","border_radius":{"unit":"px","top":"0","right":"0","bottom":"0","left":"0","isLinked":true},"text_padding":{"unit":"px","top":"0","right":"30","bottom":"0","left":"30","isLinked":false}},"elements":[],"isInner":false,"widgetType":"button","elType":"widget"}],"isInner":false,"elType":"column"}],"isInner":false,"elType":"section"},{"id":"252f4831","settings":{"padding":{"unit":"px","top":"0","right":"0","bottom":"40","left":"0","isLinked":false},"padding_mobile":{"unit":"px","top":"0","right":"0","bottom":"0","left":"0","isLinked":false}},"elements":[{"id":"7260d01d","settings":{"_column_size":100,"_inline_size":null,"padding_mobile":{"unit":"px","top":"0","right":"0","bottom":"0","left":"0","isLinked":false}},"elements":[{"id":"43f39999","settings":{"heading_title":"#catch on the best","heading_subtitle":"best selling products","limit":8,"categories":[],"product_type":"random_product","text_button":"show more","column":"4","show_more":"yes","selected_icon":{"value":"icon- icon-plus","library":"simple-line-icons"},"rows":"2","navigation":"","pagination":"yes","col_desktopsmall":"3"},"elements":[],"isInner":false,"widgetType":"tbay-products","elType":"widget"}],"isInner":false,"elType":"column"}],"isInner":false,"elType":"section"},{"id":"15117dc7","settings":{"padding":{"unit":"px","top":"50","right":"0","bottom":"85","left":"0","isLinked":false},"padding_mobile":{"unit":"px","top":"20","right":"0","bottom":"0","left":"0","isLinked":false}},"elements":[{"id":"63a706d3","settings":{"_column_size":100,"_inline_size":null,"padding_mobile":{"unit":"px","top":"0","right":"0","bottom":"0","left":"0","isLinked":false}},"elements":[{"id":"6ca64da8","settings":{"editor":"<p>How\u2018re we doing? Give us a feedback.<br \/>It\u2019s very important to us to improve your experiences, many thanks for your contributions.<\/p>","align":"center","typography_typography":"custom","typography_font_weight":"500","column_gap":{"unit":"px","size":0,"sizes":[]}},"elements":[],"isInner":false,"widgetType":"text-editor","elType":"widget"}],"isInner":false,"elType":"column"}],"isInner":false,"elType":"section"},{"id":"717b8018","settings":{"stretch_section":"section-stretched","padding":{"unit":"px","top":"50","right":"0","bottom":"35","left":"0","isLinked":false},"css_classes":"has-boxshadow","layout":"full_width","padding_mobile":{"unit":"px","top":"0","right":"0","bottom":"0","left":"0","isLinked":false}},"elements":[{"id":"57c0d3ad","settings":{"_column_size":100,"_inline_size":null,"padding_mobile":{"unit":"px","top":"0","right":"0","bottom":"0","left":"0","isLinked":false}},"elements":[{"id":"42962cc2","settings":{"heading_title":"#to who loves fashion","heading_subtitle":"latest new & blog","layout_type":"carousel-vertical","column":"3","col_desktop":"2","navigation":"","pagination":"yes","column_tablet":"2","column_mobile":"1"},"elements":[],"isInner":false,"widgetType":"tbay-posts-grid","elType":"widget"}],"isInner":false,"elType":"column"}],"isInner":false,"elType":"section"}]}