{"version":"0.4","title":"template_home_6","type":"page","content":[{"id":"56e0d700","settings":{"stretch_section":"section-stretched","layout":"full_width","gap":"no","structure":"20"},"elements":[{"id":"51032f1a","settings":{"_column_size":50,"_inline_size":null},"elements":[{"id":"5ab7fab8","settings":{"revslidertitle":"Fashion Home6","shortcode":"[rev_slider alias=\"fashion-home6\"][\/rev_slider]"},"elements":[],"isInner":false,"widgetType":"slider_revolution","elType":"widget"}],"isInner":false,"elType":"column"},{"id":"4b0c605f","settings":{"_column_size":50,"_inline_size":null,"space_between_widgets":0},"elements":[{"id":"1ee2a8ea","settings":{"image":{"url":"https:\/\/elementor.thembay.com\/puca\/wp-content\/uploads\/2017\/09\/home6-banner01.png","id":1908},"image_size":"full","link_to":"custom","link":{"url":"#","is_external":"","nofollow":""}},"elements":[],"isInner":false,"widgetType":"image","elType":"widget"},{"id":"5c2a57d8","settings":{"image":{"url":"https:\/\/elementor.thembay.com\/puca\/wp-content\/uploads\/2017\/09\/home6-banner02.png","id":1909},"image_size":"full","link_to":"custom","link":{"url":"#","is_external":"","nofollow":""},"_margin":{"unit":"px","top":"0","right":"0","bottom":"0","left":"0","isLinked":false}},"elements":[],"isInner":false,"widgetType":"image","elType":"widget"}],"isInner":false,"elType":"column"}],"isInner":false,"elType":"section"},{"id":"ba00cd2","settings":{"padding":{"unit":"px","top":"060","right":"0","bottom":"50","left":"0","isLinked":false},"padding_mobile":{"unit":"px","top":"0","right":"0","bottom":"0","left":"0","isLinked":false}},"elements":[{"id":"6524542f","settings":{"_column_size":100,"_inline_size":null,"background_background":"classic","background_color":"#FFFFFF","margin":{"unit":"px","top":"-120","right":"0","bottom":"0","left":"0","isLinked":false},"padding":{"unit":"px","top":"50","right":"0","bottom":"0","left":"0","isLinked":false},"padding_mobile":{"unit":"px","top":"0","right":"0","bottom":"0","left":"0","isLinked":false},"margin_mobile":{"unit":"px","top":"0","right":"0","bottom":"0","left":"0","isLinked":false}},"elements":[{"id":"4532dd64","settings":{"heading_title":"#catch on the best","heading_subtitle":"today featured items","limit":16,"product_type":"random_product","layout_type":"carousel","style":"style-tab2","view_all_text":"View All","categories":[{"category":"jewellery","category_type":"icon","category_icon":{"value":"","library":""},"category_image":{"url":"","id":""},"thumbnail_size":"full","thumbnail_custom_dimension":{"width":"","height":""},"_id":"fb9649b"},{"category":"bags","category_type":"icon","category_icon":{"value":"","library":""},"category_image":{"url":"","id":""},"thumbnail_size":"full","thumbnail_custom_dimension":{"width":"","height":""},"_id":"f541bde"},{"category":"accessories","category_type":"icon","category_icon":{"value":"","library":""},"category_image":{"url":"","id":""},"thumbnail_size":"full","thumbnail_custom_dimension":{"width":"","height":""},"_id":"c89dc18"},{"category":"clothing","category_type":"icon","category_icon":{"value":"","library":""},"category_image":{"url":"","id":""},"thumbnail_size":"full","thumbnail_custom_dimension":{"width":"","height":""},"_id":"8623b77"},{"category":"shoes","category_type":"icon","category_icon":{"value":"","library":""},"category_image":{"url":"","id":""},"thumbnail_size":"full","thumbnail_custom_dimension":{"width":"","height":""},"_id":"e21aa15"}],"rows":"2","navigation":"","pagination":"yes","col_desktopsmall":"3"},"elements":[],"isInner":false,"widgetType":"tbay-product-categories-tabs","elType":"widget"}],"isInner":false,"elType":"column"}],"isInner":false,"elType":"section"},{"id":"58c01a2","settings":{"structure":"20"},"elements":[{"id":"379718b","settings":{"_column_size":50,"_inline_size":null,"padding":{"unit":"px","top":"0","right":"15","bottom":"0","left":"0","isLinked":false},"padding_mobile":{"unit":"px","top":"0","right":"0","bottom":"0","left":"0","isLinked":false}},"elements":[{"id":"545e2b72","settings":{"image":{"url":"https:\/\/elementor.thembay.com\/puca\/wp-content\/uploads\/2017\/09\/home6-banner03.png","id":3382},"image_size":"full","link_to":"custom","link":{"url":"#","is_external":"","nofollow":""}},"elements":[],"isInner":false,"widgetType":"image","elType":"widget"}],"isInner":false,"elType":"column"},{"id":"4d434f9","settings":{"_column_size":50,"_inline_size":null,"padding":{"unit":"px","top":"0","right":"0","bottom":"0","left":"15","isLinked":false},"padding_mobile":{"unit":"px","top":"0","right":"0","bottom":"0","left":"0","isLinked":false}},"elements":[{"id":"41b1d3ce","settings":{"image":{"url":"https:\/\/elementor.thembay.com\/puca\/wp-content\/uploads\/2017\/09\/home6-banner04.png","id":3383},"image_size":"full","link_to":"custom","link":{"url":"#","is_external":"","nofollow":""}},"elements":[],"isInner":false,"widgetType":"image","elType":"widget"}],"isInner":false,"elType":"column"}],"isInner":false,"elType":"section"},{"id":"76d965f9","settings":{"stretch_section":"section-stretched","background_background":"classic","padding":{"unit":"px","top":"80","right":"0","bottom":"50","left":"0","isLinked":false},"padding_mobile":{"unit":"px","top":"0","right":"0","bottom":"0","left":"0","isLinked":false}},"elements":[{"id":"2cb82329","settings":{"_column_size":100,"_inline_size":null,"padding_mobile":{"unit":"px","top":"0","right":"0","bottom":"0","left":"0","isLinked":false}},"elements":[{"id":"3510775c","settings":{"features":[{"feature_title":"fast & Free Shipping","feature_desc":"Offers apply to all orders over $500.","feature_type":"icon","selected_icon":{"value":"icon- icon-plane","library":"simple-line-icons"},"type_image":{"url":"","id":""},"feature_margin_icon":{"unit":"px","top":"","right":"","bottom":"","left":"","isLinked":true},"feature_margin_icon_tablet":{"unit":"px","top":"","right":"","bottom":"","left":"","isLinked":true},"feature_margin_icon_mobile":{"unit":"px","top":"","right":"","bottom":"","left":"","isLinked":true},"_id":"a3385c7"},{"feature_title":"members gift weekly","feature_desc":"Offer applied to customers purchsed over 3 times.","feature_type":"icon","selected_icon":{"value":"icon- icon-badge","library":"simple-line-icons"},"type_image":{"url":"","id":""},"feature_margin_icon":{"unit":"px","top":"","right":"","bottom":"","left":"","isLinked":true},"feature_margin_icon_tablet":{"unit":"px","top":"","right":"","bottom":"","left":"","isLinked":true},"feature_margin_icon_mobile":{"unit":"px","top":"","right":"","bottom":"","left":"","isLinked":true},"_id":"11ee972"},{"feature_title":"friendly support 24\/7","feature_desc":"Our supporters services are always to help","feature_type":"icon","selected_icon":{"value":"icon- icon-umbrella","library":"simple-line-icons"},"type_image":{"url":"","id":""},"feature_margin_icon":{"unit":"px","top":"","right":"","bottom":"","left":"","isLinked":true},"feature_margin_icon_tablet":{"unit":"px","top":"","right":"","bottom":"","left":"","isLinked":true},"feature_margin_icon_mobile":{"unit":"px","top":"","right":"","bottom":"","left":"","isLinked":true},"_id":"b3c4220"}],"styles":"style3"},"elements":[],"isInner":false,"widgetType":"tbay-features","elType":"widget"}],"isInner":false,"elType":"column"}],"isInner":false,"elType":"section"},{"id":"320d3572","settings":{"padding":{"unit":"px","top":"60","right":"0","bottom":"110","left":"0","isLinked":false},"padding_mobile":{"unit":"px","top":"0","right":"0","bottom":"0","left":"0","isLinked":false},"padding_tablet":{"unit":"px","top":"0","right":"0","bottom":"50","left":"0","isLinked":false}},"elements":[{"id":"674be090","settings":{"_column_size":100,"_inline_size":null,"padding_mobile":{"unit":"px","top":"20","right":"0","bottom":"0","left":"0","isLinked":false}},"elements":[{"id":"3cf655e9","settings":{"editor":"<p>How\u2018re we doing? Give us a <a href=\"#\">feedback<\/a>.<br \/>It\u2019s very important to us to improve your experiences, many thanks for your contributions.<\/p>","align":"center","_css_classes":"feedback"},"elements":[],"isInner":false,"widgetType":"text-editor","elType":"widget"}],"isInner":false,"elType":"column"}],"isInner":false,"elType":"section"},{"id":"4f1afcfd","settings":{"stretch_section":"section-stretched","padding":{"unit":"px","top":"50","right":"0","bottom":"100","left":"0","isLinked":false},"css_classes":"has-boxshadow","padding_mobile":{"unit":"px","top":"0","right":"0","bottom":"0","left":"0","isLinked":false}},"elements":[{"id":"1905f32b","settings":{"_column_size":100,"_inline_size":null,"padding_mobile":{"unit":"px","top":"0","right":"0","bottom":"0","left":"0","isLinked":false}},"elements":[{"id":"531c202f","settings":{"heading_title":"#to who loves fashion","heading_subtitle":"latest new & blog","layout_type":"carousel-vertical","column":"2","col_desktop":"2","navigation":"","pagination":"yes","column_tablet":"2","column_mobile":"1"},"elements":[],"isInner":false,"widgetType":"tbay-posts-grid","elType":"widget"}],"isInner":false,"elType":"column"}],"isInner":false,"elType":"section"}]}