{"version":"0.4","title":"template_home_3","type":"page","content":[{"id":"1e6a61a0","settings":[],"elements":[{"id":"49d591e6","settings":{"_column_size":100,"_inline_size":null},"elements":[{"id":"60489586","settings":{"revslidertitle":"Fashion Home3","shortcode":"[rev_slider alias=\"fashion-home3\"][\/rev_slider]"},"elements":[],"isInner":false,"widgetType":"slider_revolution","elType":"widget"}],"isInner":false,"elType":"column"}],"isInner":false,"elType":"section"},{"id":"451a3c55","settings":{"background_background":"classic","margin":{"unit":"px","top":"0","right":0,"bottom":"0","left":0,"isLinked":true},"padding":{"unit":"px","top":"0","right":"0","bottom":"0","left":"0","isLinked":false}},"elements":[{"id":"6980e1dc","settings":{"_column_size":100,"_inline_size":null,"margin":{"unit":"px","top":"-30","right":"0","bottom":"0","left":"0","isLinked":false},"margin_mobile":{"unit":"px","top":"0","right":"0","bottom":"0","left":"0","isLinked":false},"padding_tablet":{"unit":"px","top":"0","right":"0","bottom":"0","left":"0","isLinked":false}},"elements":[{"id":"6de9878c","settings":{"styles":"style3","features":[{"feature_title":"fast & Free Shipping","feature_desc":"Offers apply to all orders over $500.","feature_type":"icon","selected_icon":{"value":"icon- icon-plane","library":"simple-line-icons"},"type_image":{"url":"","id":""},"feature_margin_icon":{"unit":"px","top":"","right":"","bottom":"","left":"","isLinked":true},"feature_margin_icon_tablet":{"unit":"px","top":"","right":"","bottom":"","left":"","isLinked":true},"feature_margin_icon_mobile":{"unit":"px","top":"","right":"","bottom":"","left":"","isLinked":true},"_id":"a3385c7"},{"feature_title":"members gift weekly","feature_desc":"Offer applied to customers purchsed over 3 times.","feature_type":"icon","selected_icon":{"value":"icon- icon-badge","library":"simple-line-icons"},"type_image":{"url":"","id":""},"feature_margin_icon":{"unit":"px","top":"","right":"","bottom":"","left":"","isLinked":true},"feature_margin_icon_tablet":{"unit":"px","top":"","right":"","bottom":"","left":"","isLinked":true},"feature_margin_icon_mobile":{"unit":"px","top":"","right":"","bottom":"","left":"","isLinked":true},"_id":"11ee972"},{"feature_title":"friendly support 24\/7","feature_desc":"Our supporters services are always to help","feature_type":"icon","selected_icon":{"value":"icon- icon-umbrella","library":"simple-line-icons"},"type_image":{"url":"","id":""},"feature_margin_icon":{"unit":"px","top":"","right":"","bottom":"","left":"","isLinked":true},"feature_margin_icon_tablet":{"unit":"px","top":"","right":"","bottom":"","left":"","isLinked":true},"feature_margin_icon_mobile":{"unit":"px","top":"","right":"","bottom":"","left":"","isLinked":true},"_id":"b3c4220"}]},"elements":[],"isInner":false,"widgetType":"tbay-features","elType":"widget"}],"isInner":false,"elType":"column"}],"isInner":false,"elType":"section"},{"id":"5256df80","settings":{"stretch_section":"section-stretched","layout":"full_width","padding":{"unit":"px","top":"50","right":"0","bottom":"50","left":"0","isLinked":false},"css_classes":"max-1600","padding_mobile":{"unit":"px","top":"0","right":"0","bottom":"0","left":"0","isLinked":false}},"elements":[{"id":"3bc03b29","settings":{"_column_size":100,"_inline_size":null,"padding_mobile":{"unit":"px","top":"0","right":"0","bottom":"0","left":"0","isLinked":false}},"elements":[{"id":"16b124e9","settings":{"heading_title":"#catch on flash sale","heading_subtitle":"top deal of the day","layout_type":"inner-countdown","products":["385","2269","2317","2354","2355","2357","2365"],"column":"5","col_desktopsmall":"3"},"elements":[],"isInner":false,"widgetType":"tbay-product-count-down","elType":"widget"}],"isInner":false,"elType":"column"}],"isInner":false,"elType":"section"},{"id":"1c39b6db","settings":{"padding":{"unit":"px","top":"60","right":"0","bottom":"100","left":"0","isLinked":false},"hide_mobile":"hidden-phone"},"elements":[{"id":"5585c649","settings":{"_column_size":100,"_inline_size":null},"elements":[{"id":"d63ba70","settings":{"selected_icon":{"value":"icon- icon-eyeglass","library":"simple-line-icons"},"size":{"unit":"px","size":20,"sizes":[]}},"elements":[],"isInner":false,"widgetType":"icon","elType":"widget"},{"id":"29107613","settings":{"editor":"<p>Enjoy express worldwide delivery and same-day delivery in London, New York, Paris, Los Angeles, Miami, Madrid, Milan, Barcelona and Rome, plus swift and simple returns, and exciting new men\u2019s and women\u2019s pieces uploaded every day!<\/p>","align":"center","typography_typography":"custom","typography_font_weight":"500","column_gap":{"unit":"px","size":0,"sizes":[]}},"elements":[],"isInner":false,"widgetType":"text-editor","elType":"widget"},{"id":"36cf0b7e","settings":{"text":"read more","align":"center","typography_typography":"custom","typography_font_weight":"700","typography_text_transform":"uppercase","typography_line_height":{"unit":"px","size":43,"sizes":[]},"background_color":"#FD6E4F","border_radius":{"unit":"px","top":"0","right":"0","bottom":"0","left":"0","isLinked":true},"text_padding":{"unit":"px","top":"0","right":"30","bottom":"0","left":"30","isLinked":false}},"elements":[],"isInner":false,"widgetType":"button","elType":"widget"}],"isInner":false,"elType":"column"}],"isInner":false,"elType":"section"},{"id":"36a71db","settings":{"structure":"20"},"elements":[{"id":"61962c62","settings":{"_column_size":50,"_inline_size":null,"padding_tablet":{"unit":"px","top":"0","right":"15","bottom":"0","left":"0","isLinked":false},"padding_mobile":{"unit":"px","top":"0","right":"0","bottom":"0","left":"0","isLinked":false}},"elements":[{"id":"39e8436","settings":{"image":{"url":"https:\/\/elementor.thembay.com\/puca\/wp-content\/uploads\/2017\/09\/home3-banner01.png","id":3120},"image_size":"full","link_to":"custom","link":{"url":"#","is_external":"","nofollow":""}},"elements":[],"isInner":false,"widgetType":"image","elType":"widget"}],"isInner":false,"elType":"column"},{"id":"1c4c4bf0","settings":{"_column_size":50,"_inline_size":null,"padding_tablet":{"unit":"px","top":"0","right":"0","bottom":"0","left":"15","isLinked":false},"padding_mobile":{"unit":"px","top":"0","right":"0","bottom":"0","left":"0","isLinked":false}},"elements":[{"id":"53da783","settings":{"image":{"url":"https:\/\/elementor.thembay.com\/puca\/wp-content\/uploads\/2017\/09\/home3-banner02.png","id":3121},"image_size":"full","link_to":"custom","link":{"url":"#","is_external":"","nofollow":""}},"elements":[],"isInner":false,"widgetType":"image","elType":"widget"}],"isInner":false,"elType":"column"}],"isInner":false,"elType":"section"},{"id":"278d473a","settings":{"padding":{"unit":"px","top":"100","right":"0","bottom":"95","left":"0","isLinked":false},"padding_mobile":{"unit":"px","top":"0","right":"0","bottom":"0","left":"0","isLinked":false}},"elements":[{"id":"3b8a170a","settings":{"_column_size":100,"_inline_size":null,"padding_tablet":{"unit":"px","top":"0","right":"0","bottom":"0","left":"0","isLinked":false}},"elements":[{"id":"1f4ff5e8","settings":{"align":"center","heading_title":"#keep on trending","heading_subtitle":"featured products","limit":9,"layout_type":"special","categories":["accessories","clothing"],"cat_operator":"AND","product_type":"random_product","show_more":"yes","text_button":"show more","selected_icon":{"value":"icon- icon-plus","library":"simple-line-icons"},"column":"3","col_desktop":"3","column_tablet":"2"},"elements":[],"isInner":false,"widgetType":"tbay-products","elType":"widget"}],"isInner":false,"elType":"column"}],"isInner":false,"elType":"section"},{"id":"19031e93","settings":{"stretch_section":"section-stretched","layout":"full_width","padding":{"unit":"px","top":"30","right":"0","bottom":"110","left":"0","isLinked":false},"css_classes":"max-1600","padding_mobile":{"unit":"px","top":"0","right":"0","bottom":"0","left":"0","isLinked":false}},"elements":[{"id":"2a905ee","settings":{"_column_size":100,"_inline_size":null,"padding_mobile":{"unit":"px","top":"0","right":"0","bottom":"0","left":"0","isLinked":false}},"elements":[{"id":"1f20be28","settings":{"heading_title":"#to who loves fashion","heading_subtitle":"latest new & blog","column":"4","col_desktop":"3","navigation":"","pagination":"yes","column_tablet":"2","column_mobile":"1","col_landscape":"1"},"elements":[],"isInner":false,"widgetType":"tbay-posts-grid","elType":"widget"}],"isInner":false,"elType":"column"}],"isInner":false,"elType":"section"}]}