{"version":"0.4","title":"template_home_14","type":"page","content":[{"id":"5aaea36e","settings":{"stretch_section":"section-stretched","layout":"full_width","gap":"no","css_classes":"tb-full"},"elements":[{"id":"7437c5c0","settings":{"_column_size":100,"_inline_size":null},"elements":[{"id":"273b70c7","settings":{"revslidertitle":"Fashion Home14","shortcode":"[rev_slider alias=\"fashion-home14\"][\/rev_slider]"},"elements":[],"isInner":false,"widgetType":"slider_revolution","elType":"widget"}],"isInner":false,"elType":"column"}],"isInner":false,"elType":"section"},{"id":"7cf4be2f","settings":{"stretch_section":"section-stretched","layout":"full_width","gap":"no","structure":"30","padding":{"unit":"px","top":"0","right":"0","bottom":"0","left":"0","isLinked":false},"css_classes":"tb-full"},"elements":[{"id":"78aacbab","settings":{"_column_size":33,"_inline_size":null},"elements":[{"id":"4d38d887","settings":{"image":{"url":"https:\/\/elementor.thembay.com\/puca\/wp-content\/uploads\/2017\/12\/home2-banner01.jpg","id":3525},"image_size":"full","link_to":"custom","link":{"url":"#","is_external":"","nofollow":""}},"elements":[],"isInner":false,"widgetType":"image","elType":"widget"}],"isInner":false,"elType":"column"},{"id":"51b8c5fd","settings":{"_column_size":33,"_inline_size":null},"elements":[{"id":"447b2ae6","settings":{"image":{"url":"https:\/\/elementor.thembay.com\/puca\/wp-content\/uploads\/2017\/09\/home2-banner02-1.png","id":3111},"image_size":"full","link_to":"custom","link":{"url":"#","is_external":"","nofollow":""}},"elements":[],"isInner":false,"widgetType":"image","elType":"widget"}],"isInner":false,"elType":"column"},{"id":"381064ce","settings":{"_column_size":33,"_inline_size":null},"elements":[{"id":"ae91c44","settings":{"image":{"url":"https:\/\/elementor.thembay.com\/puca\/wp-content\/uploads\/2017\/09\/home2-banner03-1.png","id":3112},"image_size":"full","link_to":"custom","link":{"url":"#","is_external":"","nofollow":""}},"elements":[],"isInner":false,"widgetType":"image","elType":"widget"}],"isInner":false,"elType":"column"}],"isInner":false,"elType":"section"},{"id":"3ba472b3","settings":{"padding":{"unit":"px","top":"70","right":"0","bottom":"40","left":"0","isLinked":false},"hide_mobile":"hidden-phone"},"elements":[{"id":"af12995","settings":{"_column_size":100,"_inline_size":null},"elements":[{"id":"786d6cde","settings":{"selected_icon":{"value":"icon- icon-eyeglass","library":"simple-line-icons"},"size":{"unit":"px","size":20,"sizes":[]}},"elements":[],"isInner":false,"widgetType":"icon","elType":"widget"},{"id":"6dcdc335","settings":{"editor":"<p>Enjoy express worldwide delivery and same-day delivery in London, New York, Paris, Los Angeles, Miami, Madrid, Milan, Barcelona and Rome, plus swift and simple returns, and exciting new men\u2019s and women\u2019s pieces uploaded every day!<\/p>","align":"center","typography_typography":"custom","typography_font_weight":"500","column_gap":{"unit":"px","size":0,"sizes":[]}},"elements":[],"isInner":false,"widgetType":"text-editor","elType":"widget"},{"id":"200432f1","settings":{"text":"read more","align":"center","typography_typography":"custom","typography_font_weight":"700","typography_text_transform":"uppercase","typography_line_height":{"unit":"px","size":43,"sizes":[]},"background_color":"#FD6E4F","border_radius":{"unit":"px","top":"0","right":"0","bottom":"0","left":"0","isLinked":true},"text_padding":{"unit":"px","top":"0","right":"30","bottom":"0","left":"30","isLinked":false}},"elements":[],"isInner":false,"widgetType":"button","elType":"widget"}],"isInner":false,"elType":"column"}],"isInner":false,"elType":"section"},{"id":"272e4f64","settings":{"padding":{"unit":"px","top":"40","right":"0","bottom":"40","left":"0","isLinked":false},"padding_mobile":{"unit":"px","top":"0","right":"0","bottom":"0","left":"0","isLinked":false}},"elements":[{"id":"6de2a5ac","settings":{"_column_size":100,"_inline_size":null,"padding_mobile":{"unit":"px","top":"0","right":"0","bottom":"0","left":"0","isLinked":false}},"elements":[{"id":"6411c5da","settings":{"heading_title":"#discover the best","heading_subtitle":"featured categories","limit":8,"product_type":"random_product","show_view_all":"yes","view_all_text":"View All","categories":[{"category":"accessories","category_type":"image","category_icon":{"value":"","library":""},"category_image":{"url":"https:\/\/elementor.thembay.com\/puca\/wp-content\/uploads\/2017\/09\/cat-1.png","id":1911},"thumbnail_size":"full","thumbnail_custom_dimension":{"width":"","height":""},"_id":"c9ada89"},{"category":"shoes","category_type":"image","category_icon":{"value":"","library":""},"category_image":{"url":"https:\/\/elementor.thembay.com\/puca\/wp-content\/uploads\/2017\/09\/cat-2.png","id":1912},"thumbnail_size":"full","thumbnail_custom_dimension":{"width":"","height":""},"_id":"915c127"},{"category":"vintage","category_type":"image","category_icon":{"value":"","library":""},"category_image":{"url":"https:\/\/elementor.thembay.com\/puca\/wp-content\/uploads\/2017\/09\/cat-3.png","id":1913},"thumbnail_size":"full","thumbnail_custom_dimension":{"width":"","height":""},"_id":"a7381f7"},{"category":"men","category_type":"image","category_icon":{"value":"","library":""},"category_image":{"url":"https:\/\/elementor.thembay.com\/puca\/wp-content\/uploads\/2017\/09\/cat-4.png","id":1914},"thumbnail_size":"full","thumbnail_custom_dimension":{"width":"","height":""},"_id":"cb90dc9"},{"category":"jewellery","category_type":"image","category_icon":{"value":"","library":""},"category_image":{"url":"https:\/\/elementor.thembay.com\/puca\/wp-content\/uploads\/2017\/09\/cat-5.png","id":1915},"thumbnail_size":"full","thumbnail_custom_dimension":{"width":"","height":""},"_id":"a67e59d"},{"category":"women","category_type":"image","category_icon":{"value":"","library":""},"category_image":{"url":"https:\/\/elementor.thembay.com\/puca\/wp-content\/uploads\/2017\/09\/cat-6.png","id":1916},"thumbnail_size":"full","thumbnail_custom_dimension":{"width":"","height":""},"_id":"794bf6c"}],"style":"style2","col_desktopsmall":"3"},"elements":[],"isInner":false,"widgetType":"tbay-product-categories-tabs","elType":"widget"}],"isInner":false,"elType":"column"}],"isInner":false,"elType":"section"},{"id":"5946d8e1","settings":{"padding":{"unit":"px","top":"050","right":"0","bottom":"50","left":"0","isLinked":false},"padding_mobile":{"unit":"px","top":"20","right":"0","bottom":"20","left":"0","isLinked":false}},"elements":[{"id":"50cd90ba","settings":{"_column_size":100,"_inline_size":null,"padding_mobile":{"unit":"px","top":"0","right":"0","bottom":"0","left":"0","isLinked":false}},"elements":[{"id":"e9c07fb","settings":{"editor":"<p>How\u2018re we doing? Give us a feedback.<br \/>It\u2019s very important to us to improve your experiences, many thanks for your contributions.<\/p>","align":"center","_css_classes":"feedback","_padding_mobile":{"unit":"px","top":"20","right":"0","bottom":"0","left":"0","isLinked":false}},"elements":[],"isInner":false,"widgetType":"text-editor","elType":"widget"}],"isInner":false,"elType":"column"}],"isInner":false,"elType":"section"},{"id":"4564dcf1","settings":{"stretch_section":"section-stretched","background_background":"classic","background_color":"#FCFCFC","padding":{"unit":"px","top":"0","right":"0","bottom":"0","left":"0","isLinked":false},"css_classes":"tb-full"},"elements":[{"id":"60c581fe","settings":{"_column_size":100,"_inline_size":null,"padding_mobile":{"unit":"px","top":"0","right":"0","bottom":"0","left":"0","isLinked":false}},"elements":[{"id":"c3e0ddc","settings":{"layout_type":"carousel","column":"6","col_desktop":"6","col_desktopsmall":"6","column_tablet":"4","disable_mobile":""},"elements":[],"isInner":false,"widgetType":"tbay-brands","elType":"widget"}],"isInner":false,"elType":"column"}],"isInner":false,"elType":"section"},{"id":"2730fb5b","settings":{"padding":{"unit":"px","top":"0","right":"0","bottom":"0","left":"0","isLinked":false}},"elements":[{"id":"5725b628","settings":{"_column_size":100,"_inline_size":null,"padding_mobile":{"unit":"px","top":"0","right":"0","bottom":"0","left":"0","isLinked":false}},"elements":[{"id":"4bbff9fb","settings":{"column":"1","col_desktop":"1","col_desktopsmall":"1","col_landscape":"1","column_tablet":"1","column_mobile":"1","disable_mobile":""},"elements":[],"isInner":false,"widgetType":"tbay-testimonials","elType":"widget"}],"isInner":false,"elType":"column"}],"isInner":false,"elType":"section"}]}