{"version":"0.4","title":"template_home_7","type":"page","content":[{"id":"11ae7b5f","settings":{"stretch_section":"section-stretched","layout":"full_width","gap":"no"},"elements":[{"id":"4ba72dd4","settings":{"_column_size":100,"_inline_size":null},"elements":[{"id":"8fd63cf","settings":{"revslidertitle":"Fashion Home7","shortcode":"[rev_slider alias=\"fashion-home7\"][\/rev_slider]"},"elements":[],"isInner":false,"widgetType":"slider_revolution","elType":"widget"}],"isInner":false,"elType":"column"}],"isInner":false,"elType":"section"},{"id":"4ef9a754","settings":{"stretch_section":"section-stretched","layout":"full_width","gap":"no","structure":"20","css_classes":"max-1710"},"elements":[{"id":"55c30839","settings":{"_column_size":50,"_inline_size":null},"elements":[{"id":"331ebc8b","settings":{"image":{"url":"https:\/\/elementor.thembay.com\/puca\/wp-content\/uploads\/2017\/09\/home7-banner01.png","id":3147},"image_size":"full","link_to":"custom","link":{"url":"#","is_external":"","nofollow":""}},"elements":[],"isInner":false,"widgetType":"image","elType":"widget"}],"isInner":false,"elType":"column"},{"id":"31774916","settings":{"_column_size":50,"_inline_size":null},"elements":[{"id":"67b0755e","settings":{"image":{"url":"https:\/\/elementor.thembay.com\/puca\/wp-content\/uploads\/2017\/09\/home7-banner02.png","id":3148},"image_size":"full","link_to":"custom","link":{"url":"#","is_external":"","nofollow":""}},"elements":[],"isInner":false,"widgetType":"image","elType":"widget"}],"isInner":false,"elType":"column"}],"isInner":false,"elType":"section"},{"id":"53922e1e","settings":{"padding":{"unit":"px","top":"090","right":"0","bottom":"70","left":"0","isLinked":false},"padding_mobile":{"unit":"px","top":"0","right":"0","bottom":"0","left":"0","isLinked":false}},"elements":[{"id":"71836a66","settings":{"_column_size":100,"_inline_size":null,"padding_mobile":{"unit":"px","top":"0","right":"0","bottom":"0","left":"0","isLinked":false}},"elements":[{"id":"1e1ffff6","settings":{"heading_title":"#we\u2019re to help you","heading_subtitle":"recommended for you","layout_type":"carousel","categories":["accessories","clothing"],"cat_operator":"AND","product_type":"random_product","text_button":"show more","navigation":"","pagination":"yes","col_desktopsmall":"3"},"elements":[],"isInner":false,"widgetType":"tbay-products","elType":"widget"}],"isInner":false,"elType":"column"}],"isInner":false,"elType":"section"},{"id":"6892761a","settings":{"padding":{"unit":"px","top":"25","right":"0","bottom":"100","left":"0","isLinked":false},"padding_mobile":{"unit":"px","top":"0","right":"0","bottom":"0","left":"0","isLinked":false}},"elements":[{"id":"6d8eed63","settings":{"_column_size":100,"_inline_size":null,"padding_mobile":{"unit":"px","top":"30","right":"0","bottom":"0","left":"0","isLinked":false}},"elements":[{"id":"68bf4b53","settings":{"editor":"<p>Enjoy express worldwide delivery and same-day delivery in London, New York, Paris, Los Angeles, Miami, Madrid, Milan, Barcelona and Rome, plus swift and simple returns, and exciting new men\u2019s and women\u2019s pieces uploaded every day!<\/p>","align":"center","typography_typography":"custom","typography_font_weight":"500","column_gap":{"unit":"px","size":0,"sizes":[]}},"elements":[],"isInner":false,"widgetType":"text-editor","elType":"widget"},{"id":"45a83e4a","settings":{"text":"read more","align":"center","typography_typography":"custom","typography_font_weight":"700","typography_text_transform":"uppercase","typography_line_height":{"unit":"px","size":43,"sizes":[]},"background_color":"#FD6E4F","border_radius":{"unit":"px","top":"0","right":"0","bottom":"0","left":"0","isLinked":true},"text_padding":{"unit":"px","top":"0","right":"30","bottom":"0","left":"30","isLinked":false}},"elements":[],"isInner":false,"widgetType":"button","elType":"widget"}],"isInner":false,"elType":"column"}],"isInner":false,"elType":"section"},{"id":"5055a3d0","settings":{"padding":{"unit":"px","top":"040","right":"0","bottom":"40","left":"0","isLinked":false},"padding_mobile":{"unit":"px","top":"0","right":"0","bottom":"0","left":"0","isLinked":false}},"elements":[{"id":"71bd7b5e","settings":{"_column_size":100,"_inline_size":null,"padding_mobile":{"unit":"px","top":"0","right":"0","bottom":"0","left":"0","isLinked":false}},"elements":[{"id":"e0cee24","settings":{"column":"1","col_desktop":"1","col_desktopsmall":"1","col_landscape":"1","column_tablet":"1","column_mobile":"1","disable_mobile":""},"elements":[],"isInner":false,"widgetType":"tbay-testimonials","elType":"widget"}],"isInner":false,"elType":"column"}],"isInner":false,"elType":"section"},{"id":"41f57cae","settings":{"padding":{"unit":"px","top":"30","right":"0","bottom":"100","left":"0","isLinked":false},"padding_mobile":{"unit":"px","top":"0","right":"0","bottom":"0","left":"0","isLinked":false}},"elements":[{"id":"3c490961","settings":{"_column_size":100,"_inline_size":null,"padding_mobile":{"unit":"px","top":"0","right":"0","bottom":"0","left":"0","isLinked":false}},"elements":[{"id":"50437b4a","settings":{"heading_title":"#to who loves fashion","heading_subtitle":"latest new & blog","column":"3","col_desktop":"3","navigation":"","pagination":"yes","column_tablet":"2","column_mobile":"1"},"elements":[],"isInner":false,"widgetType":"tbay-posts-grid","elType":"widget"}],"isInner":false,"elType":"column"}],"isInner":false,"elType":"section"}]}