{"version":"0.4","title":"template_home_11","type":"page","content":[{"id":"5ad542","settings":{"stretch_section":"section-stretched","layout":"full_width","gap":"no","structure":"20"},"elements":[{"id":"2464db4a","settings":{"_column_size":50,"_inline_size":null,"padding_mobile":{"unit":"px","top":"10","right":"0","bottom":"0","left":"0","isLinked":false}},"elements":[{"id":"626f986c","settings":{"revslidertitle":"Fashion Home 11","shortcode":"[rev_slider alias=\"fashion-home-11\"][\/rev_slider]"},"elements":[],"isInner":false,"widgetType":"slider_revolution","elType":"widget"}],"isInner":false,"elType":"column"},{"id":"35549c3","settings":{"_column_size":50,"_inline_size":null,"padding_mobile":{"unit":"px","top":"10","right":"0","bottom":"0","left":"0","isLinked":false}},"elements":[{"id":"7e53feb8","settings":{"revslidertitle":"Fashion Home10-2","shortcode":"[rev_slider alias=\"fashion-home10-2\"][\/rev_slider]"},"elements":[],"isInner":false,"widgetType":"slider_revolution","elType":"widget"}],"isInner":false,"elType":"column"}],"isInner":false,"elType":"section"},{"id":"38ef8865","settings":{"padding":{"unit":"px","top":"90","right":"0","bottom":"50","left":"0","isLinked":false},"gap":"no","padding_mobile":{"unit":"px","top":"0","right":"0","bottom":"0","left":"0","isLinked":false}},"elements":[{"id":"7ea52c4e","settings":{"_column_size":100,"_inline_size":null},"elements":[{"id":"4aee4fca","settings":{"limit":8,"layout_type":"carousel","column":"6","col_desktop":"6","col_desktopsmall":"5","navigation":"","column_tablet":"4"},"elements":[],"isInner":false,"widgetType":"tbay-list-categories-product","elType":"widget"}],"isInner":false,"elType":"column"}],"isInner":false,"elType":"section"},{"id":"3370573b","settings":{"padding":{"unit":"px","top":"0","right":"0","bottom":"130","left":"0","isLinked":false},"gap":"no","padding_mobile":{"unit":"px","top":"0","right":"0","bottom":"0","left":"0","isLinked":false}},"elements":[{"id":"41b5c85b","settings":{"_column_size":100,"_inline_size":null},"elements":[{"id":"61c65e4b","settings":{"heading_title":"#discover the best","heading_subtitle":"new arrival items","limit":16,"categories":[],"product_type":"random_product","text_button":"show more","column":"4","show_more":"","selected_icon":{"value":"icon- icon-plus","library":"simple-line-icons"},"layout_type":"carousel","rows":"2","navigation":"","pagination":"yes","col_desktopsmall":"3"},"elements":[],"isInner":false,"widgetType":"tbay-products","elType":"widget"}],"isInner":false,"elType":"column"}],"isInner":false,"elType":"section"},{"id":"7467c7df","settings":{"padding":{"unit":"px","top":"0","right":"0","bottom":"0","left":"0","isLinked":false},"gap":"no","padding_mobile":{"unit":"px","top":"0","right":"0","bottom":"0","left":"0","isLinked":false}},"elements":[{"id":"48d59569","settings":{"_column_size":100,"_inline_size":null},"elements":[{"id":"636f6d6c","settings":{"heading_title":"#to who loves fashion","heading_subtitle":"latest new & blog","column":"2","col_desktop":"2","navigation":"","pagination":"yes","layout_type":"carousel-vertical","column_tablet":"2","column_mobile":"1"},"elements":[],"isInner":false,"widgetType":"tbay-posts-grid","elType":"widget"}],"isInner":false,"elType":"column"}],"isInner":false,"elType":"section"},{"id":"6fd02477","settings":{"padding":{"unit":"px","top":"0","right":"0","bottom":"60","left":"0","isLinked":false},"padding_mobile":{"unit":"px","top":"30","right":"0","bottom":"0","left":"0","isLinked":false}},"elements":[{"id":"141e622b","settings":{"_column_size":100,"_inline_size":null,"padding_tablet":{"unit":"px","top":"0","right":"0","bottom":"0","left":"0","isLinked":false}},"elements":[{"id":"11d9f2e6","settings":{"column":"1","col_desktop":"1","col_desktopsmall":"1","col_landscape":"1","column_tablet":"1","column_mobile":"1","disable_mobile":""},"elements":[],"isInner":false,"widgetType":"tbay-testimonials","elType":"widget"}],"isInner":false,"elType":"column"}],"isInner":false,"elType":"section"}]}