{"version":"0.4","title":"Template &#8211; About Us","type":"page","content":[{"id":"576c95b3","settings":{"padding_mobile":{"unit":"px","top":"0","right":"0","bottom":"0","left":"0","isLinked":false}},"elements":[{"id":"2f140dc","settings":{"_column_size":100,"_inline_size":null},"elements":[{"id":"23d34e92","settings":{"heading_title":"About Puca Fashion","heading_title_tag":"h1","heading_title_size":{"unit":"px","size":30,"sizes":[]},"heading_title_color":"#000000","_css_classes":"title-about"},"elements":[],"isInner":false,"widgetType":"tbay-heading","elType":"widget"}],"isInner":false,"elType":"column"}],"isInner":false,"elType":"section"},{"id":"61fb1429","settings":{"structure":"34","padding":{"unit":"px","top":"0","right":"0","bottom":"20","left":"0","isLinked":false}},"elements":[{"id":"39505e75","settings":{"_column_size":16,"_inline_size":null},"elements":[],"isInner":false,"elType":"column"},{"id":"785fcd37","settings":{"_column_size":66,"_inline_size":null,"padding_mobile":{"unit":"px","top":"0","right":"0","bottom":"0","left":"0","isLinked":false}},"elements":[{"id":"12ec84d0","settings":{"editor":"<p>Nulla tristique ipsum vitae urna pellentesque, sit amet tincidunt ex consequat. Praesent nibh ipsum, blandit eu nisi simet,\u00a0<a href=\"https:\/\/elementor.thembay.com\/puca\/about-us\/#\">varius consequat ligula.<\/a><\/p>","align":"center","text_color":"#333333","column_gap":{"unit":"px","size":0,"sizes":[]}},"elements":[],"isInner":false,"widgetType":"text-editor","elType":"widget"}],"isInner":false,"elType":"column"},{"id":"26e960ce","settings":{"_column_size":16,"_inline_size":null},"elements":[],"isInner":false,"elType":"column"}],"isInner":false,"elType":"section"},{"id":"2b31cbc3","settings":{"padding":{"unit":"px","top":"0","right":"0","bottom":"30","left":"0","isLinked":false}},"elements":[{"id":"33adfe5","settings":{"_column_size":100,"_inline_size":null,"padding_mobile":{"unit":"px","top":"0","right":"0","bottom":"0","left":"0","isLinked":false}},"elements":[{"id":"5a6a544f","settings":{"youtube_url":"https:\/\/www.youtube.com\/watch?v=hjgGtW85in8","vimeo_url":"https:\/\/vimeo.com\/235215203","dailymotion_url":"https:\/\/www.dailymotion.com\/video\/x6tqhqb"},"elements":[],"isInner":false,"widgetType":"video","elType":"widget"}],"isInner":false,"elType":"column"}],"isInner":false,"elType":"section"},{"id":"45527d9","settings":{"background_background":"classic"},"elements":[{"id":"4e2f332d","settings":{"_column_size":100,"_inline_size":null,"padding_mobile":{"unit":"px","top":"0","right":"0","bottom":"0","left":"0","isLinked":false}},"elements":[{"id":"35de4bda","settings":{"editor":"<div class=\"wpb_text_column wpb_content_element  wpb_animate_when_almost_visible wpb_fadeInUp fadeInUp vc_custom_1509766148852 text-center wpb_start_animation animated\"><div class=\"wpb_wrapper\"><p>Vestibulum luctus sem sit amet ipsum pharetra ullamcorper. Curabitur sit amet leo quis ante mattis luctus a in ligula. Maecenas consequat feugiat con sequat. Morbi imperdiet metus eget tellus consectetur, nec viverra tellus dignissim. Integer ullamcorper quis diam eget rhoncus. Vivamus aliquet puru nec tempor dapibus. Sed suscipit lacus commodo blandit dapibus. Mauris eu finibus tellus.<\/p><\/div><\/div>"},"elements":[],"isInner":false,"widgetType":"text-editor","elType":"widget"}],"isInner":false,"elType":"column"}],"isInner":false,"elType":"section"},{"id":"4b6e920b","settings":[],"elements":[{"id":"c9fd906","settings":{"_column_size":100,"_inline_size":null},"elements":[{"id":"49c19df3","settings":{"image":{"url":"https:\/\/elementor.thembay.com\/puca\/wp-content\/uploads\/2016\/06\/sign-about.png","id":2841}},"elements":[],"isInner":false,"widgetType":"image","elType":"widget"}],"isInner":false,"elType":"column"}],"isInner":false,"elType":"section"},{"id":"33bf7bf5","settings":{"padding":{"unit":"px","top":"0","right":"0","bottom":"30","left":"0","isLinked":false}},"elements":[{"id":"1f86b235","settings":{"_column_size":100,"_inline_size":null},"elements":[{"id":"42effa86","settings":{"editor":"<p><strong>Alan. Manez \u2013\u00a0<\/strong> CEO of MegaBuy<\/p>","align":"center"},"elements":[],"isInner":false,"widgetType":"text-editor","elType":"widget"}],"isInner":false,"elType":"column"}],"isInner":false,"elType":"section"},{"id":"6d8a7975","settings":{"layout":"full_width","background_background":"classic","background_color":"#FCFCFC","padding":{"unit":"px","top":"80","right":"0","bottom":"80","left":"0","isLinked":false},"padding_mobile":{"unit":"px","top":"0","right":"0","bottom":"0","left":"0","isLinked":false}},"elements":[{"id":"1aeec059","settings":{"_column_size":100,"_inline_size":null},"elements":[{"id":"62644ddd","settings":[],"elements":[{"id":"67490b4","settings":{"_column_size":100,"_inline_size":null},"elements":[{"id":"404161d5","settings":{"heading_title":"Our Services","heading_title_size":{"unit":"px","size":30,"sizes":[]},"_css_classes":"title-about","heading_title_color":"#000000"},"elements":[],"isInner":false,"widgetType":"tbay-heading","elType":"widget"}],"isInner":true,"elType":"column"}],"isInner":true,"elType":"section"},{"id":"73ca66dd","settings":{"padding":{"unit":"px","top":"0","right":"0","bottom":"20","left":"0","isLinked":false}},"elements":[{"id":"80c0cda","settings":{"_column_size":100,"_inline_size":null,"padding_mobile":{"unit":"px","top":"0","right":"0","bottom":"0","left":"0","isLinked":false}},"elements":[{"id":"45e701d4","settings":{"editor":"<p>Phasellus tempus et eros et aliquam. Integer faucibus semper orci eget elementum. Nullam dignissim sit amet ex a facilisis. Aenean ac augue ex. Ut volutpat elit libero, vitae ullamcorper nunc consequat at.<\/p>","align":"center"},"elements":[],"isInner":false,"widgetType":"text-editor","elType":"widget"}],"isInner":true,"elType":"column"}],"isInner":true,"elType":"section"},{"id":"59974fd2","settings":{"padding":{"unit":"px","top":"0","right":"0","bottom":"030","left":"0","isLinked":false}},"elements":[{"id":"3dd06fda","settings":{"_column_size":100,"_inline_size":null,"padding_mobile":{"unit":"px","top":"0","right":"0","bottom":"0","left":"0","isLinked":false}},"elements":[{"id":"46e7b4ab","settings":{"features":[{"feature_title":"FAST & FREE SHIPPING","feature_desc":"Offers apply to all orders over $500.","feature_type":"icon","selected_icon":{"value":"icon- icon-plane","library":"simple-line-icons"},"type_image":{"url":"","id":""},"feature_margin_icon":{"unit":"px","top":"","right":"","bottom":"","left":"","isLinked":true},"feature_margin_icon_tablet":{"unit":"px","top":"","right":"","bottom":"","left":"","isLinked":true},"feature_margin_icon_mobile":{"unit":"px","top":"","right":"","bottom":"","left":"","isLinked":true},"_id":"ae62e3d"},{"feature_title":"MEMBERS GIFT WEEKLY","feature_desc":"Offer applied to customers purchsed over 3 times.","feature_type":"icon","selected_icon":{"value":"icon- icon-fire","library":"simple-line-icons"},"type_image":{"url":"","id":""},"feature_margin_icon":{"unit":"px","top":"","right":"","bottom":"","left":"","isLinked":true},"feature_margin_icon_tablet":{"unit":"px","top":"","right":"","bottom":"","left":"","isLinked":true},"feature_margin_icon_mobile":{"unit":"px","top":"","right":"","bottom":"","left":"","isLinked":true},"_id":"c9926ed"},{"feature_title":"FRIENDLY SUPPORT 24\/7","feature_desc":"Our supporters services are always to help","feature_type":"icon","selected_icon":{"value":"icon- icon-umbrella","library":"simple-line-icons"},"type_image":{"url":"","id":""},"feature_margin_icon":{"unit":"px","top":"","right":"","bottom":"","left":"","isLinked":true},"feature_margin_icon_tablet":{"unit":"px","top":"","right":"","bottom":"","left":"","isLinked":true},"feature_margin_icon_mobile":{"unit":"px","top":"","right":"","bottom":"","left":"","isLinked":true},"_id":"f6f8ddb"}]},"elements":[],"isInner":false,"widgetType":"tbay-features","elType":"widget"}],"isInner":true,"elType":"column"}],"isInner":true,"elType":"section"},{"id":"e1832f9","settings":[],"elements":[{"id":"240e9df7","settings":{"_column_size":100,"_inline_size":null,"padding_mobile":{"unit":"px","top":"0","right":"0","bottom":"0","left":"0","isLinked":false}},"elements":[{"id":"45d192bb","settings":{"features":[{"feature_title":"FAST & FREE SHIPPING","feature_desc":"Offers apply to all orders over $500.","feature_type":"icon","selected_icon":{"value":"icon- icon-energy","library":"simple-line-icons"},"type_image":{"url":"","id":""},"feature_margin_icon":{"unit":"px","top":"","right":"","bottom":"","left":"","isLinked":true},"feature_margin_icon_tablet":{"unit":"px","top":"","right":"","bottom":"","left":"","isLinked":true},"feature_margin_icon_mobile":{"unit":"px","top":"","right":"","bottom":"","left":"","isLinked":true},"_id":"ae62e3d"},{"feature_title":"MEMBERS GIFT WEEKLY","feature_desc":"Offer applied to customers purchsed over 3 times.","feature_type":"icon","selected_icon":{"value":"icon- icon-eyeglass","library":"simple-line-icons"},"type_image":{"url":"","id":""},"feature_margin_icon":{"unit":"px","top":"","right":"","bottom":"","left":"","isLinked":true},"feature_margin_icon_tablet":{"unit":"px","top":"","right":"","bottom":"","left":"","isLinked":true},"feature_margin_icon_mobile":{"unit":"px","top":"","right":"","bottom":"","left":"","isLinked":true},"_id":"c9926ed"},{"feature_title":"FRIENDLY SUPPORT 24\/7","feature_desc":"Our supporters services are always to help","feature_type":"icon","selected_icon":{"value":"icon- icon-badge","library":"simple-line-icons"},"type_image":{"url":"","id":""},"feature_margin_icon":{"unit":"px","top":"","right":"","bottom":"","left":"","isLinked":true},"feature_margin_icon_tablet":{"unit":"px","top":"","right":"","bottom":"","left":"","isLinked":true},"feature_margin_icon_mobile":{"unit":"px","top":"","right":"","bottom":"","left":"","isLinked":true},"_id":"f6f8ddb"}]},"elements":[],"isInner":false,"widgetType":"tbay-features","elType":"widget"}],"isInner":true,"elType":"column"}],"isInner":true,"elType":"section"}],"isInner":false,"elType":"column"}],"isInner":false,"elType":"section"},{"id":"5cbf3ad4","settings":{"padding":{"unit":"px","top":"80","right":"0","bottom":"80","left":"0","isLinked":false},"padding_mobile":{"unit":"px","top":"0","right":"0","bottom":"0","left":"0","isLinked":false}},"elements":[{"id":"3047e512","settings":{"_column_size":100,"_inline_size":null,"padding_mobile":{"unit":"px","top":"0","right":"0","bottom":"0","left":"0","isLinked":false}},"elements":[{"id":"555b01b5","settings":{"styles":"style1","features":[{"feature_title":"15","feature_desc":"Cerifications Accepted","feature_type":"images","selected_icon":{"value":"linear-icon-gift","library":"linear-icon"},"type_image":{"url":"","id":""},"feature_margin_icon":{"unit":"px","top":"","right":"","bottom":"","left":"","isLinked":true},"feature_margin_icon_tablet":{"unit":"px","top":"","right":"","bottom":"","left":"","isLinked":true},"feature_margin_icon_mobile":{"unit":"px","top":"","right":"","bottom":"","left":"","isLinked":true},"_id":"b2c63e5"},{"feature_title":"30+","feature_desc":"high rank brands sponsored","feature_type":"images","selected_icon":{"value":"linear-icon-gift","library":"linear-icon"},"type_image":{"url":"","id":""},"feature_margin_icon":{"unit":"px","top":"","right":"","bottom":"","left":"","isLinked":true},"feature_margin_icon_tablet":{"unit":"px","top":"","right":"","bottom":"","left":"","isLinked":true},"feature_margin_icon_mobile":{"unit":"px","top":"","right":"","bottom":"","left":"","isLinked":true},"_id":"e7c45ce"},{"feature_title":"999+","feature_desc":"high quality products","feature_type":"images","selected_icon":{"value":"linear-icon-gift","library":"linear-icon"},"type_image":{"url":"","id":""},"feature_margin_icon":{"unit":"px","top":"","right":"","bottom":"","left":"","isLinked":true},"feature_margin_icon_tablet":{"unit":"px","top":"","right":"","bottom":"","left":"","isLinked":true},"feature_margin_icon_mobile":{"unit":"px","top":"","right":"","bottom":"","left":"","isLinked":true},"_id":"0cd2e01"},{"feature_title":"4M+","feature_desc":"satisfied customers wordwide","feature_type":"images","selected_icon":{"value":"linear-icon-gift","library":"linear-icon"},"type_image":{"url":"","id":""},"feature_margin_icon":{"unit":"px","top":"","right":"","bottom":"","left":"","isLinked":true},"feature_margin_icon_tablet":{"unit":"px","top":"","right":"","bottom":"","left":"","isLinked":true},"feature_margin_icon_mobile":{"unit":"px","top":"","right":"","bottom":"","left":"","isLinked":true},"_id":"e26d016"}]},"elements":[],"isInner":false,"widgetType":"tbay-features","elType":"widget"}],"isInner":false,"elType":"column"}],"isInner":false,"elType":"section"},{"id":"6d57d7bf","settings":{"background_background":"classic","background_color":"#F4F9FC"},"elements":[{"id":"64700efa","settings":{"_column_size":100,"_inline_size":null,"padding_mobile":{"unit":"px","top":"0","right":"0","bottom":"0","left":"0","isLinked":false}},"elements":[{"id":"303c323a","settings":{"column":"1","col_desktop":"1","col_desktopsmall":"1","col_landscape":"1","navigation":"","column_tablet":"1","column_mobile":"1","disable_mobile":""},"elements":[],"isInner":false,"widgetType":"tbay-testimonials","elType":"widget"}],"isInner":false,"elType":"column"}],"isInner":false,"elType":"section"},{"id":"46b6d22f","settings":{"padding":{"unit":"px","top":"70","right":"0","bottom":"0","left":"0","isLinked":false},"padding_mobile":{"unit":"px","top":"0","right":"0","bottom":"0","left":"0","isLinked":false}},"elements":[{"id":"c5be44c","settings":{"_column_size":100,"_inline_size":null},"elements":[{"id":"5a0196e0","settings":{"heading_title":"#meet the people","heading_subtitle":"Our Team member"},"elements":[],"isInner":false,"widgetType":"tbay-heading","elType":"widget"}],"isInner":false,"elType":"column"}],"isInner":false,"elType":"section"},{"id":"15fe2203","settings":{"padding":{"unit":"px","top":"0","right":"0","bottom":"0","left":"0","isLinked":false}},"elements":[{"id":"5b689cb9","settings":{"_column_size":100,"_inline_size":null,"padding_mobile":{"unit":"px","top":"0","right":"0","bottom":"0","left":"0","isLinked":false}},"elements":[{"id":"699b7419","settings":{"editor":"<p>Lorem ipsum dolor sit amet, consectetur adipiscing elit. Aenean eu libero a risus aliquet euismod porttitor sed dolor. Cras non magna facilisis, mollis velit at, suscipit urna. Vivamus auctor fringilla felis at tincidunt.<\/p>","align":"center"},"elements":[],"isInner":false,"widgetType":"text-editor","elType":"widget"}],"isInner":false,"elType":"column"}],"isInner":false,"elType":"section"},{"id":"49fdd875","settings":[],"elements":[{"id":"47ea3a8d","settings":{"_column_size":100,"_inline_size":null,"padding_mobile":{"unit":"px","top":"0","right":"0","bottom":"0","left":"0","isLinked":false}},"elements":[{"id":"71f32f33","settings":{"layout_type":"carousel","our_team":[{"our_team_name":"Tran Tung Kerry","our_team_job":"Web Research","our_team_image":{"url":"https:\/\/elementor.thembay.com\/puca\/wp-content\/uploads\/2016\/06\/team-1.jpg","id":2857},"our_team_link_fb":{"url":"#","is_external":true,"nofollow":true},"our_team_link_tw":{"url":"","is_external":true,"nofollow":true},"our_team_link_gg":{"url":"","is_external":true,"nofollow":true},"our_team_link_linkin":{"url":"","is_external":true,"nofollow":true},"our_team_link_instaram":{"url":"#","is_external":true,"nofollow":true},"_id":"971e8db"},{"our_team_name":"Alan Manez","our_team_job":"Artist","our_team_image":{"url":"https:\/\/elementor.thembay.com\/puca\/wp-content\/uploads\/2016\/06\/team-4.jpg","id":2860},"our_team_link_fb":{"url":"#","is_external":true,"nofollow":true},"our_team_link_tw":{"url":"#","is_external":true,"nofollow":true},"our_team_link_gg":{"url":"","is_external":true,"nofollow":true},"our_team_link_linkin":{"url":"","is_external":true,"nofollow":true},"our_team_link_instaram":{"url":"","is_external":true,"nofollow":true},"_id":"a0ff8e7"},{"our_team_name":"John Cenan","our_team_job":"Web Designer","our_team_image":{"url":"https:\/\/elementor.thembay.com\/puca\/wp-content\/uploads\/2016\/06\/team-2.jpg","id":2858},"our_team_link_fb":{"url":"#","is_external":true,"nofollow":true},"our_team_link_tw":{"url":"#","is_external":true,"nofollow":true},"our_team_link_gg":{"url":"","is_external":true,"nofollow":true},"our_team_link_linkin":{"url":"","is_external":true,"nofollow":true},"our_team_link_instaram":{"url":"","is_external":true,"nofollow":true},"_id":"9d2a595"},{"our_team_name":"May Weather","our_team_job":"Front-end Developer","our_team_image":{"url":"https:\/\/elementor.thembay.com\/puca\/wp-content\/uploads\/2016\/06\/team-3.jpg","id":2859},"our_team_link_fb":{"url":"","is_external":true,"nofollow":true},"our_team_link_tw":{"url":"#","is_external":true,"nofollow":true},"our_team_link_gg":{"url":"","is_external":true,"nofollow":true},"our_team_link_linkin":{"url":"","is_external":true,"nofollow":true},"our_team_link_instaram":{"url":"#","is_external":true,"nofollow":true},"_id":"254f903"},{"our_team_name":"Tran Tung Kerry","our_team_job":"Web Research","our_team_image":{"url":"https:\/\/elementor.thembay.com\/puca\/wp-content\/uploads\/2016\/06\/team-1.jpg","id":2857},"our_team_link_fb":{"url":"#","is_external":true,"nofollow":true},"our_team_link_tw":{"url":"","is_external":true,"nofollow":true},"our_team_link_gg":{"url":"","is_external":true,"nofollow":true},"our_team_link_linkin":{"url":"","is_external":true,"nofollow":true},"our_team_link_instaram":{"url":"#","is_external":true,"nofollow":true},"_id":"1aa19d2"},{"our_team_name":"John Cenan","our_team_job":"Web Designer","our_team_image":{"url":"https:\/\/elementor.thembay.com\/puca\/wp-content\/uploads\/2016\/06\/team-2.jpg","id":2858},"our_team_link_fb":{"url":"#","is_external":true,"nofollow":true},"our_team_link_tw":{"url":"#","is_external":true,"nofollow":true},"our_team_link_gg":{"url":"","is_external":true,"nofollow":true},"our_team_link_linkin":{"url":"","is_external":true,"nofollow":true},"our_team_link_instaram":{"url":"","is_external":true,"nofollow":true},"_id":"b332c09"}],"navigation":"","pagination":"yes","col_desktopsmall":"3"},"elements":[],"isInner":false,"widgetType":"tbay-our-team","elType":"widget"}],"isInner":false,"elType":"column"}],"isInner":false,"elType":"section"},{"id":"76e8139e","settings":{"padding":{"unit":"px","top":"30","right":"0","bottom":"50","left":"0","isLinked":false}},"elements":[{"id":"2833932","settings":{"_column_size":100,"_inline_size":null,"padding_mobile":{"unit":"px","top":"0","right":"0","bottom":"0","left":"0","isLinked":false}},"elements":[{"id":"64f523d6","settings":{"editor":"<p>How\u2018re we doing?\u00a0<a href=\"https:\/\/elementor.thembay.com\/puca\/about-us\/#\">Give us a feedback.<\/a><br \/>It\u2019s very important to us to improve your experiences, many thanks for your contributions.<\/p>","align":"center"},"elements":[],"isInner":false,"widgetType":"text-editor","elType":"widget"}],"isInner":false,"elType":"column"}],"isInner":false,"elType":"section"}]}