{"version":"0.4","title":"template_home_5","type":"page","content":[{"id":"179a9de4","settings":[],"elements":[{"id":"122583a9","settings":{"_column_size":100,"_inline_size":null},"elements":[{"id":"5c7e1b6","settings":{"revslidertitle":"Fashion Home5","shortcode":"[rev_slider alias=\"fashion-home5\"][\/rev_slider]"},"elements":[],"isInner":false,"widgetType":"slider_revolution","elType":"widget"}],"isInner":false,"elType":"column"}],"isInner":false,"elType":"section"},{"id":"33d90de0","settings":{"padding":{"unit":"px","top":"120","right":"0","bottom":"0","left":"0","isLinked":false},"padding_mobile":{"unit":"px","top":"0","right":"0","bottom":"0","left":"0","isLinked":false}},"elements":[{"id":"429c85f6","settings":{"_column_size":100,"_inline_size":null,"padding_mobile":{"unit":"px","top":"0","right":"0","bottom":"0","left":"0","isLinked":false}},"elements":[{"id":"834cf6a","settings":[],"elements":[{"id":"75e30fb9","settings":{"_column_size":100,"_inline_size":null,"padding_mobile":{"unit":"px","top":"0","right":"0","bottom":"0","left":"0","isLinked":false}},"elements":[{"id":"10919ecb","settings":{"heading_title":"#catch on the best","heading_subtitle":"shop with love today"},"elements":[],"isInner":false,"widgetType":"tbay-heading","elType":"widget"}],"isInner":true,"elType":"column"}],"isInner":true,"elType":"section"},{"id":"29e15b24","settings":[],"elements":[{"id":"3958843c","settings":{"_column_size":100,"_inline_size":null},"elements":[{"id":"19875efc","settings":{"editor":"<p>Enjoy express worldwide delivery and same-day delivery in London, New York, Paris, Los Angeles, Miami, Madrid, Milan, Barcelona and Rome, plus swift and simple returns, and exciting new men\u2019s and women\u2019s pieces uploaded every day!<\/p>","align":"center","typography_typography":"custom","typography_font_weight":"500"},"elements":[],"isInner":false,"widgetType":"text-editor","elType":"widget"}],"isInner":true,"elType":"column"}],"isInner":true,"elType":"section"}],"isInner":false,"elType":"column"}],"isInner":false,"elType":"section"},{"id":"5cc19d3e","settings":{"stretch_section":"section-stretched","layout":"full_width","padding":{"unit":"px","top":"0","right":"0","bottom":"80","left":"0","isLinked":false},"css_classes":"max-1770","padding_mobile":{"unit":"px","top":"0","right":"0","bottom":"0","left":"0","isLinked":false}},"elements":[{"id":"15dc650d","settings":{"_column_size":100,"_inline_size":null,"padding_mobile":{"unit":"px","top":"0","right":"0","bottom":"0","left":"0","isLinked":false}},"elements":[{"id":"71a89795","settings":{"limit":8,"layout_type":"carousel","categories":["accessories","clothing"],"cat_operator":"AND","list_product_tabs":[{"product_tabs_title":"Latest Products","product_tabs":"newest","_id":"a8e934b"},{"product_tabs_title":"Featured Products","product_tabs":"featured","_id":"7abd759"},{"product_tabs_title":"BestSeller Products","product_tabs":"best_selling","_id":"182b9eb"}],"column":"6","col_desktop":"6","pagination":"yes","column_tablet":"3","col_desktopsmall":"4","style":"style-tab2"},"elements":[],"isInner":false,"widgetType":"tbay-product-tabs","elType":"widget"}],"isInner":false,"elType":"column"}],"isInner":false,"elType":"section"},{"id":"297329c3","settings":{"padding":{"unit":"px","top":"30","right":"0","bottom":"0","left":"0","isLinked":false},"padding_mobile":{"unit":"px","top":"0","right":"0","bottom":"0","left":"0","isLinked":false}},"elements":[{"id":"f163c4a","settings":{"_column_size":100,"_inline_size":null,"padding":{"unit":"px","top":"0","right":"0","bottom":"0","left":"0","isLinked":false}},"elements":[{"id":"1428a56c","settings":{"structure":"20"},"elements":[{"id":"19a10ee0","settings":{"_column_size":50,"_inline_size":null,"padding_mobile":{"unit":"px","top":"0","right":"0","bottom":"0","left":"0","isLinked":false}},"elements":[{"id":"517ccef0","settings":{"image":{"url":"https:\/\/elementor.thembay.com\/puca\/wp-content\/uploads\/2017\/12\/home4-banner01.jpg","id":3546},"image_size":"full","link_to":"custom","link":{"url":"#","is_external":"","nofollow":""}},"elements":[],"isInner":false,"widgetType":"image","elType":"widget"}],"isInner":true,"elType":"column"},{"id":"9481ce2","settings":{"_column_size":50,"_inline_size":null,"padding_mobile":{"unit":"px","top":"0","right":"0","bottom":"0","left":"0","isLinked":false}},"elements":[{"id":"6a544190","settings":{"image":{"url":"https:\/\/elementor.thembay.com\/puca\/wp-content\/uploads\/2017\/12\/home4-banner02.jpg","id":3547},"image_size":"full","link_to":"custom","link":{"url":"#","is_external":"","nofollow":""}},"elements":[],"isInner":false,"widgetType":"image","elType":"widget"}],"isInner":true,"elType":"column"}],"isInner":true,"elType":"section"},{"id":"4be1ebf0","settings":{"structure":"20"},"elements":[{"id":"2b864970","settings":{"_column_size":50,"_inline_size":null,"padding_mobile":{"unit":"px","top":"0","right":"0","bottom":"0","left":"0","isLinked":false}},"elements":[{"id":"6c562807","settings":{"image":{"url":"https:\/\/elementor.thembay.com\/puca\/wp-content\/uploads\/2017\/09\/home3-banner01.png","id":3120},"image_size":"full","link_to":"custom","link":{"url":"#","is_external":"","nofollow":""}},"elements":[],"isInner":false,"widgetType":"image","elType":"widget"}],"isInner":true,"elType":"column"},{"id":"33aee712","settings":{"_column_size":50,"_inline_size":null,"padding_mobile":{"unit":"px","top":"0","right":"0","bottom":"0","left":"0","isLinked":false}},"elements":[{"id":"720132e2","settings":{"image":{"url":"https:\/\/elementor.thembay.com\/puca\/wp-content\/uploads\/2017\/12\/home4-banner04.jpg","id":3548},"image_size":"full","link_to":"custom","link":{"url":"#","is_external":"","nofollow":""}},"elements":[],"isInner":false,"widgetType":"image","elType":"widget"}],"isInner":true,"elType":"column"}],"isInner":true,"elType":"section"}],"isInner":false,"elType":"column"}],"isInner":false,"elType":"section"},{"id":"31de0766","settings":{"padding":{"unit":"px","top":"85","right":"0","bottom":"70","left":"0","isLinked":false},"padding_mobile":{"unit":"px","top":"0","right":"0","bottom":"0","left":"0","isLinked":false}},"elements":[{"id":"2cdc6c4c","settings":{"_column_size":100,"_inline_size":null,"padding_mobile":{"unit":"px","top":"0","right":"0","bottom":"0","left":"0","isLinked":false}},"elements":[{"id":"47d955d7","settings":{"heading_title":"#we\u2019re to help you","heading_subtitle":"top recommended","layout_type":"carousel","categories":["accessories","clothing"],"cat_operator":"AND","product_type":"random_product","text_button":"show more","column":"5","navigation":"","pagination":"yes","col_desktopsmall":"4"},"elements":[],"isInner":false,"widgetType":"tbay-products","elType":"widget"}],"isInner":false,"elType":"column"}],"isInner":false,"elType":"section"},{"id":"7de0e99d","settings":{"padding":{"unit":"px","top":"20","right":"0","bottom":"35","left":"0","isLinked":false}},"elements":[{"id":"6ed10d56","settings":{"_column_size":100,"_inline_size":null,"padding_mobile":{"unit":"px","top":"15","right":"0","bottom":"0","left":"0","isLinked":false}},"elements":[{"id":"5e7d1b2b","settings":{"editor":"<p>How\u2018re we doing? Give us a feedback.<br \/>It\u2019s very important to us to improve your experiences, many thanks for your contributions.<\/p>","align":"center","_css_classes":"feedback"},"elements":[],"isInner":false,"widgetType":"text-editor","elType":"widget"}],"isInner":false,"elType":"column"}],"isInner":false,"elType":"section"},{"id":"4b40bd57","settings":{"stretch_section":"section-stretched","padding":{"unit":"px","top":"100","right":"0","bottom":"100","left":"0","isLinked":false},"css_classes":"has-boxshadow","padding_mobile":{"unit":"px","top":"0","right":"0","bottom":"0","left":"0","isLinked":false}},"elements":[{"id":"2879205b","settings":{"_column_size":100,"_inline_size":null,"padding_mobile":{"unit":"px","top":"0","right":"0","bottom":"0","left":"0","isLinked":false}},"elements":[{"id":"3c9dae3a","settings":{"heading_title":"#to who loves fashion","heading_subtitle":"latest new & blog","layout_type":"carousel-vertical","column":"2","col_desktop":"2","navigation":"","pagination":"yes","column_tablet":"2","column_mobile":"1","disable_mobile":""},"elements":[],"isInner":false,"widgetType":"tbay-posts-grid","elType":"widget"}],"isInner":false,"elType":"column"}],"isInner":false,"elType":"section"}]}