{"version":"0.4","title":"template_home_2","type":"page","content":[{"id":"1728e8ff","settings":[],"elements":[{"id":"2426bdb7","settings":{"_column_size":100,"_inline_size":null},"elements":[{"id":"541831da","settings":{"revslidertitle":"Fashion Home2","shortcode":"[rev_slider alias=\"fashion-home2\"][\/rev_slider]"},"elements":[],"isInner":false,"widgetType":"slider_revolution","elType":"widget"}],"isInner":false,"elType":"column"}],"isInner":false,"elType":"section"},{"id":"47ee9249","settings":{"padding":{"unit":"px","top":"130","right":"0","bottom":"110","left":"0","isLinked":false},"hide_mobile":"hidden-phone"},"elements":[{"id":"10e90a70","settings":{"_column_size":100,"_inline_size":null},"elements":[{"id":"1da98b75","settings":{"selected_icon":{"value":"icon- icon-eyeglass","library":"simple-line-icons"},"size":{"unit":"px","size":20,"sizes":[]}},"elements":[],"isInner":false,"widgetType":"icon","elType":"widget"},{"id":"160c807","settings":{"editor":"<p>Enjoy express worldwide delivery and same-day delivery in London, New York, Paris, Los Angeles, Miami, Madrid, Milan, Barcelona and Rome, plus swift and simple returns, and exciting new men\u2019s and women\u2019s pieces uploaded every day!<\/p>","align":"center","typography_typography":"custom","typography_font_weight":"500","column_gap":{"unit":"px","size":0,"sizes":[]}},"elements":[],"isInner":false,"widgetType":"text-editor","elType":"widget"},{"id":"723e5c4","settings":{"text":"read more","align":"center","typography_typography":"custom","typography_font_weight":"700","typography_text_transform":"uppercase","typography_line_height":{"unit":"px","size":43,"sizes":[]},"background_color":"#FD6E4F","border_radius":{"unit":"px","top":"0","right":"0","bottom":"0","left":"0","isLinked":true},"text_padding":{"unit":"px","top":"0","right":"30","bottom":"0","left":"30","isLinked":false}},"elements":[],"isInner":false,"widgetType":"button","elType":"widget"}],"isInner":false,"elType":"column"}],"isInner":false,"elType":"section"},{"id":"5d4ac49b","settings":{"stretch_section":"section-stretched","layout":"full_width","gap":"no","structure":"30"},"elements":[{"id":"32ed166f","settings":{"_column_size":33,"_inline_size":null},"elements":[{"id":"70a5af49","settings":{"image":{"url":"https:\/\/elementor.thembay.com\/puca\/wp-content\/uploads\/2017\/09\/home2-banner01.png","id":3114},"image_size":"full","link_to":"custom","link":{"url":"#","is_external":"","nofollow":""}},"elements":[],"isInner":false,"widgetType":"image","elType":"widget"}],"isInner":false,"elType":"column"},{"id":"44ea018a","settings":{"_column_size":33,"_inline_size":null},"elements":[{"id":"2674ff35","settings":{"image":{"url":"https:\/\/elementor.thembay.com\/puca\/wp-content\/uploads\/2017\/09\/home2-banner02-1.png","id":3111},"image_size":"full","link_to":"custom","link":{"url":"#","is_external":"","nofollow":""}},"elements":[],"isInner":false,"widgetType":"image","elType":"widget"}],"isInner":false,"elType":"column"},{"id":"414259e5","settings":{"_column_size":33,"_inline_size":null},"elements":[{"id":"70d29aed","settings":{"image":{"url":"https:\/\/elementor.thembay.com\/puca\/wp-content\/uploads\/2017\/09\/home2-banner03-1.png","id":3112},"image_size":"full","link_to":"custom","link":{"url":"#","is_external":"","nofollow":""}},"elements":[],"isInner":false,"widgetType":"image","elType":"widget"}],"isInner":false,"elType":"column"}],"isInner":false,"elType":"section"},{"id":"bb56e42","settings":{"padding":{"unit":"px","top":"110","right":"0","bottom":"50","left":"0","isLinked":false},"padding_mobile":{"unit":"px","top":"0","right":"0","bottom":"0","left":"0","isLinked":false}},"elements":[{"id":"443ad632","settings":{"_column_size":100,"_inline_size":null,"padding":{"unit":"px","top":"0","right":"0","bottom":"0","left":"0","isLinked":false},"padding_tablet":{"unit":"px","top":"0","right":"0","bottom":"0","left":"0","isLinked":false}},"elements":[{"id":"23b66053","settings":{"heading_title":"#catch on the best","heading_subtitle":"which trending now","limit":8,"categories":[],"product_type":"random_product","text_button":"show more","column":"4","show_more":"yes","selected_icon":{"value":"icon- icon-plus","library":"simple-line-icons"},"col_desktopsmall":"3"},"elements":[],"isInner":false,"widgetType":"tbay-products","elType":"widget"}],"isInner":false,"elType":"column"}],"isInner":false,"elType":"section"},{"id":"2ef349f","settings":{"padding":{"unit":"px","top":"0","right":"0","bottom":"60","left":"0","isLinked":false}},"elements":[{"id":"262e763","settings":{"_column_size":100,"_inline_size":null,"padding_mobile":{"unit":"px","top":"0","right":"0","bottom":"0","left":"0","isLinked":false}},"elements":[{"id":"58615e34","settings":{"column":"1","col_desktop":"1","col_desktopsmall":"1","col_landscape":"1","column_tablet":"1","column_mobile":"1","disable_mobile":""},"elements":[],"isInner":false,"widgetType":"tbay-testimonials","elType":"widget"}],"isInner":false,"elType":"column"}],"isInner":false,"elType":"section"},{"id":"4af3d3ab","settings":{"stretch_section":"section-stretched","background_background":"classic","background_color":"#FAFAFA","padding":{"unit":"px","top":"30","right":"0","bottom":"30","left":"0","isLinked":false}},"elements":[{"id":"1f97b63e","settings":{"_column_size":100,"_inline_size":null,"padding_mobile":{"unit":"px","top":"0","right":"0","bottom":"0","left":"0","isLinked":false}},"elements":[{"id":"34f68376","settings":{"features":[{"feature_title":"fast & Free Shipping","feature_desc":"Offers apply to all orders over $500.","feature_type":"icon","selected_icon":{"value":"icon- icon-plane","library":"simple-line-icons"},"type_image":{"url":"","id":""},"feature_margin_icon":{"unit":"px","top":"","right":"","bottom":"","left":"","isLinked":true},"feature_margin_icon_tablet":{"unit":"px","top":"","right":"","bottom":"","left":"","isLinked":true},"feature_margin_icon_mobile":{"unit":"px","top":"","right":"","bottom":"","left":"","isLinked":true},"_id":"a3385c7"},{"feature_title":"members gift weekly","feature_desc":"Offer applied to customers purchsed over 3 times.","feature_type":"icon","selected_icon":{"value":"icon- icon-badge","library":"simple-line-icons"},"type_image":{"url":"","id":""},"feature_margin_icon":{"unit":"px","top":"","right":"","bottom":"","left":"","isLinked":true},"feature_margin_icon_tablet":{"unit":"px","top":"","right":"","bottom":"","left":"","isLinked":true},"feature_margin_icon_mobile":{"unit":"px","top":"","right":"","bottom":"","left":"","isLinked":true},"_id":"11ee972"},{"feature_title":"friendly support 24\/7","feature_desc":"Our supporters services are always to help","feature_type":"icon","selected_icon":{"value":"icon- icon-umbrella","library":"simple-line-icons"},"type_image":{"url":"","id":""},"feature_margin_icon":{"unit":"px","top":"","right":"","bottom":"","left":"","isLinked":true},"feature_margin_icon_tablet":{"unit":"px","top":"","right":"","bottom":"","left":"","isLinked":true},"feature_margin_icon_mobile":{"unit":"px","top":"","right":"","bottom":"","left":"","isLinked":true},"_id":"b3c4220"}]},"elements":[],"isInner":false,"widgetType":"tbay-features","elType":"widget"}],"isInner":false,"elType":"column"}],"isInner":false,"elType":"section"},{"id":"6ee52198","settings":{"padding":{"unit":"px","top":"120","right":"0","bottom":"90","left":"0","isLinked":false},"padding_mobile":{"unit":"px","top":"0","right":"0","bottom":"0","left":"0","isLinked":false}},"elements":[{"id":"221aeb70","settings":{"_column_size":100,"_inline_size":null,"padding":{"unit":"px","top":"0","right":"0","bottom":"0","left":"0","isLinked":false}},"elements":[{"id":"27f655e0","settings":{"heading_title":"#to who loves fashion","heading_subtitle":"latest new & blog","column":"3","col_desktop":"2","navigation":"","pagination":"yes","column_tablet":"2","column_mobile":"1"},"elements":[],"isInner":false,"widgetType":"tbay-posts-grid","elType":"widget"}],"isInner":false,"elType":"column"}],"isInner":false,"elType":"section"}]}