{"content":[{"id":"47d09eb0","settings":{"layout":"full_width","stretch_section":"section-stretched","background_background":"classic","background_image":{"url":"https:\/\/elementor3.thembay.com\/puca_fashion3\/wp-content\/uploads\/2017\/10\/banne-menu.jpg","id":6221,"alt":"","source":"library"},"background_position":"center center","background_repeat":"no-repeat","background_size":"auto","padding":{"unit":"px","top":"23","right":"0","bottom":"23","left":"0","isLinked":false}},"elements":[{"id":"2630e971","settings":{"_column_size":100,"_inline_size":null,"padding":{"unit":"px","top":"0","right":"12","bottom":"0","left":"12","isLinked":false},"padding_tablet":{"unit":"px","top":"0","right":"0","bottom":"0","left":"0","isLinked":true}},"elements":[{"id":"4d0b8437","settings":{"structure":"40"},"elements":[{"id":"6e110262","settings":{"_column_size":25,"_inline_size":null},"elements":[{"id":"75a195c4","settings":{"heading_title":"What\u2019s new in?","heading_title_color":"#1F1F1F","heading_title_typography_typography":"custom","heading_title_typography_font_size":{"unit":"px","size":14,"sizes":[]},"heading_title_typography_font_weight":"600","heading_title_typography_text_transform":"capitalize","heading_title_typography_line_height":{"unit":"px","size":24,"sizes":[]},"heading_title_typography_line_height_tablet":{"unit":"px","size":"","sizes":[]},"heading_title_typography_line_height_mobile":{"unit":"px","size":"","sizes":[]},"heading_style_margin":{"unit":"px","top":"0","right":"0","bottom":"14","left":"0","isLinked":false},"menu_vertical_typography_typography":"custom","menu_vertical_typography_line_height":{"unit":"px","size":22,"sizes":[]},"menu_vertical_typography_line_height_tablet":{"unit":"px","size":"","sizes":[]},"menu_vertical_typography_line_height_mobile":{"unit":"px","size":"","sizes":[]}},"elements":[],"isInner":false,"widgetType":"tbay-fashion3-menu-vertical","elType":"widget"}],"isInner":true,"elType":"column"},{"id":"53805eeb","settings":{"_column_size":25,"_inline_size":null},"elements":[{"id":"6829b8f2","settings":{"heading_title":"Clothing","heading_title_color":"#1F1F1F","heading_title_typography_typography":"custom","heading_title_typography_font_size":{"unit":"px","size":14,"sizes":[]},"heading_title_typography_font_weight":"600","heading_title_typography_text_transform":"capitalize","heading_title_typography_line_height":{"unit":"px","size":24,"sizes":[]},"heading_title_typography_line_height_tablet":{"unit":"px","size":"","sizes":[]},"heading_title_typography_line_height_mobile":{"unit":"px","size":"","sizes":[]},"heading_style_margin":{"unit":"px","top":"0","right":"0","bottom":"14","left":"0","isLinked":false},"menu_vertical_typography_typography":"custom","menu_vertical_typography_line_height":{"unit":"px","size":22,"sizes":[]},"menu_vertical_typography_line_height_tablet":{"unit":"px","size":"","sizes":[]},"menu_vertical_typography_line_height_mobile":{"unit":"px","size":"","sizes":[]}},"elements":[],"isInner":false,"widgetType":"tbay-fashion3-menu-vertical","elType":"widget"}],"isInner":true,"elType":"column"},{"id":"6c139147","settings":{"_column_size":25,"_inline_size":null},"elements":[{"id":"22f6fd66","settings":{"heading_title":"Shoes","heading_title_color":"#1F1F1F","heading_title_typography_typography":"custom","heading_title_typography_font_size":{"unit":"px","size":14,"sizes":[]},"heading_title_typography_font_weight":"600","heading_title_typography_text_transform":"capitalize","heading_title_typography_line_height":{"unit":"px","size":24,"sizes":[]},"heading_title_typography_line_height_tablet":{"unit":"px","size":"","sizes":[]},"heading_title_typography_line_height_mobile":{"unit":"px","size":"","sizes":[]},"heading_style_margin":{"unit":"px","top":"0","right":"0","bottom":"14","left":"0","isLinked":false},"menu_vertical_typography_typography":"custom","menu_vertical_typography_line_height":{"unit":"px","size":22,"sizes":[]},"menu_vertical_typography_line_height_tablet":{"unit":"px","size":"","sizes":[]},"menu_vertical_typography_line_height_mobile":{"unit":"px","size":"","sizes":[]}},"elements":[],"isInner":false,"widgetType":"tbay-fashion3-menu-vertical","elType":"widget"}],"isInner":true,"elType":"column"},{"id":"dfe1d8d","settings":{"_column_size":25,"_inline_size":null},"elements":[{"id":"1013b2fd","settings":{"heading_title":"Bags","heading_title_color":"#1F1F1F","heading_title_typography_typography":"custom","heading_title_typography_font_size":{"unit":"px","size":14,"sizes":[]},"heading_title_typography_font_weight":"600","heading_title_typography_text_transform":"capitalize","heading_title_typography_line_height":{"unit":"px","size":24,"sizes":[]},"heading_title_typography_line_height_tablet":{"unit":"px","size":"","sizes":[]},"heading_title_typography_line_height_mobile":{"unit":"px","size":"","sizes":[]},"heading_style_margin":{"unit":"px","top":"0","right":"0","bottom":"14","left":"0","isLinked":false},"menu_vertical_typography_typography":"custom","menu_vertical_typography_line_height":{"unit":"px","size":22,"sizes":[]},"menu_vertical_typography_line_height_tablet":{"unit":"px","size":"","sizes":[]},"menu_vertical_typography_line_height_mobile":{"unit":"px","size":"","sizes":[]}},"elements":[],"isInner":false,"widgetType":"tbay-fashion3-menu-vertical","elType":"widget"}],"isInner":true,"elType":"column"}],"isInner":true,"elType":"section"},{"id":"7a7fd277","settings":{"structure":"40","padding":{"unit":"px","top":"39","right":"0","bottom":"0","left":"0","isLinked":false}},"elements":[{"id":"3b2fe075","settings":{"_column_size":25,"_inline_size":null},"elements":[{"id":"55807473","settings":{"heading_title":"Acccessories","heading_title_color":"#1F1F1F","heading_title_typography_typography":"custom","heading_title_typography_font_size":{"unit":"px","size":14,"sizes":[]},"heading_title_typography_font_weight":"600","heading_title_typography_text_transform":"capitalize","heading_title_typography_line_height":{"unit":"px","size":24,"sizes":[]},"heading_title_typography_line_height_tablet":{"unit":"px","size":"","sizes":[]},"heading_title_typography_line_height_mobile":{"unit":"px","size":"","sizes":[]},"heading_style_margin":{"unit":"px","top":"0","right":"0","bottom":"14","left":"0","isLinked":false},"menu_vertical_typography_typography":"custom","menu_vertical_typography_line_height":{"unit":"px","size":22,"sizes":[]},"menu_vertical_typography_line_height_tablet":{"unit":"px","size":"","sizes":[]},"menu_vertical_typography_line_height_mobile":{"unit":"px","size":"","sizes":[]}},"elements":[],"isInner":false,"widgetType":"tbay-fashion3-menu-vertical","elType":"widget"}],"isInner":true,"elType":"column"},{"id":"388f2004","settings":{"_column_size":25,"_inline_size":null},"elements":[{"id":"5a34ebeb","settings":{"heading_title":"Jewellery","heading_title_color":"#1F1F1F","heading_title_typography_typography":"custom","heading_title_typography_font_size":{"unit":"px","size":14,"sizes":[]},"heading_title_typography_font_weight":"600","heading_title_typography_text_transform":"capitalize","heading_title_typography_line_height":{"unit":"px","size":24,"sizes":[]},"heading_title_typography_line_height_tablet":{"unit":"px","size":"","sizes":[]},"heading_title_typography_line_height_mobile":{"unit":"px","size":"","sizes":[]},"heading_style_margin":{"unit":"px","top":"0","right":"0","bottom":"14","left":"0","isLinked":false},"menu_vertical_typography_typography":"custom","menu_vertical_typography_line_height":{"unit":"px","size":22,"sizes":[]},"menu_vertical_typography_line_height_tablet":{"unit":"px","size":"","sizes":[]},"menu_vertical_typography_line_height_mobile":{"unit":"px","size":"","sizes":[]}},"elements":[],"isInner":false,"widgetType":"tbay-fashion3-menu-vertical","elType":"widget"}],"isInner":true,"elType":"column"},{"id":"759a99c0","settings":{"_column_size":25,"_inline_size":null},"elements":[{"id":"342d56fc","settings":{"heading_title":"Sale","heading_title_color":"#1F1F1F","heading_title_typography_typography":"custom","heading_title_typography_font_size":{"unit":"px","size":14,"sizes":[]},"heading_title_typography_font_weight":"600","heading_title_typography_text_transform":"capitalize","heading_title_typography_line_height":{"unit":"px","size":24,"sizes":[]},"heading_title_typography_line_height_tablet":{"unit":"px","size":"","sizes":[]},"heading_title_typography_line_height_mobile":{"unit":"px","size":"","sizes":[]},"heading_style_margin":{"unit":"px","top":"0","right":"0","bottom":"14","left":"0","isLinked":false},"menu_vertical_typography_typography":"custom","menu_vertical_typography_line_height":{"unit":"px","size":22,"sizes":[]},"menu_vertical_typography_line_height_tablet":{"unit":"px","size":"","sizes":[]},"menu_vertical_typography_line_height_mobile":{"unit":"px","size":"","sizes":[]}},"elements":[],"isInner":false,"widgetType":"tbay-fashion3-menu-vertical","elType":"widget"}],"isInner":true,"elType":"column"},{"id":"c1d7509","settings":{"_column_size":25,"_inline_size":null},"elements":[{"id":"5d4b4ab1","settings":{"heading_title":"Vintages","heading_title_color":"#1F1F1F","heading_title_typography_typography":"custom","heading_title_typography_font_size":{"unit":"px","size":14,"sizes":[]},"heading_title_typography_font_weight":"600","heading_title_typography_text_transform":"capitalize","heading_title_typography_line_height":{"unit":"px","size":24,"sizes":[]},"heading_title_typography_line_height_tablet":{"unit":"px","size":"","sizes":[]},"heading_title_typography_line_height_mobile":{"unit":"px","size":"","sizes":[]},"heading_style_margin":{"unit":"px","top":"0","right":"0","bottom":"14","left":"0","isLinked":false},"menu_vertical_typography_typography":"custom","menu_vertical_typography_line_height":{"unit":"px","size":22,"sizes":[]},"menu_vertical_typography_line_height_tablet":{"unit":"px","size":"","sizes":[]},"menu_vertical_typography_line_height_mobile":{"unit":"px","size":"","sizes":[]}},"elements":[],"isInner":false,"widgetType":"tbay-fashion3-menu-vertical","elType":"widget"}],"isInner":true,"elType":"column"}],"isInner":true,"elType":"section"}],"isInner":false,"elType":"column"}],"isInner":false,"elType":"section"}],"page_settings":[],"version":"0.4","title":"Mega Men","type":"page"}