{"content":[{"id":"76bb28b2","settings":{"structure":"40","padding":{"unit":"px","top":"23","right":"0","bottom":"23","left":"0","isLinked":false}},"elements":[{"id":"67633f9","settings":{"_column_size":25,"_inline_size":null},"elements":[{"id":"703a1bac","settings":{"heading_title":"Blog archive 01","heading_title_color":"#1F1F1F","heading_title_typography_typography":"custom","heading_title_typography_font_size":{"unit":"px","size":14,"sizes":[]},"heading_title_typography_font_weight":"600","heading_title_typography_text_transform":"capitalize","heading_title_typography_line_height":{"unit":"px","size":24,"sizes":[]},"heading_title_typography_line_height_tablet":{"unit":"px","size":"","sizes":[]},"heading_title_typography_line_height_mobile":{"unit":"px","size":"","sizes":[]},"heading_style_margin":{"unit":"px","top":"0","right":"0","bottom":"14","left":"0","isLinked":false},"menu_vertical_typography_typography":"custom","menu_vertical_typography_line_height":{"unit":"px","size":22,"sizes":[]},"menu_vertical_typography_line_height_tablet":{"unit":"px","size":"","sizes":[]},"menu_vertical_typography_line_height_mobile":{"unit":"px","size":"","sizes":[]}},"elements":[],"isInner":false,"widgetType":"tbay-fashion3-menu-vertical","elType":"widget"}],"isInner":false,"elType":"column"},{"id":"2f360456","settings":{"_column_size":25,"_inline_size":null},"elements":[{"id":"e52572","settings":{"heading_title":"Blog archive 02","heading_title_color":"#1F1F1F","heading_title_typography_typography":"custom","heading_title_typography_font_size":{"unit":"px","size":14,"sizes":[]},"heading_title_typography_font_weight":"600","heading_title_typography_text_transform":"capitalize","heading_title_typography_line_height":{"unit":"px","size":24,"sizes":[]},"heading_title_typography_line_height_tablet":{"unit":"px","size":"","sizes":[]},"heading_title_typography_line_height_mobile":{"unit":"px","size":"","sizes":[]},"heading_style_margin":{"unit":"px","top":"0","right":"0","bottom":"14","left":"0","isLinked":false},"menu_vertical_typography_typography":"custom","menu_vertical_typography_line_height":{"unit":"px","size":22,"sizes":[]},"menu_vertical_typography_line_height_tablet":{"unit":"px","size":"","sizes":[]},"menu_vertical_typography_line_height_mobile":{"unit":"px","size":"","sizes":[]}},"elements":[],"isInner":false,"widgetType":"tbay-fashion3-menu-vertical","elType":"widget"}],"isInner":false,"elType":"column"},{"id":"7ebafb6","settings":{"_column_size":25,"_inline_size":null},"elements":[{"id":"1bfbc2b","settings":{"heading_title":"Blog Single Layout","heading_title_color":"#1F1F1F","heading_title_typography_typography":"custom","heading_title_typography_font_size":{"unit":"px","size":14,"sizes":[]},"heading_title_typography_font_weight":"600","heading_title_typography_text_transform":"capitalize","heading_title_typography_line_height":{"unit":"px","size":24,"sizes":[]},"heading_title_typography_line_height_tablet":{"unit":"px","size":"","sizes":[]},"heading_title_typography_line_height_mobile":{"unit":"px","size":"","sizes":[]},"heading_style_margin":{"unit":"px","top":"0","right":"0","bottom":"14","left":"0","isLinked":false},"menu_vertical_typography_typography":"custom","menu_vertical_typography_line_height":{"unit":"px","size":22,"sizes":[]},"menu_vertical_typography_line_height_tablet":{"unit":"px","size":"","sizes":[]},"menu_vertical_typography_line_height_mobile":{"unit":"px","size":"","sizes":[]}},"elements":[],"isInner":false,"widgetType":"tbay-fashion3-menu-vertical","elType":"widget"}],"isInner":false,"elType":"column"},{"id":"6c8a1c70","settings":{"_column_size":25,"_inline_size":null},"elements":[{"id":"3e489ddb","settings":{"heading_title":"Blog Post Format","heading_title_color":"#1F1F1F","heading_title_typography_typography":"custom","heading_title_typography_font_size":{"unit":"px","size":14,"sizes":[]},"heading_title_typography_font_weight":"600","heading_title_typography_text_transform":"capitalize","heading_title_typography_line_height":{"unit":"px","size":24,"sizes":[]},"heading_title_typography_line_height_tablet":{"unit":"px","size":"","sizes":[]},"heading_title_typography_line_height_mobile":{"unit":"px","size":"","sizes":[]},"heading_style_margin":{"unit":"px","top":"0","right":"0","bottom":"14","left":"0","isLinked":false},"menu_vertical_typography_typography":"custom","menu_vertical_typography_line_height":{"unit":"px","size":22,"sizes":[]},"menu_vertical_typography_line_height_tablet":{"unit":"px","size":"","sizes":[]},"menu_vertical_typography_line_height_mobile":{"unit":"px","size":"","sizes":[]}},"elements":[],"isInner":false,"widgetType":"tbay-fashion3-menu-vertical","elType":"widget"}],"isInner":false,"elType":"column"}],"isInner":false,"elType":"section"}],"page_settings":[],"version":"0.4","title":"mega blog","type":"page"}