{"content":[{"id":"670abd4a","settings":{"structure":"40","padding":{"unit":"px","top":"23","right":"0","bottom":"23","left":"0","isLinked":false}},"elements":[{"id":"40f08d8d","settings":{"_column_size":25,"_inline_size":null},"elements":[{"id":"478757ec","settings":{"heading_title":"Shop with sidebar","heading_title_color":"#1F1F1F","heading_title_typography_typography":"custom","heading_title_typography_font_size":{"unit":"px","size":14,"sizes":[]},"heading_title_typography_font_weight":"600","heading_title_typography_text_transform":"capitalize","heading_title_typography_line_height":{"unit":"px","size":24,"sizes":[]},"heading_title_typography_line_height_tablet":{"unit":"px","size":"","sizes":[]},"heading_title_typography_line_height_mobile":{"unit":"px","size":"","sizes":[]},"heading_style_margin":{"unit":"px","top":"0","right":"0","bottom":"14","left":"0","isLinked":false},"menu_vertical_typography_typography":"custom","menu_vertical_typography_line_height":{"unit":"px","size":22,"sizes":[]},"menu_vertical_typography_line_height_tablet":{"unit":"px","size":"","sizes":[]},"menu_vertical_typography_line_height_mobile":{"unit":"px","size":"","sizes":[]}},"elements":[],"isInner":false,"widgetType":"tbay-fashion3-menu-vertical","elType":"widget"}],"isInner":false,"elType":"column"},{"id":"60d45e9b","settings":{"_column_size":25,"_inline_size":null},"elements":[{"id":"7f6cbb0e","settings":{"heading_title":"Shop style 01","heading_title_color":"#1F1F1F","heading_title_typography_typography":"custom","heading_title_typography_font_size":{"unit":"px","size":14,"sizes":[]},"heading_title_typography_font_weight":"600","heading_title_typography_text_transform":"capitalize","heading_title_typography_line_height":{"unit":"px","size":24,"sizes":[]},"heading_title_typography_line_height_tablet":{"unit":"px","size":"","sizes":[]},"heading_title_typography_line_height_mobile":{"unit":"px","size":"","sizes":[]},"heading_style_margin":{"unit":"px","top":"0","right":"0","bottom":"14","left":"0","isLinked":false},"menu_vertical_typography_typography":"custom","menu_vertical_typography_line_height":{"unit":"px","size":22,"sizes":[]},"menu_vertical_typography_line_height_tablet":{"unit":"px","size":"","sizes":[]},"menu_vertical_typography_line_height_mobile":{"unit":"px","size":"","sizes":[]}},"elements":[],"isInner":false,"widgetType":"tbay-fashion3-menu-vertical","elType":"widget"}],"isInner":false,"elType":"column"},{"id":"421f2e56","settings":{"_column_size":25,"_inline_size":null},"elements":[{"id":"4fb58c2","settings":{"heading_title":"Shop style 02","heading_title_color":"#1F1F1F","heading_title_typography_typography":"custom","heading_title_typography_font_size":{"unit":"px","size":14,"sizes":[]},"heading_title_typography_font_weight":"600","heading_title_typography_text_transform":"capitalize","heading_title_typography_line_height":{"unit":"px","size":24,"sizes":[]},"heading_title_typography_line_height_tablet":{"unit":"px","size":"","sizes":[]},"heading_title_typography_line_height_mobile":{"unit":"px","size":"","sizes":[]},"heading_style_margin":{"unit":"px","top":"0","right":"0","bottom":"14","left":"0","isLinked":false},"menu_vertical_typography_typography":"custom","menu_vertical_typography_line_height":{"unit":"px","size":22,"sizes":[]},"menu_vertical_typography_line_height_tablet":{"unit":"px","size":"","sizes":[]},"menu_vertical_typography_line_height_mobile":{"unit":"px","size":"","sizes":[]}},"elements":[],"isInner":false,"widgetType":"tbay-fashion3-menu-vertical","elType":"widget"}],"isInner":false,"elType":"column"},{"id":"1b07c560","settings":{"_column_size":25,"_inline_size":null},"elements":[{"id":"27f831d6","settings":{"heading_title":"Shop pages","heading_title_color":"#1F1F1F","heading_title_typography_typography":"custom","heading_title_typography_font_size":{"unit":"px","size":14,"sizes":[]},"heading_title_typography_font_weight":"600","heading_title_typography_text_transform":"capitalize","heading_title_typography_line_height":{"unit":"px","size":24,"sizes":[]},"heading_title_typography_line_height_tablet":{"unit":"px","size":"","sizes":[]},"heading_title_typography_line_height_mobile":{"unit":"px","size":"","sizes":[]},"heading_style_margin":{"unit":"px","top":"0","right":"0","bottom":"14","left":"0","isLinked":false},"menu_vertical_typography_typography":"custom","menu_vertical_typography_line_height":{"unit":"px","size":22,"sizes":[]},"menu_vertical_typography_line_height_tablet":{"unit":"px","size":"","sizes":[]},"menu_vertical_typography_line_height_mobile":{"unit":"px","size":"","sizes":[]}},"elements":[],"isInner":false,"widgetType":"tbay-fashion3-menu-vertical","elType":"widget"}],"isInner":false,"elType":"column"}],"isInner":false,"elType":"section"}],"page_settings":[],"version":"0.4","title":"Mega Shop","type":"page"}