{"content":[{"id":"1f8e1c73","settings":{"structure":"20"},"elements":[{"id":"4ac467bb","settings":{"_column_size":50,"_inline_size":null},"elements":[{"id":"2fc92504","settings":{"align":"left","heading_title":"Elements","heading_title_size":{"unit":"px","size":14,"sizes":[]}},"elements":[],"isInner":false,"widgetType":"tbay-nav-menu","elType":"widget"}],"isInner":false,"elType":"column"},{"id":"66ab3876","settings":{"_column_size":50,"_inline_size":null},"elements":[{"id":"e287167","settings":{"align":"left","heading_title":"Add to cart","heading_title_size":{"unit":"px","size":14,"sizes":[]}},"elements":[],"isInner":false,"widgetType":"tbay-nav-menu","elType":"widget"}],"isInner":false,"elType":"column"}],"isInner":false,"elType":"section"}],"page_settings":[],"version":"0.4","title":"MEGA FEATURE","type":"page"}