{"content":[{"id":"38596e2e","settings":{"padding":{"unit":"px","top":"23","right":"0","bottom":"23","left":"0","isLinked":false}},"elements":[{"id":"f6f59fd","settings":{"_column_size":100,"_inline_size":null},"elements":[{"id":"7cd764e1","settings":{"heading_title":"Recently viewed products","empty":"You have no recently viewed item.","limit":6,"layout_type":"carousel","column":"6","col_desktop":"6","readmore_text":"View all","readmore_page":"5972","heading_title_typography_typography":"custom","heading_title_typography_text_transform":"capitalize"},"elements":[],"isInner":false,"widgetType":"tbay-fashion3-product-recently-viewed","elType":"widget"}],"isInner":false,"elType":"column"}],"isInner":false,"elType":"section"}],"page_settings":[],"version":"0.4","title":"Recently View","type":"page"}