{"content":[{"id":"9a6c2bd","settings":{"structure":"40","padding":{"unit":"px","top":"23","right":"0","bottom":"23","left":"0","isLinked":false}},"elements":[{"id":"10f34407","settings":{"_column_size":25,"_inline_size":null},"elements":[{"id":"e5794d3","settings":{"heading_title":"Product Layout 01","heading_title_color":"#1F1F1F","heading_title_typography_typography":"custom","heading_title_typography_font_size":{"unit":"px","size":14,"sizes":[]},"heading_title_typography_font_weight":"600","heading_title_typography_text_transform":"capitalize","heading_title_typography_line_height":{"unit":"px","size":24,"sizes":[]},"heading_title_typography_line_height_tablet":{"unit":"px","size":"","sizes":[]},"heading_title_typography_line_height_mobile":{"unit":"px","size":"","sizes":[]},"heading_style_margin":{"unit":"px","top":"0","right":"0","bottom":"14","left":"0","isLinked":false},"menu_vertical_typography_typography":"custom","menu_vertical_typography_line_height":{"unit":"px","size":22,"sizes":[]},"menu_vertical_typography_line_height_tablet":{"unit":"px","size":"","sizes":[]},"menu_vertical_typography_line_height_mobile":{"unit":"px","size":"","sizes":[]}},"elements":[],"isInner":false,"widgetType":"tbay-fashion3-menu-vertical","elType":"widget"}],"isInner":false,"elType":"column"},{"id":"30f3b957","settings":{"_column_size":25,"_inline_size":null},"elements":[{"id":"79dcb96a","settings":{"heading_title":"Product Layout 02","heading_title_color":"#1F1F1F","heading_title_typography_typography":"custom","heading_title_typography_font_size":{"unit":"px","size":14,"sizes":[]},"heading_title_typography_font_weight":"600","heading_title_typography_text_transform":"capitalize","heading_title_typography_line_height":{"unit":"px","size":24,"sizes":[]},"heading_title_typography_line_height_tablet":{"unit":"px","size":"","sizes":[]},"heading_title_typography_line_height_mobile":{"unit":"px","size":"","sizes":[]},"heading_style_margin":{"unit":"px","top":"0","right":"0","bottom":"14","left":"0","isLinked":false},"menu_vertical_typography_typography":"custom","menu_vertical_typography_line_height":{"unit":"px","size":22,"sizes":[]},"menu_vertical_typography_line_height_tablet":{"unit":"px","size":"","sizes":[]},"menu_vertical_typography_line_height_mobile":{"unit":"px","size":"","sizes":[]}},"elements":[],"isInner":false,"widgetType":"tbay-fashion3-menu-vertical","elType":"widget"}],"isInner":false,"elType":"column"},{"id":"3a02efab","settings":{"_column_size":25,"_inline_size":null},"elements":[{"id":"32950788","settings":{"heading_title":"Product tabs style","heading_title_color":"#1F1F1F","heading_title_typography_typography":"custom","heading_title_typography_font_size":{"unit":"px","size":14,"sizes":[]},"heading_title_typography_font_weight":"600","heading_title_typography_text_transform":"capitalize","heading_title_typography_line_height":{"unit":"px","size":24,"sizes":[]},"heading_title_typography_line_height_tablet":{"unit":"px","size":"","sizes":[]},"heading_title_typography_line_height_mobile":{"unit":"px","size":"","sizes":[]},"heading_style_margin":{"unit":"px","top":"0","right":"0","bottom":"14","left":"0","isLinked":false},"menu_vertical_typography_typography":"custom","menu_vertical_typography_line_height":{"unit":"px","size":22,"sizes":[]},"menu_vertical_typography_line_height_tablet":{"unit":"px","size":"","sizes":[]},"menu_vertical_typography_line_height_mobile":{"unit":"px","size":"","sizes":[]}},"elements":[],"isInner":false,"widgetType":"tbay-fashion3-menu-vertical","elType":"widget"}],"isInner":false,"elType":"column"},{"id":"76aa2c95","settings":{"_column_size":25,"_inline_size":null},"elements":[{"id":"1510e7ea","settings":{"heading_title":"Product Types","heading_title_color":"#1F1F1F","heading_title_typography_typography":"custom","heading_title_typography_font_size":{"unit":"px","size":14,"sizes":[]},"heading_title_typography_font_weight":"600","heading_title_typography_text_transform":"capitalize","heading_title_typography_line_height":{"unit":"px","size":24,"sizes":[]},"heading_title_typography_line_height_tablet":{"unit":"px","size":"","sizes":[]},"heading_title_typography_line_height_mobile":{"unit":"px","size":"","sizes":[]},"heading_style_margin":{"unit":"px","top":"0","right":"0","bottom":"14","left":"0","isLinked":false},"menu_vertical_typography_typography":"custom","menu_vertical_typography_line_height":{"unit":"px","size":22,"sizes":[]},"menu_vertical_typography_line_height_tablet":{"unit":"px","size":"","sizes":[]},"menu_vertical_typography_line_height_mobile":{"unit":"px","size":"","sizes":[]}},"elements":[],"isInner":false,"widgetType":"tbay-fashion3-menu-vertical","elType":"widget"}],"isInner":false,"elType":"column"}],"isInner":false,"elType":"section"}],"page_settings":[],"version":"0.4","title":"Mega Products","type":"page"}