{"version":"0.4","title":"Template &#8211; Footer-v5","type":"page","content":[{"id":"10be9d20","settings":{"stretch_section":"section-stretched","layout":"full_width","padding":{"unit":"px","top":"0","right":"50","bottom":"0","left":"50","isLinked":false},"padding_tablet":{"unit":"px","top":"0","right":"0","bottom":"0","left":"0","isLinked":false}},"elements":[{"id":"6610c117","settings":{"_column_size":100,"_inline_size":null,"padding_mobile":{"unit":"px","top":"0","right":"0","bottom":"0","left":"0","isLinked":false}},"elements":[{"id":"52635201","settings":{"structure":"40","background_background":"classic","background_color":"#FCFCFC","padding":{"unit":"px","top":"33","right":"0","bottom":"33","left":"0","isLinked":false}},"elements":[{"id":"22fd14a9","settings":{"_column_size":25,"_inline_size":33.329999999999998,"css_classes":"hidden-xs hidden-sm"},"elements":[{"id":"23c43fe3","settings":{"align":"left","heading_title":"come & visit our store","heading_title_size":{"unit":"px","size":13,"sizes":[]},"heading_title_line_height":{"unit":"px","size":20,"sizes":[]},"heading_title_typography_typography":"custom","heading_style_margin":{"unit":"px","top":"0","right":"0","bottom":"0","left":"0","isLinked":true},"_margin":{"unit":"px","top":"11","right":"0","bottom":"17","left":"0","isLinked":false},"heading_title_typography_font_size":{"unit":"px","size":13,"sizes":[]},"heading_title_typography_line_height":{"unit":"px","size":20,"sizes":[]}},"elements":[],"isInner":false,"widgetType":"tbay-heading","elType":"widget"},{"id":"71c923c4","settings":{"editor":"<p>70 Bowman St. South Windsor, CT 06074, Michigan, U.S.A<br>\n(+084) 908 260 196 \/ (+084) 123 456 986<\/p>\n<p><span class=\"color-primary\"><i class=\"icon-location-pin icons\"><\/i> Get Direction<\/span><\/p>","_padding":{"unit":"px","top":"11","right":"0","bottom":"0","left":"0","isLinked":false}},"elements":[],"isInner":false,"widgetType":"text-editor","elType":"widget"}],"isInner":true,"elType":"column"},{"id":"1cb522b","settings":{"_column_size":25,"_inline_size":16.670000000000002,"_inline_size_tablet":33,"margin_mobile":{"unit":"px","top":"-30","right":"0","bottom":"0","left":"0","isLinked":false},"padding_mobile":{"unit":"px","top":"0","right":"10","bottom":"0","left":"10","isLinked":false}},"elements":[{"id":"6d983453","settings":{"align":"left","_padding":{"unit":"px","top":"5","right":"0","bottom":"0","left":"0","isLinked":false},"heading_title":"Department","heading_title_size":{"unit":"px","size":13,"sizes":[]},"heading_title_line_height":{"unit":"px","size":20,"sizes":[]},"heading_style_margin":{"unit":"px","top":"7","right":"0","bottom":"23","left":"0","isLinked":false},"heading_title_typography_typography":"custom","heading_style_margin_mobile":{"unit":"px","top":"0","right":"0","bottom":"0","left":"0","isLinked":false},"heading_style_padding_mobile":{"unit":"px","top":"0","right":"0","bottom":"15","left":"0","isLinked":false},"layout":"horizoltal"},"elements":[],"isInner":false,"widgetType":"tbay-nav-menu","elType":"widget"}],"isInner":true,"elType":"column"},{"id":"660e2811","settings":{"_column_size":25,"_inline_size":16.670000000000002,"_inline_size_tablet":25,"margin_mobile":{"unit":"px","top":"-30","right":"0","bottom":"0","left":"0","isLinked":false},"padding_mobile":{"unit":"px","top":"0","right":"10","bottom":"0","left":"10","isLinked":false}},"elements":[{"id":"466210ab","settings":{"align":"left","_padding":{"unit":"px","top":"5","right":"0","bottom":"0","left":"0","isLinked":false},"heading_title":"My profile","heading_title_size":{"unit":"px","size":13,"sizes":[]},"heading_title_line_height":{"unit":"px","size":20,"sizes":[]},"heading_style_margin":{"unit":"px","top":"7","right":"0","bottom":"23","left":"0","isLinked":false},"heading_title_typography_typography":"custom","heading_style_margin_mobile":{"unit":"px","top":"0","right":"0","bottom":"0","left":"0","isLinked":false},"heading_style_padding_mobile":{"unit":"px","top":"0","right":"0","bottom":"15","left":"0","isLinked":false},"layout":"horizoltal"},"elements":[],"isInner":false,"widgetType":"tbay-nav-menu","elType":"widget"}],"isInner":true,"elType":"column"},{"id":"a23f267","settings":{"_column_size":25,"_inline_size":33.329999999999998,"_inline_size_tablet":42,"margin_mobile":{"unit":"px","top":"-30","right":"0","bottom":"0","left":"0","isLinked":false},"padding_mobile":{"unit":"px","top":"0","right":"10","bottom":"0","left":"10","isLinked":false}},"elements":[{"id":"25eef877","settings":{"heading_title":"SUBSCRIBE TO NEWSLETTER","heading_description":"Sign up to our newsletter and get the latest new products and offers coupon","style":"style2","_padding":{"unit":"px","top":"5","right":"0","bottom":"0","left":"0","isLinked":false}},"elements":[],"isInner":false,"widgetType":"tbay-newsletter","elType":"widget"}],"isInner":true,"elType":"column"}],"isInner":true,"elType":"section"}],"isInner":false,"elType":"column"}],"isInner":false,"elType":"section"},{"id":"1a9f4d12","settings":{"stretch_section":"section-stretched","layout":"full_width","margin":{"unit":"px","top":"30","right":0,"bottom":"0","left":0,"isLinked":false},"padding":{"unit":"px","top":"0","right":"50","bottom":"0","left":"50","isLinked":false},"padding_tablet":{"unit":"px","top":"0","right":"0","bottom":"0","left":"0","isLinked":false}},"elements":[{"id":"236479f","settings":{"_column_size":100,"_inline_size":null,"padding_mobile":{"unit":"px","top":"0","right":"0","bottom":"0","left":"0","isLinked":false}},"elements":[{"id":"59610ac3","settings":{"structure":"20","background_background":"classic","background_image":{"url":"https:\/\/elementor.thembay.com\/puca_fashion2\/wp-content\/uploads\/2017\/12\/bg-tags.jpg","id":4104},"background_repeat_tablet":"no-repeat","background_size_tablet":"cover"},"elements":[{"id":"774836de","settings":{"_column_size":50,"_inline_size":null,"_inline_size_tablet":25},"elements":[],"isInner":true,"elType":"column"},{"id":"554baa83","settings":{"_column_size":50,"_inline_size":null,"_inline_size_tablet":75},"elements":[{"id":"56086cc1","settings":{"limit":12,"heading_style_margin":{"unit":"px","top":"0","right":"-15","bottom":"0","left":"-15","isLinked":false},"heading_title":"TRENDING TAGS"},"elements":[],"isInner":false,"widgetType":"tbay-fashion2-woocommerce-tags","elType":"widget"}],"isInner":true,"elType":"column"}],"isInner":true,"elType":"section"}],"isInner":false,"elType":"column"}],"isInner":false,"elType":"section"},{"id":"1863431f","settings":[],"elements":[{"id":"43f9d444","settings":{"_column_size":100,"_inline_size":null},"elements":[{"id":"1442c516","settings":{"social_icon_list":[{"social_icon":{"value":"icon- icon-social-facebook","library":"simple-line-icons"},"_id":"f55a8cc","link":{"url":"#","is_external":"true","nofollow":""},"item_icon_color":"custom","item_icon_primary_color":"#FFFFFF","item_icon_secondary_color":"#000000"},{"social_icon":{"value":"icon- icon-social-twitter","library":"simple-line-icons"},"_id":"d9c7db6","link":{"url":"#","is_external":"true","nofollow":""},"item_icon_color":"custom","item_icon_primary_color":"#FFFFFF","item_icon_secondary_color":"#000000"},{"social_icon":{"value":"icon- icon-social-instagram","library":"simple-line-icons"},"_id":"6c911c8","link":{"url":"#","is_external":"true","nofollow":""},"item_icon_color":"custom","item_icon_primary_color":"#FFFFFF","item_icon_secondary_color":"#000000"}],"shape":"square","icon_size":{"unit":"px","size":18,"sizes":[]},"icon_padding":{"unit":"em","size":0.33000000000000002,"sizes":[]},"icon_spacing":{"unit":"px","size":3,"sizes":[]},"_margin":{"unit":"px","top":"34","right":"0","bottom":"0","left":"0","isLinked":false}},"elements":[],"isInner":false,"widgetType":"social-icons","elType":"widget"},{"id":"234d8780","settings":{"editor":"<div class=\"copyright\" style=\"text-align: center;\"><span style=\"color: #bbbbbb;\">e-commerce wordpress version 1.0. <i class=\"fa fa-copyright\" aria-hidden=\"true\"><\/i> 2020 Designed by<\/span> <span style=\"color: #00e5a6;\"><a style=\"color: #00e5a6;\" href=\"http:\/\/thembay.com\">ThemBay<\/a>.<\/span><\/div>","_margin":{"unit":"px","top":"9","right":"0","bottom":"28","left":"0","isLinked":false}},"elements":[],"isInner":false,"widgetType":"text-editor","elType":"widget"}],"isInner":false,"elType":"column"}],"isInner":false,"elType":"section"}]}