{"version":"0.4","title":"Template &#8211; Footer-v7","type":"page","content":[{"id":"7bb3009b","settings":{"stretch_section":"section-stretched","padding":{"unit":"px","top":"39","right":"0","bottom":"0","left":"0","isLinked":false}},"elements":[{"id":"7f53f828","settings":{"_column_size":100},"elements":[{"id":"2cf293d5","settings":{"heading_title":"Sign up","heading_subtitle":"to our newsletter and get the latest new products & offers coupon","style":"style4"},"elements":[],"isInner":false,"widgetType":"tbay-newsletter","elType":"widget"}],"isInner":false,"elType":"column"}],"isInner":false,"elType":"section"},{"id":"1d9db216","settings":[],"elements":[{"id":"6f5dc14a","settings":{"_column_size":100},"elements":[{"id":"973979f","settings":{"social_icon_list":[{"social_icon":{"value":"icon- icon-social-facebook","library":"simple-line-icons"},"_id":"f55a8cc","link":{"url":"#","is_external":"true","nofollow":""},"item_icon_color":"custom","item_icon_primary_color":"#FFFFFF","item_icon_secondary_color":"#000000"},{"social_icon":{"value":"icon- icon-social-twitter","library":"simple-line-icons"},"_id":"d9c7db6","link":{"url":"#","is_external":"true","nofollow":""},"item_icon_color":"custom","item_icon_primary_color":"#FFFFFF","item_icon_secondary_color":"#000000"},{"social_icon":{"value":"icon- icon-social-instagram","library":"simple-line-icons"},"_id":"6c911c8","link":{"url":"#","is_external":"true","nofollow":""},"item_icon_color":"custom","item_icon_primary_color":"#FFFFFF","item_icon_secondary_color":"#000000"}],"shape":"square","icon_size":{"unit":"px","size":18,"sizes":[]},"icon_padding":{"unit":"em","size":0.33000000000000002,"sizes":[]},"icon_spacing":{"unit":"px","size":3,"sizes":[]},"_margin":{"unit":"px","top":"18","right":"0","bottom":"72","left":"0","isLinked":false}},"elements":[],"isInner":false,"widgetType":"social-icons","elType":"widget"},{"id":"3786db49","settings":{"editor":"<p style=\"text-align: center;\"><span style=\"color: #bbbbbb;\">e-commerce wordpress version 1.0. 2020 Designed by ThemBay.<\/span><\/p>"},"elements":[],"isInner":false,"widgetType":"text-editor","elType":"widget"}],"isInner":false,"elType":"column"}],"isInner":false,"elType":"section"}]}