{"version":"0.4","title":"Template &#8211; Footer-v3","type":"page","content":[{"id":"6c7a384b","settings":[],"elements":[{"id":"4744df7","settings":{"_column_size":100,"_inline_size":100},"elements":[{"id":"5e95deb6","settings":{"image":{"url":"https:\/\/elementor.thembay.com\/puca_fashion2\/wp-content\/uploads\/2017\/09\/logo.png","id":4694}},"elements":[],"isInner":false,"widgetType":"image","elType":"widget"},{"id":"210d693","settings":{"editor":"<p class=\"text-description style2\">Enjoy express worldwide delivery and same-day delivery in London, New York, Paris, Los Angeles, Miami, Madrid, Milan, Barcelona and Rome, plus swift and simple returns, and exciting new men\u2019s and women\u2019s pieces uploaded every day.<\/p>","_padding":{"unit":"px","top":"23","right":"0","bottom":"043","left":"0","isLinked":false},"_padding_tablet":{"unit":"px","top":"20","right":"0","bottom":"30","left":"0","isLinked":false},"_padding_mobile":{"unit":"px","top":"10","right":"0","bottom":"0","left":"0","isLinked":false}},"elements":[],"isInner":false,"widgetType":"text-editor","elType":"widget"},{"id":"29ee07da","settings":{"text_button":"more about us  ","link_button":{"url":"#","is_external":"","nofollow":""},"_padding":{"unit":"px","top":"0","right":"0","bottom":"67","left":"0","isLinked":false},"_padding_tablet":{"unit":"px","top":"0","right":"0","bottom":"0","left":"0","isLinked":false},"_padding_mobile":{"unit":"px","top":"0","right":"0","bottom":"15","left":"0","isLinked":false},"btn_align":"center"},"elements":[],"isInner":false,"widgetType":"tbay-button","elType":"widget"}],"isInner":false,"elType":"column"}],"isInner":false,"elType":"section"},{"id":"4fb180d0","settings":{"stretch_section":"section-stretched","layout":"full_width","padding":{"unit":"px","top":"0","right":"50","bottom":"0","left":"50","isLinked":false},"padding_tablet":{"unit":"px","top":"0","right":"0","bottom":"0","left":"0","isLinked":false}},"elements":[{"id":"1f45cd43","settings":{"_column_size":100,"_inline_size":null,"padding_mobile":{"unit":"px","top":"0","right":"0","bottom":"0","left":"0","isLinked":true}},"elements":[{"id":"585762a","settings":{"structure":"40","background_background":"classic","background_color":"#FCFCFC","padding":{"unit":"px","top":"33","right":"0","bottom":"33","left":"0","isLinked":false}},"elements":[{"id":"2bffd2f4","settings":{"_column_size":25,"_inline_size":33.329999999999998,"css_classes":"hidden-xs hidden-sm"},"elements":[{"id":"4f95d83b","settings":{"align":"left","heading_title":"come & visit our store","heading_title_size":{"unit":"px","size":13,"sizes":[]},"heading_title_line_height":{"unit":"px","size":20,"sizes":[]},"heading_title_typography_typography":"custom","heading_style_margin":{"unit":"px","top":"0","right":"0","bottom":"0","left":"0","isLinked":true},"_margin":{"unit":"px","top":"11","right":"0","bottom":"17","left":"0","isLinked":false},"heading_title_typography_font_size":{"unit":"px","size":13,"sizes":[]},"heading_title_typography_line_height":{"unit":"px","size":20,"sizes":[]}},"elements":[],"isInner":false,"widgetType":"tbay-heading","elType":"widget"},{"id":"381b58ac","settings":{"editor":"<p>70 Bowman St. South Windsor, CT 06074, Michigan, U.S.A<br>\n(+084) 908 260 196 \/ (+084) 123 456 986<\/p>\n<p><span class=\"color-primary\"><i class=\"icon-location-pin icons\"><\/i> Get Direction<\/span><\/p>","_padding":{"unit":"px","top":"11","right":"0","bottom":"0","left":"0","isLinked":false}},"elements":[],"isInner":false,"widgetType":"text-editor","elType":"widget"}],"isInner":true,"elType":"column"},{"id":"131633be","settings":{"_column_size":25,"_inline_size":16.670000000000002,"_inline_size_tablet":33,"margin_mobile":{"unit":"px","top":"-30","right":"0","bottom":"0","left":"0","isLinked":false},"padding_mobile":{"unit":"px","top":"0","right":"10","bottom":"0","left":"10","isLinked":false}},"elements":[{"id":"8095caa","settings":{"align":"left","_padding":{"unit":"px","top":"5","right":"0","bottom":"0","left":"0","isLinked":false},"heading_title":"Department","heading_title_size":{"unit":"px","size":13,"sizes":[]},"heading_title_line_height":{"unit":"px","size":20,"sizes":[]},"heading_style_margin":{"unit":"px","top":"7","right":"0","bottom":"23","left":"0","isLinked":false},"heading_title_typography_typography":"custom","heading_style_margin_mobile":{"unit":"px","top":"0","right":"0","bottom":"0","left":"0","isLinked":false},"heading_style_padding_mobile":{"unit":"px","top":"0","right":"0","bottom":"15","left":"0","isLinked":false}},"elements":[],"isInner":false,"widgetType":"tbay-nav-menu","elType":"widget"}],"isInner":true,"elType":"column"},{"id":"1a282db1","settings":{"_column_size":25,"_inline_size":16.670000000000002,"_inline_size_tablet":25,"margin_mobile":{"unit":"px","top":"-30","right":"0","bottom":"0","left":"0","isLinked":false},"padding_mobile":{"unit":"px","top":"0","right":"10","bottom":"0","left":"10","isLinked":false}},"elements":[{"id":"5555657c","settings":{"align":"left","_padding":{"unit":"px","top":"5","right":"0","bottom":"0","left":"0","isLinked":false},"heading_title":"My profile","heading_title_size":{"unit":"px","size":13,"sizes":[]},"heading_title_line_height":{"unit":"px","size":20,"sizes":[]},"heading_style_margin":{"unit":"px","top":"7","right":"0","bottom":"23","left":"0","isLinked":false},"heading_title_typography_typography":"custom","heading_style_margin_mobile":{"unit":"px","top":"0","right":"0","bottom":"0","left":"0","isLinked":false},"heading_style_padding_mobile":{"unit":"px","top":"0","right":"0","bottom":"15","left":"0","isLinked":false}},"elements":[],"isInner":false,"widgetType":"tbay-nav-menu","elType":"widget"}],"isInner":true,"elType":"column"},{"id":"441918e3","settings":{"_column_size":25,"_inline_size":33.329999999999998,"_inline_size_tablet":42,"margin_mobile":{"unit":"px","top":"-30","right":"0","bottom":"0","left":"0","isLinked":false},"padding_mobile":{"unit":"px","top":"0","right":"10","bottom":"0","left":"10","isLinked":false}},"elements":[{"id":"7d353ad1","settings":{"heading_title":"SUBSCRIBE TO NEWSLETTER","heading_description":"Sign up to our newsletter and get the latest new products and offers coupon","style":"style2","_padding":{"unit":"px","top":"5","right":"0","bottom":"0","left":"0","isLinked":false}},"elements":[],"isInner":false,"widgetType":"tbay-newsletter","elType":"widget"}],"isInner":true,"elType":"column"}],"isInner":true,"elType":"section"}],"isInner":false,"elType":"column"}],"isInner":false,"elType":"section"},{"id":"27b7ca01","settings":{"margin_tablet":{"unit":"px","top":"","right":0,"bottom":"","left":0,"isLinked":true}},"elements":[{"id":"3c4ae426","settings":{"_column_size":100,"_inline_size":null},"elements":[{"id":"e4950e","settings":{"social_icon_list":[{"social_icon":{"value":"icon- icon-social-facebook","library":"simple-line-icons"},"_id":"f55a8cc","link":{"url":"#","is_external":"true","nofollow":""},"item_icon_color":"custom","item_icon_primary_color":"#FFFFFF","item_icon_secondary_color":"#000000"},{"social_icon":{"value":"icon- icon-social-twitter","library":"simple-line-icons"},"_id":"d9c7db6","link":{"url":"#","is_external":"true","nofollow":""},"item_icon_color":"custom","item_icon_primary_color":"#FFFFFF","item_icon_secondary_color":"#000000"},{"social_icon":{"value":"icon- icon-social-instagram","library":"simple-line-icons"},"_id":"6c911c8","link":{"url":"#","is_external":"true","nofollow":""},"item_icon_color":"custom","item_icon_primary_color":"#FFFFFF","item_icon_secondary_color":"#000000"}],"shape":"square","icon_size":{"unit":"px","size":18,"sizes":[]},"icon_padding":{"unit":"em","size":0.33000000000000002,"sizes":[]},"icon_spacing":{"unit":"px","size":3,"sizes":[]},"_margin":{"unit":"px","top":"34","right":"0","bottom":"0","left":"0","isLinked":false}},"elements":[],"isInner":false,"widgetType":"social-icons","elType":"widget"},{"id":"35742b16","settings":{"editor":"<div class=\"copyright\" style=\"text-align: center;\"><span style=\"color: #bbbbbb;\">e-commerce wordpress version 1.0. <i class=\"fa fa-copyright\" aria-hidden=\"true\"><\/i> 2020 Designed by<\/span> <span style=\"color: #00e5a6;\"><a style=\"color: #00e5a6;\" href=\"http:\/\/thembay.com\">ThemBay<\/a>.<\/span><\/div>","_margin":{"unit":"px","top":"9","right":"0","bottom":"28","left":"0","isLinked":false}},"elements":[],"isInner":false,"widgetType":"text-editor","elType":"widget"}],"isInner":false,"elType":"column"}],"isInner":false,"elType":"section"}]}