{"version":"0.4","title":"Template &#8211; Footer-v1","type":"page","content":[{"id":"3c987be0","settings":{"stretch_section":"section-stretched","layout":"full_width","gap":"no","background_background":"classic","padding":{"unit":"px","top":"0","right":"65","bottom":"0","left":"65","isLinked":false},"margin_mobile":{"unit":"px","top":"","right":0,"bottom":"","left":0,"isLinked":true},"padding_mobile":{"unit":"px","top":"0","right":"10","bottom":"0","left":"10","isLinked":false},"padding_tablet":{"unit":"px","top":"0","right":"15","bottom":"0","left":"15","isLinked":false}},"elements":[{"id":"2285dd74","settings":{"_column_size":100,"_inline_size":null},"elements":[{"id":"329b88f9","settings":{"heading_title":"Sign up ","heading_subtitle":"to our newsletter and get the latest new products & offers coupon","_padding":{"unit":"px","top":"55","right":"0","bottom":"33","left":"0","isLinked":false},"_background_background":"classic","_background_color":"#FBFBFB","_padding_mobile":{"unit":"px","top":"0","right":"0","bottom":"0","left":"0","isLinked":false}},"elements":[],"isInner":false,"widgetType":"tbay-newsletter","elType":"widget"}],"isInner":false,"elType":"column"}],"isInner":false,"elType":"section"},{"id":"75c4152","settings":{"gap":"no","structure":"20","padding":{"unit":"px","top":"77","right":"0","bottom":"42","left":"0","isLinked":false},"margin_mobile":{"unit":"px","top":"","right":0,"bottom":"","left":0,"isLinked":true},"padding_mobile":{"unit":"px","top":"0","right":"0","bottom":"0","left":"0","isLinked":false},"padding_tablet":{"unit":"px","top":"0","right":"15","bottom":"0","left":"15","isLinked":false}},"elements":[{"id":"557f619e","settings":{"_column_size":50,"_inline_size":66.659999999999997,"_inline_size_tablet":100,"padding_mobile":{"unit":"px","top":"0","right":"0","bottom":"0","left":"0","isLinked":true}},"elements":[{"id":"69d5cc86","settings":{"structure":"40"},"elements":[{"id":"23fe8cea","settings":{"_column_size":25,"_inline_size":null,"margin_mobile":{"unit":"px","top":"-30","right":"0","bottom":"0","left":"0","isLinked":false},"padding_mobile":{"unit":"px","top":"0","right":"0","bottom":"0","left":"0","isLinked":false}},"elements":[{"id":"2516323c","settings":{"align":"left","heading_title":"Department","heading_title_tag":"h2","heading_title_size":{"unit":"px","size":13,"sizes":[]},"heading_title_line_height":{"unit":"px","size":21,"sizes":[]},"heading_style_margin":{"unit":"px","top":"20","right":"0","bottom":"26","left":"0","isLinked":false},"heading_style_margin_mobile":{"unit":"px","top":"0","right":"0","bottom":"0","left":"0","isLinked":false},"heading_style_padding_mobile":{"unit":"px","top":"0","right":"0","bottom":"15","left":"0","isLinked":false},"heading_title_typography_typography":"custom","heading_title_typography_font_size":{"unit":"px","size":13,"sizes":[]},"heading_title_typography_line_height":{"unit":"px","size":20,"sizes":[]},"layout":"horizoltal"},"elements":[],"isInner":false,"widgetType":"tbay-nav-menu","elType":"widget"}],"isInner":true,"elType":"column"},{"id":"6b63675c","settings":{"_column_size":25,"_inline_size":null,"padding":{"unit":"px","top":"0","right":"15","bottom":"0","left":"15","isLinked":false},"margin_mobile":{"unit":"px","top":"-30","right":"0","bottom":"0","left":"0","isLinked":false},"padding_mobile":{"unit":"px","top":"0","right":"0","bottom":"0","left":"0","isLinked":false}},"elements":[{"id":"4cbb7df","settings":{"align":"left","heading_title":"My profile","heading_title_tag":"h2","heading_title_size":{"unit":"px","size":13,"sizes":[]},"heading_title_line_height":{"unit":"px","size":20,"sizes":[]},"heading_style_margin":{"unit":"px","top":"20","right":"0","bottom":"26","left":"0","isLinked":false},"heading_style_margin_mobile":{"unit":"px","top":"0","right":"0","bottom":"0","left":"0","isLinked":false},"heading_style_padding_mobile":{"unit":"px","top":"0","right":"0","bottom":"15","left":"0","isLinked":false},"heading_title_typography_typography":"custom","heading_title_typography_font_size":{"unit":"px","size":13,"sizes":[]},"heading_title_typography_line_height":{"unit":"px","size":20,"sizes":[]},"layout":"horizoltal"},"elements":[],"isInner":false,"widgetType":"tbay-nav-menu","elType":"widget"}],"isInner":true,"elType":"column"},{"id":"4f3d4ac8","settings":{"_column_size":25,"_inline_size":null,"padding":{"unit":"px","top":"0","right":"15","bottom":"0","left":"15","isLinked":false},"margin_mobile":{"unit":"px","top":"-30","right":"0","bottom":"0","left":"0","isLinked":false},"padding_mobile":{"unit":"px","top":"0","right":"0","bottom":"0","left":"0","isLinked":false}},"elements":[{"id":"4012d958","settings":{"align":"left","heading_title":"Useful info","heading_title_size":{"unit":"px","size":13,"sizes":[]},"heading_title_line_height":{"unit":"px","size":20,"sizes":[]},"heading_style_margin":{"unit":"px","top":"20","right":"0","bottom":"26","left":"0","isLinked":false},"heading_style_margin_mobile":{"unit":"px","top":"0","right":"0","bottom":"0","left":"0","isLinked":false},"heading_style_padding_mobile":{"unit":"px","top":"0","right":"0","bottom":"15","left":"0","isLinked":false},"heading_title_typography_typography":"custom","heading_title_typography_font_size":{"unit":"px","size":13,"sizes":[]},"heading_title_typography_line_height":{"unit":"px","size":20,"sizes":[]},"layout":"horizoltal"},"elements":[],"isInner":false,"widgetType":"tbay-nav-menu","elType":"widget"}],"isInner":true,"elType":"column"},{"id":"7b868bd6","settings":{"_column_size":25,"_inline_size":null,"padding":{"unit":"px","top":"0","right":"15","bottom":"0","left":"15","isLinked":false},"margin_mobile":{"unit":"px","top":"-30","right":"0","bottom":"0","left":"0","isLinked":false},"padding_mobile":{"unit":"px","top":"0","right":"0","bottom":"0","left":"0","isLinked":false}},"elements":[{"id":"14041248","settings":{"align":"left","heading_title":"Need some help?","heading_title_size":{"unit":"px","size":13,"sizes":[]},"heading_title_line_height":{"unit":"px","size":20,"sizes":[]},"heading_style_margin":{"unit":"px","top":"20","right":"0","bottom":"26","left":"0","isLinked":false},"heading_style_margin_mobile":{"unit":"px","top":"0","right":"0","bottom":"0","left":"0","isLinked":false},"heading_style_padding_mobile":{"unit":"px","top":"0","right":"0","bottom":"15","left":"0","isLinked":false},"heading_title_typography_typography":"custom","heading_title_typography_font_size":{"unit":"px","size":13,"sizes":[]},"heading_title_typography_line_height":{"unit":"px","size":20,"sizes":[]},"layout":"horizoltal"},"elements":[],"isInner":false,"widgetType":"tbay-nav-menu","elType":"widget"}],"isInner":true,"elType":"column"}],"isInner":true,"elType":"section"}],"isInner":false,"elType":"column"},{"id":"12539d65","settings":{"_column_size":50,"_inline_size":33.340000000000003,"padding":{"unit":"px","top":"0","right":"15","bottom":"0","left":"15","isLinked":false},"css_classes":"hidden-xs hidden-sm"},"elements":[{"id":"3e22def6","settings":{"align":"left","heading_title":"come & visit our store","heading_title_size":{"unit":"px","size":13,"sizes":[]},"heading_title_line_height":{"unit":"px","size":20,"sizes":[]},"heading_title_typography_typography":"custom","heading_style_margin":{"unit":"px","top":"0","right":"0","bottom":"0","left":"0","isLinked":true},"_margin":{"unit":"px","top":"20","right":"0","bottom":"26","left":"0","isLinked":false},"heading_style_margin_mobile":{"unit":"px","top":"0","right":"0","bottom":"0","left":"0","isLinked":false},"heading_style_padding_mobile":{"unit":"px","top":"0","right":"0","bottom":"0","left":"0","isLinked":false},"heading_title_typography_font_size":{"unit":"px","size":13,"sizes":[]},"heading_title_typography_line_height":{"unit":"px","size":20,"sizes":[]}},"elements":[],"isInner":false,"widgetType":"tbay-heading","elType":"widget"},{"id":"659a3d0f","settings":{"editor":"<p>70 Bowman St. South Windsor, CT 06074, Michigan, U.S.A<br>\n(+084) 908 260 196 \/ (+084) 123 456 986<\/p>\n<p><span class=\"color-primary\"><i class=\"icon-location-pin icons\"><\/i> Get Direction<\/span><\/p>"},"elements":[],"isInner":false,"widgetType":"text-editor","elType":"widget"}],"isInner":false,"elType":"column"}],"isInner":false,"elType":"section"},{"id":"4a2d226","settings":{"padding_mobile":{"unit":"px","top":"15","right":"0","bottom":"0","left":"0","isLinked":false}},"elements":[{"id":"2f0678c9","settings":{"_column_size":100,"_inline_size":null},"elements":[{"id":"27c86fbf","settings":{"image":{"url":"https:\/\/elementor.thembay.com\/puca_fashion2\/wp-content\/uploads\/2017\/09\/logo.png","id":4694}},"elements":[],"isInner":false,"widgetType":"image","elType":"widget"}],"isInner":false,"elType":"column"}],"isInner":false,"elType":"section"},{"id":"3fbf7ea","settings":[],"elements":[{"id":"7d80d366","settings":{"_column_size":100},"elements":[{"id":"60364774","settings":{"editor":"<div class=\"copyright\" style=\"text-align: center;\"><span style=\"color: #bbbbbb;\">e-commerce wordpress version 1.0. <i class=\"fa fa-copyright\" aria-hidden=\"true\"><\/i> 2020 Designed by<\/span> <span style=\"color: #00e5a6;\"><a style=\"color: #00e5a6;\" href=\"http:\/\/thembay.com\">ThemBay<\/a>.<\/span><\/div>","_margin":{"unit":"px","top":"9","right":"0","bottom":"0","left":"0","isLinked":false}},"elements":[],"isInner":false,"widgetType":"text-editor","elType":"widget"}],"isInner":false,"elType":"column"}],"isInner":false,"elType":"section"},{"id":"219df263","settings":{"margin":{"unit":"px","top":"","right":0,"bottom":"","left":0,"isLinked":true}},"elements":[{"id":"39b05f24","settings":{"_column_size":100,"_inline_size":null,"padding":{"unit":"px","top":"0","right":"15","bottom":"0","left":"15","isLinked":false}},"elements":[{"id":"777d9594","settings":{"social_icon_list":[{"social_icon":{"value":"icon- icon-social-facebook","library":"simple-line-icons"},"_id":"f55a8cc","link":{"url":"#","is_external":"true","nofollow":""},"item_icon_color":"custom","item_icon_primary_color":"#FFFFFF","item_icon_secondary_color":"#000000"},{"social_icon":{"value":"icon- icon-social-twitter","library":"simple-line-icons"},"_id":"d9c7db6","link":{"url":"#","is_external":"true","nofollow":""},"item_icon_color":"custom","item_icon_primary_color":"#FFFFFF","item_icon_secondary_color":"#000000"},{"social_icon":{"value":"icon- icon-social-instagram","library":"simple-line-icons"},"_id":"6c911c8","link":{"url":"#","is_external":"true","nofollow":""},"item_icon_color":"custom","item_icon_primary_color":"#FFFFFF","item_icon_secondary_color":"#000000"}],"shape":"square","icon_size":{"unit":"px","size":18,"sizes":[]},"icon_padding":{"unit":"em","size":0.33000000000000002,"sizes":[]},"icon_spacing":{"unit":"px","size":3,"sizes":[]},"_margin":{"unit":"px","top":"34","right":"0","bottom":"28","left":"0","isLinked":false}},"elements":[],"isInner":false,"widgetType":"social-icons","elType":"widget"}],"isInner":false,"elType":"column"}],"isInner":false,"elType":"section"},{"id":"6748dfec","settings":{"stretch_section":"section-stretched","structure":"20","background_background":"classic","background_image":{"url":"https:\/\/elementor.thembay.com\/puca_fashion2\/wp-content\/uploads\/2017\/12\/bg-tags.jpg","id":4104},"padding":{"unit":"px","top":"0","right":"0","bottom":"17","left":"0","isLinked":false},"background_position":"center center","background_repeat":"no-repeat","background_size":"cover"},"elements":[{"id":"7450c3b1","settings":{"_column_size":50,"_inline_size":null,"padding":{"unit":"px","top":"0","right":"15","bottom":"0","left":"15","isLinked":false},"_inline_size_tablet":25},"elements":[],"isInner":false,"elType":"column"},{"id":"6b812074","settings":{"_column_size":50,"_inline_size":null,"padding":{"unit":"px","top":"0","right":"15","bottom":"0","left":"15","isLinked":false},"_inline_size_tablet":75,"padding_mobile":{"unit":"px","top":"0","right":"10","bottom":"0","left":"10","isLinked":false}},"elements":[{"id":"25b6a324","settings":{"limit":12,"heading_style_margin":{"unit":"px","top":"0","right":"-15","bottom":"0","left":"-15","isLinked":false},"heading_title":"TRENDING TAGS","heading_style_margin_mobile":{"unit":"px","top":"-60","right":"-10","bottom":"0","left":"-10","isLinked":false},"heading_style_margin_tablet":{"unit":"px","top":"0","right":"-45","bottom":"0","left":"0","isLinked":false}},"elements":[],"isInner":false,"widgetType":"tbay-fashion2-woocommerce-tags","elType":"widget"}],"isInner":false,"elType":"column"}],"isInner":false,"elType":"section"}]}