{"version":"0.4","title":"Template &#8211; Footer-v2","type":"page","content":[{"id":"22060a4b","settings":{"stretch_section":"section-stretched","layout":"full_width","gap":"no","background_background":"classic","padding":{"unit":"px","top":"0","right":"65","bottom":"0","left":"65","isLinked":false},"padding_tablet":{"unit":"px","top":"0","right":"15","bottom":"0","left":"15","isLinked":false},"padding_mobile":{"unit":"px","top":"0","right":"10","bottom":"0","left":"10","isLinked":false}},"elements":[{"id":"32fba543","settings":{"_column_size":100,"_inline_size":null},"elements":[{"id":"20478cef","settings":{"heading_title":"Sign up ","heading_subtitle":"to our newsletter and get the latest new products & offers coupon","_padding":{"unit":"px","top":"49","right":"0","bottom":"40","left":"0","isLinked":false},"_background_background":"classic","_background_color":"#FBFBFB","_padding_mobile":{"unit":"px","top":"0","right":"15","bottom":"0","left":"15","isLinked":false}},"elements":[],"isInner":false,"widgetType":"tbay-newsletter","elType":"widget"}],"isInner":false,"elType":"column"}],"isInner":false,"elType":"section"},{"id":"2fb37ad2","settings":{"gap":"no","structure":"20","padding":{"unit":"px","top":"77","right":"0","bottom":"42","left":"0","isLinked":false},"margin_mobile":{"unit":"px","top":"","right":0,"bottom":"","left":0,"isLinked":true},"padding_mobile":{"unit":"px","top":"0","right":"0","bottom":"0","left":"0","isLinked":false},"padding_tablet":{"unit":"px","top":"0","right":"15","bottom":"0","left":"15","isLinked":false}},"elements":[{"id":"2a079c5b","settings":{"_column_size":50,"_inline_size":66.659999999999997,"_inline_size_tablet":100},"elements":[{"id":"323f4d8e","settings":{"structure":"40"},"elements":[{"id":"4714f9f","settings":{"_column_size":25,"_inline_size":null,"margin_mobile":{"unit":"px","top":"-30","right":"0","bottom":"0","left":"0","isLinked":false},"padding_mobile":{"unit":"px","top":"0","right":"0","bottom":"0","left":"0","isLinked":false}},"elements":[{"id":"51abe61e","settings":{"align":"left","heading_title":"Department","heading_title_tag":"h2","heading_title_size":{"unit":"px","size":13,"sizes":[]},"heading_title_line_height":{"unit":"px","size":21,"sizes":[]},"heading_style_margin":{"unit":"px","top":"20","right":"0","bottom":"26","left":"0","isLinked":false},"heading_style_margin_mobile":{"unit":"px","top":"0","right":"0","bottom":"0","left":"0","isLinked":false},"heading_style_padding_mobile":{"unit":"px","top":"0","right":"0","bottom":"15","left":"0","isLinked":false},"heading_title_typography_typography":"custom","heading_title_typography_font_size":{"unit":"px","size":13,"sizes":[]},"heading_title_typography_line_height":{"unit":"px","size":20,"sizes":[]}},"elements":[],"isInner":false,"widgetType":"tbay-nav-menu","elType":"widget"}],"isInner":true,"elType":"column"},{"id":"79e7c980","settings":{"_column_size":25,"_inline_size":null,"padding":{"unit":"px","top":"0","right":"15","bottom":"0","left":"15","isLinked":false},"margin_mobile":{"unit":"px","top":"-30","right":"0","bottom":"0","left":"0","isLinked":false},"padding_mobile":{"unit":"px","top":"0","right":"0","bottom":"0","left":"0","isLinked":false}},"elements":[{"id":"4c4e560b","settings":{"align":"left","heading_title":"My profile","heading_title_tag":"h2","heading_title_size":{"unit":"px","size":13,"sizes":[]},"heading_title_line_height":{"unit":"px","size":20,"sizes":[]},"heading_style_margin":{"unit":"px","top":"20","right":"0","bottom":"26","left":"0","isLinked":false},"heading_style_margin_mobile":{"unit":"px","top":"0","right":"0","bottom":"0","left":"0","isLinked":false},"heading_style_padding_mobile":{"unit":"px","top":"0","right":"0","bottom":"15","left":"0","isLinked":false},"heading_title_typography_typography":"custom","heading_title_typography_font_size":{"unit":"px","size":13,"sizes":[]},"heading_title_typography_line_height":{"unit":"px","size":20,"sizes":[]}},"elements":[],"isInner":false,"widgetType":"tbay-nav-menu","elType":"widget"}],"isInner":true,"elType":"column"},{"id":"7fe7ca86","settings":{"_column_size":25,"_inline_size":null,"padding":{"unit":"px","top":"0","right":"15","bottom":"0","left":"15","isLinked":false},"margin_mobile":{"unit":"px","top":"-30","right":"0","bottom":"0","left":"0","isLinked":false},"padding_mobile":{"unit":"px","top":"0","right":"0","bottom":"0","left":"0","isLinked":false}},"elements":[{"id":"6db04971","settings":{"align":"left","heading_title":"Useful info","heading_title_size":{"unit":"px","size":13,"sizes":[]},"heading_title_line_height":{"unit":"px","size":20,"sizes":[]},"heading_style_margin":{"unit":"px","top":"20","right":"0","bottom":"26","left":"0","isLinked":false},"heading_style_margin_mobile":{"unit":"px","top":"0","right":"0","bottom":"0","left":"0","isLinked":false},"heading_style_padding_mobile":{"unit":"px","top":"0","right":"0","bottom":"15","left":"0","isLinked":false},"heading_title_typography_typography":"custom","heading_title_typography_font_size":{"unit":"px","size":13,"sizes":[]},"heading_title_typography_line_height":{"unit":"px","size":20,"sizes":[]}},"elements":[],"isInner":false,"widgetType":"tbay-nav-menu","elType":"widget"}],"isInner":true,"elType":"column"},{"id":"3c0a948a","settings":{"_column_size":25,"_inline_size":null,"padding":{"unit":"px","top":"0","right":"15","bottom":"0","left":"15","isLinked":false},"margin_mobile":{"unit":"px","top":"-30","right":"0","bottom":"0","left":"0","isLinked":false},"padding_mobile":{"unit":"px","top":"0","right":"0","bottom":"0","left":"0","isLinked":false}},"elements":[{"id":"496bac6b","settings":{"align":"left","heading_title":"Need some help?","heading_title_size":{"unit":"px","size":13,"sizes":[]},"heading_title_line_height":{"unit":"px","size":20,"sizes":[]},"heading_style_margin":{"unit":"px","top":"20","right":"0","bottom":"26","left":"0","isLinked":false},"heading_style_margin_mobile":{"unit":"px","top":"0","right":"0","bottom":"0","left":"0","isLinked":false},"heading_style_padding_mobile":{"unit":"px","top":"0","right":"0","bottom":"15","left":"0","isLinked":false},"heading_title_typography_typography":"custom","heading_title_typography_font_size":{"unit":"px","size":13,"sizes":[]},"heading_title_typography_line_height":{"unit":"px","size":20,"sizes":[]}},"elements":[],"isInner":false,"widgetType":"tbay-nav-menu","elType":"widget"}],"isInner":true,"elType":"column"}],"isInner":true,"elType":"section"}],"isInner":false,"elType":"column"},{"id":"6b9c62c4","settings":{"_column_size":50,"_inline_size":33.340000000000003,"padding":{"unit":"px","top":"0","right":"15","bottom":"0","left":"15","isLinked":false},"css_classes":"hidden-xs hidden-sm"},"elements":[{"id":"4b8609b0","settings":{"align":"left","heading_title":"come & visit our store","heading_title_size":{"unit":"px","size":13,"sizes":[]},"heading_title_line_height":{"unit":"px","size":20,"sizes":[]},"heading_title_typography_typography":"custom","heading_style_margin":{"unit":"px","top":"0","right":"0","bottom":"0","left":"0","isLinked":true},"_margin":{"unit":"px","top":"20","right":"0","bottom":"26","left":"0","isLinked":false},"heading_style_margin_mobile":{"unit":"px","top":"0","right":"0","bottom":"0","left":"0","isLinked":false},"heading_style_padding_mobile":{"unit":"px","top":"0","right":"0","bottom":"0","left":"0","isLinked":false},"heading_title_typography_font_size":{"unit":"px","size":13,"sizes":[]},"heading_title_typography_line_height":{"unit":"px","size":20,"sizes":[]}},"elements":[],"isInner":false,"widgetType":"tbay-heading","elType":"widget"},{"id":"9dafc2c","settings":{"editor":"<p>70 Bowman St. South Windsor, CT 06074, Michigan, U.S.A<br>\n(+084) 908 260 196 \/ (+084) 123 456 986<\/p>\n<p><span class=\"color-primary\"><i class=\"icon-location-pin icons\"><\/i> Get Direction<\/span><\/p>"},"elements":[],"isInner":false,"widgetType":"text-editor","elType":"widget"}],"isInner":false,"elType":"column"}],"isInner":false,"elType":"section"},{"id":"449353c1","settings":{"padding_mobile":{"unit":"px","top":"15","right":"0","bottom":"0","left":"0","isLinked":false}},"elements":[{"id":"7f7d18e2","settings":{"_column_size":100,"_inline_size":null},"elements":[{"id":"206627c1","settings":{"image":{"url":"https:\/\/elementor.thembay.com\/puca_fashion2\/wp-content\/uploads\/2017\/09\/logo.png","id":4694}},"elements":[],"isInner":false,"widgetType":"image","elType":"widget"}],"isInner":false,"elType":"column"}],"isInner":false,"elType":"section"},{"id":"36df27c4","settings":[],"elements":[{"id":"437e787d","settings":{"_column_size":100},"elements":[{"id":"6fed6efb","settings":{"editor":"<div class=\"copyright\" style=\"text-align: center;\"><span style=\"color: #bbbbbb;\">e-commerce wordpress version 1.0. <i class=\"fa fa-copyright\" aria-hidden=\"true\"><\/i> 2020 Designed by<\/span> <span style=\"color: #00e5a6;\"><a style=\"color: #00e5a6;\" href=\"http:\/\/thembay.com\">ThemBay<\/a>.<\/span><\/div>","_margin":{"unit":"px","top":"9","right":"0","bottom":"0","left":"0","isLinked":false}},"elements":[],"isInner":false,"widgetType":"text-editor","elType":"widget"}],"isInner":false,"elType":"column"}],"isInner":false,"elType":"section"},{"id":"27139745","settings":[],"elements":[{"id":"68f66272","settings":{"_column_size":100},"elements":[{"id":"387594e1","settings":{"social_icon_list":[{"social_icon":{"value":"icon- icon-social-facebook","library":"simple-line-icons"},"_id":"f55a8cc","link":{"url":"#","is_external":"true","nofollow":""},"item_icon_color":"custom","item_icon_primary_color":"#FFFFFF","item_icon_secondary_color":"#000000"},{"social_icon":{"value":"icon- icon-social-twitter","library":"simple-line-icons"},"_id":"d9c7db6","link":{"url":"#","is_external":"true","nofollow":""},"item_icon_color":"custom","item_icon_primary_color":"#FFFFFF","item_icon_secondary_color":"#000000"},{"social_icon":{"value":"icon- icon-social-instagram","library":"simple-line-icons"},"_id":"6c911c8","link":{"url":"#","is_external":"true","nofollow":""},"item_icon_color":"custom","item_icon_primary_color":"#FFFFFF","item_icon_secondary_color":"#000000"}],"shape":"square","icon_size":{"unit":"px","size":18,"sizes":[]},"icon_padding":{"unit":"em","size":0.33000000000000002,"sizes":[]},"icon_spacing":{"unit":"px","size":3,"sizes":[]},"_margin":{"unit":"px","top":"34","right":"0","bottom":"28","left":"0","isLinked":false}},"elements":[],"isInner":false,"widgetType":"social-icons","elType":"widget"}],"isInner":false,"elType":"column"}],"isInner":false,"elType":"section"}]}