{"version":"0.4","title":"Template &#8211; Footer-v4","type":"page","content":[{"id":"4a0879cc","settings":{"structure":"40","padding":{"unit":"px","top":"37","right":"0","bottom":"44","left":"0","isLinked":false},"padding_tablet":{"unit":"px","top":"015","right":"0","bottom":"15","left":"0","isLinked":false}},"elements":[{"id":"5c00640a","settings":{"_column_size":25,"_inline_size":33.329999999999998,"_inline_size_tablet":50,"padding_mobile":{"unit":"px","top":"0","right":"0","bottom":"0","left":"0","isLinked":false}},"elements":[{"id":"756683f8","settings":{"editor":"<p>Aliquam erat ipsum, semper hendrerit ornare in faucibus eu magna lorem, var iusm eget tellus sed since 1900\u2019s.<\/p>","typography_typography":"custom","typography_line_height":{"unit":"px","size":"","sizes":[]},"_padding":{"unit":"px","top":"6","right":"0","bottom":"0","left":"0","isLinked":false}},"elements":[],"isInner":false,"widgetType":"text-editor","elType":"widget"},{"id":"4be28c82","settings":{"heading_title":"subscribe to newsletter","style":"style3"},"elements":[],"isInner":false,"widgetType":"tbay-newsletter","elType":"widget"}],"isInner":false,"elType":"column"},{"id":"695d0af5","settings":{"_column_size":25,"_inline_size":16.670000000000002,"padding":{"unit":"px","top":"0","right":"15","bottom":"0","left":"55","isLinked":false},"_inline_size_tablet":25,"padding_tablet":{"unit":"px","top":"0","right":"15","bottom":"0","left":"15","isLinked":false},"padding_mobile":{"unit":"px","top":"0","right":"0","bottom":"0","left":"0","isLinked":false}},"elements":[{"id":"14ff0b49","settings":{"align":"left","_margin_mobile":{"unit":"px","top":"-30","right":"0","bottom":"0","left":"0","isLinked":false},"layout":"horizoltal"},"elements":[],"isInner":false,"widgetType":"tbay-nav-menu","elType":"widget"}],"isInner":false,"elType":"column"},{"id":"48f0c0a8","settings":{"_column_size":25,"_inline_size":16.670000000000002,"_inline_size_tablet":25,"padding_mobile":{"unit":"px","top":"0","right":"0","bottom":"0","left":"0","isLinked":false}},"elements":[{"id":"51339570","settings":{"align":"left","_margin_mobile":{"unit":"px","top":"-30","right":"0","bottom":"0","left":"0","isLinked":false},"layout":"horizoltal"},"elements":[],"isInner":false,"widgetType":"tbay-nav-menu","elType":"widget"}],"isInner":false,"elType":"column"},{"id":"7a9319a0","settings":{"_column_size":25,"_inline_size":33.329999999999998,"css_classes":"hidden-xs hidden-sm"},"elements":[{"id":"7c35a623","settings":{"editor":"<p>(+99) 123 - 456 -789<br>\nenver_loothemes@support.com<br>\n71 Pilgrim Avenue, St.Chevy Chase, MD 20815<\/p>"},"elements":[],"isInner":false,"widgetType":"text-editor","elType":"widget"},{"id":"2dcc3251","settings":{"social_icon_list":[{"social_icon":{"value":"icon- icon-social-facebook","library":"simple-line-icons"},"_id":"f55a8cc","link":{"url":"#","is_external":"true","nofollow":""},"item_icon_color":"custom","item_icon_primary_color":"#FFFFFF","item_icon_secondary_color":"#000000"},{"social_icon":{"value":"icon- icon-social-twitter","library":"simple-line-icons"},"_id":"d9c7db6","link":{"url":"#","is_external":"true","nofollow":""},"item_icon_color":"custom","item_icon_primary_color":"#FFFFFF","item_icon_secondary_color":"#000000"},{"social_icon":{"value":"icon- icon-social-instagram","library":"simple-line-icons"},"_id":"6c911c8","link":{"url":"#","is_external":"true","nofollow":""},"item_icon_color":"custom","item_icon_primary_color":"#FFFFFF","item_icon_secondary_color":"#000000"}],"shape":"square","icon_size":{"unit":"px","size":18,"sizes":[]},"icon_padding":{"unit":"em","size":0.33000000000000002,"sizes":[]},"icon_spacing":{"unit":"px","size":15,"sizes":[]},"_margin":{"unit":"px","top":"40","right":"0","bottom":"0","left":"0","isLinked":false},"align":"left"},"elements":[],"isInner":false,"widgetType":"social-icons","elType":"widget"}],"isInner":false,"elType":"column"}],"isInner":false,"elType":"section"},{"id":"3a688906","settings":{"background_background":"classic","background_color":"#FCFCFC","border_border":"solid","border_width":{"unit":"px","top":"1","right":"0","bottom":"1","left":"0","isLinked":false},"border_color":"#F5F5F5","padding":{"unit":"px","top":"18","right":"0","bottom":"18","left":"0","isLinked":false},"stretch_section":"section-stretched"},"elements":[{"id":"4e6492ca","settings":{"_column_size":100,"_inline_size":null},"elements":[{"id":"3845db00","settings":{"editor":"<div class=\"copyright2\" style=\"text-align: center;\">e-commerce wordpress version 1.0. <i class=\"fa fa-copyright\" aria-hidden=\"true\"><\/i> 2020 Designed by <a href=\"http:\/\/thembay.com\">ThemBay<\/a>.<\/div>"},"elements":[],"isInner":false,"widgetType":"text-editor","elType":"widget"}],"isInner":false,"elType":"column"}],"isInner":false,"elType":"section"}]}