{"version":"0.4","title":"Template &#8211; MegaMenu &#8211; Home Menu","type":"page","content":[{"id":"77a48c2e","settings":{"structure":"40"},"elements":[{"id":"53f9d36e","settings":{"_column_size":25,"_inline_size":null,"_inline_size_tablet":100},"elements":[{"id":"428b7665","settings":{"_padding_mobile":{"unit":"px","top":"25","right":"0","bottom":"25","left":"0","isLinked":false}},"elements":[],"isInner":false,"widgetType":"tbay-nav-menu","elType":"widget"}],"isInner":false,"elType":"column"},{"id":"154b9c2e","settings":{"_column_size":25,"_inline_size":null,"_inline_size_tablet":100},"elements":[{"id":"58d1b3e5","settings":{"_padding_mobile":{"unit":"px","top":"25","right":"0","bottom":"25","left":"0","isLinked":false}},"elements":[],"isInner":false,"widgetType":"tbay-nav-menu","elType":"widget"}],"isInner":false,"elType":"column"},{"id":"56082a06","settings":{"_column_size":25,"_inline_size":null,"_inline_size_tablet":100},"elements":[{"id":"4ab18ee5","settings":{"_padding_mobile":{"unit":"px","top":"25","right":"0","bottom":"25","left":"0","isLinked":false}},"elements":[],"isInner":false,"widgetType":"tbay-nav-menu","elType":"widget"}],"isInner":false,"elType":"column"},{"id":"48ea642f","settings":{"_column_size":25,"_inline_size":null,"_inline_size_tablet":100},"elements":[{"id":"6cdcd770","settings":{"_padding_mobile":{"unit":"px","top":"25","right":"0","bottom":"25","left":"0","isLinked":false}},"elements":[],"isInner":false,"widgetType":"tbay-nav-menu","elType":"widget"}],"isInner":false,"elType":"column"}],"isInner":false,"elType":"section"}]}