{"version":"0.4","title":"Template &#8211; MegaMenu &#8211; Featured","type":"page","content":[{"id":"1c8f3bb6","settings":{"structure":"20"},"elements":[{"id":"35b3a24f","settings":{"_column_size":50,"_inline_size":null,"_inline_size_tablet":100},"elements":[{"id":"2c432993","settings":{"align":"left","heading_title":"Elements","heading_title_size":{"unit":"px","size":14,"sizes":[]},"_padding_tablet":{"unit":"px","top":"25","right":"0","bottom":"25","left":"0","isLinked":false}},"elements":[],"isInner":false,"widgetType":"tbay-nav-menu","elType":"widget"}],"isInner":false,"elType":"column"},{"id":"1b77ffc3","settings":{"_column_size":50,"_inline_size":null,"_inline_size_tablet":100},"elements":[{"id":"796eabe6","settings":{"align":"left","heading_title":"Add to cart","heading_title_size":{"unit":"px","size":14,"sizes":[]},"_padding_tablet":{"unit":"px","top":"25","right":"0","bottom":"25","left":"0","isLinked":false}},"elements":[],"isInner":false,"widgetType":"tbay-nav-menu","elType":"widget"}],"isInner":false,"elType":"column"}],"isInner":false,"elType":"section"}]}