{"version":"0.4","title":"Template &#8211; MegaMenu &#8211; Page","type":"page","content":[{"id":"1748f2ee","settings":{"structure":"20"},"elements":[{"id":"6524e20a","settings":{"_column_size":50,"_inline_size":null,"_inline_size_tablet":100},"elements":[{"id":"49402e6d","settings":{"align":"left","heading_title_size":{"unit":"px","size":14,"sizes":[]},"heading_title":"Page Group 01","_padding_tablet":{"unit":"px","top":"25","right":"0","bottom":"25","left":"0","isLinked":false}},"elements":[],"isInner":false,"widgetType":"tbay-nav-menu","elType":"widget"}],"isInner":false,"elType":"column"},{"id":"1a6c1b58","settings":{"_column_size":50,"_inline_size":null,"_inline_size_tablet":100},"elements":[{"id":"5973538f","settings":{"align":"left","heading_title_size":{"unit":"px","size":14,"sizes":[]},"heading_title":"Page Group 02","_padding_tablet":{"unit":"px","top":"25","right":"0","bottom":"25","left":"0","isLinked":false}},"elements":[],"isInner":false,"widgetType":"tbay-nav-menu","elType":"widget"}],"isInner":false,"elType":"column"}],"isInner":false,"elType":"section"}]}