{"version":"0.4","title":"Template &#8211; MegaMenu &#8211; Products","type":"page","content":[{"id":"1b2a32a0","settings":{"structure":"40"},"elements":[{"id":"6c620492","settings":{"_column_size":25,"_inline_size":null,"_inline_size_tablet":100},"elements":[{"id":"6977b18a","settings":{"align":"left","heading_title":"Product Layout 01","heading_title_size":{"unit":"px","size":14,"sizes":[]},"_padding_tablet":{"unit":"px","top":"25","right":"0","bottom":"25","left":"0","isLinked":false}},"elements":[],"isInner":false,"widgetType":"tbay-nav-menu","elType":"widget"}],"isInner":false,"elType":"column"},{"id":"cc8712f","settings":{"_column_size":25,"_inline_size":null,"_inline_size_tablet":100},"elements":[{"id":"6c64447a","settings":{"align":"left","heading_title":"Product Layout 02","heading_title_size":{"unit":"px","size":14,"sizes":[]},"_padding_tablet":{"unit":"px","top":"25","right":"0","bottom":"25","left":"0","isLinked":false}},"elements":[],"isInner":false,"widgetType":"tbay-nav-menu","elType":"widget"}],"isInner":false,"elType":"column"},{"id":"24418477","settings":{"_column_size":25,"_inline_size":null,"_inline_size_tablet":100},"elements":[{"id":"31ad1932","settings":{"align":"left","heading_title":"Product tabs style","heading_title_size":{"unit":"px","size":14,"sizes":[]},"_padding_tablet":{"unit":"px","top":"25","right":"0","bottom":"25","left":"0","isLinked":false}},"elements":[],"isInner":false,"widgetType":"tbay-nav-menu","elType":"widget"}],"isInner":false,"elType":"column"},{"id":"75efd6f1","settings":{"_column_size":25,"_inline_size":null,"_inline_size_tablet":100},"elements":[{"id":"442baf16","settings":{"align":"left","heading_title":"Product Types","heading_title_size":{"unit":"px","size":14,"sizes":[]},"_padding_tablet":{"unit":"px","top":"25","right":"0","bottom":"25","left":"0","isLinked":false}},"elements":[],"isInner":false,"widgetType":"tbay-nav-menu","elType":"widget"}],"isInner":false,"elType":"column"}],"isInner":false,"elType":"section"}]}