{"version":"0.4","title":"Template &#8211; MegaMenu &#8211; Blog","type":"page","content":[{"id":"6279029b","settings":{"structure":"40"},"elements":[{"id":"7fe1bf6b","settings":{"_column_size":25,"_inline_size":null,"_inline_size_tablet":100},"elements":[{"id":"7d1cc4d2","settings":{"align":"left","heading_title":"Blog archive 01","heading_title_size":{"unit":"px","size":14,"sizes":[]},"_padding_tablet":{"unit":"px","top":"25","right":"0","bottom":"25","left":"0","isLinked":false}},"elements":[],"isInner":false,"widgetType":"tbay-nav-menu","elType":"widget"}],"isInner":false,"elType":"column"},{"id":"48057112","settings":{"_column_size":25,"_inline_size":null,"_inline_size_tablet":100},"elements":[{"id":"57c00d6c","settings":{"align":"left","heading_title":"Blog archive 02","heading_title_size":{"unit":"px","size":14,"sizes":[]},"_padding_tablet":{"unit":"px","top":"25","right":"0","bottom":"25","left":"0","isLinked":false}},"elements":[],"isInner":false,"widgetType":"tbay-nav-menu","elType":"widget"}],"isInner":false,"elType":"column"},{"id":"146ef36f","settings":{"_column_size":25,"_inline_size":null,"_inline_size_tablet":100},"elements":[{"id":"4a169df3","settings":{"align":"left","heading_title":"Blog Single Layout","heading_title_size":{"unit":"px","size":14,"sizes":[]},"_padding_tablet":{"unit":"px","top":"25","right":"0","bottom":"25","left":"0","isLinked":false}},"elements":[],"isInner":false,"widgetType":"tbay-nav-menu","elType":"widget"}],"isInner":false,"elType":"column"},{"id":"60c7e0f4","settings":{"_column_size":25,"_inline_size":null,"_inline_size_tablet":100},"elements":[{"id":"79dc28c5","settings":{"align":"left","heading_title":"Blog Post Format","heading_title_size":{"unit":"px","size":14,"sizes":[]},"_padding_tablet":{"unit":"px","top":"25","right":"0","bottom":"25","left":"0","isLinked":false}},"elements":[],"isInner":false,"widgetType":"tbay-nav-menu","elType":"widget"}],"isInner":false,"elType":"column"}],"isInner":false,"elType":"section"}]}