{"version":"0.4","title":"Template &#8211; MegaMenu &#8211; Shop","type":"page","content":[{"id":"184f89f3","settings":{"structure":"40"},"elements":[{"id":"2357a32c","settings":{"_column_size":25,"_inline_size":null,"_inline_size_tablet":100},"elements":[{"id":"584aa0f6","settings":{"align":"left","heading_title":"Shop with sidebar","heading_title_size":{"unit":"px","size":14,"sizes":[]},"_padding_tablet":{"unit":"px","top":"25","right":"0","bottom":"25","left":"0","isLinked":false}},"elements":[],"isInner":false,"widgetType":"tbay-nav-menu","elType":"widget"}],"isInner":false,"elType":"column"},{"id":"7bb589e6","settings":{"_column_size":25,"_inline_size":null,"_inline_size_tablet":100},"elements":[{"id":"69655489","settings":{"align":"left","heading_title":"Shop style 01","heading_title_size":{"unit":"px","size":14,"sizes":[]},"_padding_tablet":{"unit":"px","top":"25","right":"0","bottom":"25","left":"0","isLinked":false}},"elements":[],"isInner":false,"widgetType":"tbay-nav-menu","elType":"widget"}],"isInner":false,"elType":"column"},{"id":"8d730b2","settings":{"_column_size":25,"_inline_size":null,"_inline_size_tablet":100},"elements":[{"id":"1671a703","settings":{"align":"left","heading_title":"Shop style 02","heading_title_size":{"unit":"px","size":14,"sizes":[]},"_padding_tablet":{"unit":"px","top":"25","right":"0","bottom":"25","left":"0","isLinked":false}},"elements":[],"isInner":false,"widgetType":"tbay-nav-menu","elType":"widget"}],"isInner":false,"elType":"column"},{"id":"4632169e","settings":{"_column_size":25,"_inline_size":null,"_inline_size_tablet":100},"elements":[{"id":"325c5ab","settings":{"align":"left","heading_title":"Shop pages","heading_title_size":{"unit":"px","size":14,"sizes":[]},"_padding_tablet":{"unit":"px","top":"25","right":"0","bottom":"25","left":"0","isLinked":false}},"elements":[],"isInner":false,"widgetType":"tbay-nav-menu","elType":"widget"}],"isInner":false,"elType":"column"}],"isInner":false,"elType":"section"}]}