{"version":"0.4","title":"Template &#8211; MegaMenu &#8211; Buy now","type":"page","content":[{"id":"20490c85","settings":{"structure":"22"},"elements":[{"id":"1d3e66b3","settings":{"_column_size":66,"_inline_size":null,"_inline_size_tablet":100,"padding_tablet":{"unit":"px","top":"0","right":"0","bottom":"0","left":"0","isLinked":false},"css_classes":"column-full"},"elements":[{"id":"6069d098","settings":{"structure":"40","css_classes":"has-border"},"elements":[{"id":"416c7bd9","settings":{"_column_size":25,"_inline_size":null,"_inline_size_tablet":100},"elements":[{"id":"49c0bc6f","settings":{"align":"left","heading_title":"What's new in?","heading_title_size":{"unit":"px","size":14,"sizes":[]},"_padding_tablet":{"unit":"px","top":"25","right":"0","bottom":"25","left":"0","isLinked":false}},"elements":[],"isInner":false,"widgetType":"tbay-nav-menu","elType":"widget"}],"isInner":true,"elType":"column"},{"id":"5e00b89d","settings":{"_column_size":25,"_inline_size":null,"_inline_size_tablet":100},"elements":[{"id":"2bad2b0d","settings":{"align":"left","heading_title":"Living Room","heading_title_size":{"unit":"px","size":14,"sizes":[]},"_padding_tablet":{"unit":"px","top":"25","right":"0","bottom":"25","left":"0","isLinked":false}},"elements":[],"isInner":false,"widgetType":"tbay-nav-menu","elType":"widget"}],"isInner":true,"elType":"column"},{"id":"122f4abd","settings":{"_column_size":25,"_inline_size":null,"_inline_size_tablet":100},"elements":[{"id":"26535df4","settings":{"align":"left","heading_title":"Bedroom","heading_title_size":{"unit":"px","size":14,"sizes":[]},"_padding_tablet":{"unit":"px","top":"25","right":"0","bottom":"25","left":"0","isLinked":false}},"elements":[],"isInner":false,"widgetType":"tbay-nav-menu","elType":"widget"}],"isInner":true,"elType":"column"},{"id":"4457dd1d","settings":{"_column_size":25,"_inline_size":null,"_inline_size_tablet":100},"elements":[{"id":"4ee6a0f3","settings":{"align":"left","heading_title":"Home Office","heading_title_size":{"unit":"px","size":14,"sizes":[]},"_padding_tablet":{"unit":"px","top":"25","right":"0","bottom":"25","left":"0","isLinked":false}},"elements":[],"isInner":false,"widgetType":"tbay-nav-menu","elType":"widget"}],"isInner":true,"elType":"column"}],"isInner":true,"elType":"section"}],"isInner":false,"elType":"column"},{"id":"47a14c39","settings":{"_column_size":33,"_inline_size":null,"css_classes":"column-hidden","_inline_size_tablet":100,"hide_mobile":"hidden-phone"},"elements":[{"id":"2a81aecd","settings":{"align":"left","heading_title":"Recommended for you","heading_title_size":{"unit":"px","size":14,"sizes":[]},"limit":4,"layout_type":"carousel-special","categories":["living","accessories"],"product_type":"random_product","column":"1","col_desktop":"1","text_button":"show more","_css_classes":"recommended-top style-2","col_desktopsmall":"1","col_landscape":"1","rows":"2","column_tablet":"2","_padding_tablet":{"unit":"px","top":"25","right":"0","bottom":"25","left":"0","isLinked":false}},"elements":[],"isInner":false,"widgetType":"tbay-products","elType":"widget"}],"isInner":false,"elType":"column"}],"isInner":false,"elType":"section"}]}