{"version":"0.4","title":"Template &#8211; MegaMenu &#8211; Men","type":"page","content":[{"id":"376e634d","settings":{"structure":"22"},"elements":[{"id":"5ad42a8e","settings":{"_column_size":66,"_inline_size":null,"_inline_size_tablet":100,"padding_tablet":{"unit":"px","top":"0","right":"0","bottom":"0","left":"0","isLinked":false}},"elements":[{"id":"6b4cfce6","settings":{"structure":"40","css_classes":"has-border"},"elements":[{"id":"41c25945","settings":{"_column_size":25,"_inline_size":null,"_inline_size_tablet":50,"margin_tablet":{"unit":"px","top":"0","right":"0","bottom":"20","left":"0","isLinked":false}},"elements":[{"id":"6432b6bd","settings":{"align":"left","heading_title":"What's new in?","heading_title_size":{"unit":"px","size":14,"sizes":[]}},"elements":[],"isInner":false,"widgetType":"tbay-nav-menu","elType":"widget"}],"isInner":true,"elType":"column"},{"id":"6fc03394","settings":{"_column_size":25,"_inline_size":null,"_inline_size_tablet":50,"margin_tablet":{"unit":"px","top":"0","right":"0","bottom":"20","left":"0","isLinked":false}},"elements":[{"id":"96ceaac","settings":{"align":"left","heading_title":"Clothing","heading_title_size":{"unit":"px","size":14,"sizes":[]}},"elements":[],"isInner":false,"widgetType":"tbay-nav-menu","elType":"widget"}],"isInner":true,"elType":"column"},{"id":"38871972","settings":{"_column_size":25,"_inline_size":null,"_inline_size_tablet":50},"elements":[{"id":"5ff8ae37","settings":{"align":"left","heading_title":"Shoes","heading_title_size":{"unit":"px","size":14,"sizes":[]}},"elements":[],"isInner":false,"widgetType":"tbay-nav-menu","elType":"widget"}],"isInner":true,"elType":"column"},{"id":"1c2db425","settings":{"_column_size":25,"_inline_size":null,"_inline_size_tablet":50},"elements":[{"id":"61a4ba80","settings":{"align":"left","heading_title":"Bags","heading_title_size":{"unit":"px","size":14,"sizes":[]}},"elements":[],"isInner":false,"widgetType":"tbay-nav-menu","elType":"widget"}],"isInner":true,"elType":"column"}],"isInner":true,"elType":"section"},{"id":"4a5a5b2a","settings":{"structure":"40"},"elements":[{"id":"5a6f20e8","settings":{"_column_size":25,"_inline_size":null,"_inline_size_tablet":50,"margin_tablet":{"unit":"px","top":"0","right":"0","bottom":"20","left":"0","isLinked":false}},"elements":[{"id":"10439fb5","settings":{"align":"left","heading_title":"Accessories","heading_title_size":{"unit":"px","size":14,"sizes":[]}},"elements":[],"isInner":false,"widgetType":"tbay-nav-menu","elType":"widget"}],"isInner":true,"elType":"column"},{"id":"432a09cd","settings":{"_column_size":25,"_inline_size":null,"_inline_size_tablet":50,"margin_tablet":{"unit":"px","top":"0","right":"0","bottom":"20","left":"0","isLinked":false}},"elements":[{"id":"1c10d58e","settings":{"align":"left","heading_title":"Jewelry","heading_title_size":{"unit":"px","size":14,"sizes":[]}},"elements":[],"isInner":false,"widgetType":"tbay-nav-menu","elType":"widget"}],"isInner":true,"elType":"column"},{"id":"69afb3de","settings":{"_column_size":25,"_inline_size":null,"_inline_size_tablet":50},"elements":[{"id":"44f8ad90","settings":{"align":"left","heading_title":"Sale","heading_title_size":{"unit":"px","size":14,"sizes":[]}},"elements":[],"isInner":false,"widgetType":"tbay-nav-menu","elType":"widget"}],"isInner":true,"elType":"column"},{"id":"3025443d","settings":{"_column_size":25,"_inline_size":null,"_inline_size_tablet":50},"elements":[{"id":"109264a6","settings":{"align":"left","heading_title":"Vintage","heading_title_size":{"unit":"px","size":14,"sizes":[]}},"elements":[],"isInner":false,"widgetType":"tbay-nav-menu","elType":"widget"}],"isInner":true,"elType":"column"}],"isInner":true,"elType":"section"}],"isInner":false,"elType":"column"},{"id":"110c44f9","settings":{"_column_size":33,"_inline_size":null,"css_classes":"navigation-top","hide_tablet":"hidden-tablet","hide_mobile":"hidden-phone"},"elements":[{"id":"458df88c","settings":{"align":"left","heading_title":"Recommended for you","heading_title_size":{"unit":"px","size":14,"sizes":[]},"limit":4,"layout_type":"carousel","categories":["electronics-computer","fashion-jewellery","books-newspapers"],"product_type":"random_product","column":"2","col_desktop":"2","text_button":"show more"},"elements":[],"isInner":false,"widgetType":"tbay-products","elType":"widget"},{"id":"5fe76912","settings":{"image":{"id":4859,"url":"https:\/\/elementor.thembay.com\/puca_smarket\/wp-content\/uploads\/2020\/01\/banner-mega.png"},"image_size":"full","link_to":"custom","link":{"url":"#","is_external":"","nofollow":""}},"elements":[],"isInner":false,"widgetType":"image","elType":"widget"}],"isInner":false,"elType":"column"}],"isInner":false,"elType":"section"},{"id":"f7d2d30","settings":[],"elements":[{"id":"614c9dbd","settings":{"_column_size":100,"_inline_size":null},"elements":[],"isInner":false,"elType":"column"}],"isInner":false,"elType":"section"}]}