{"version":"0.4","title":"Template &#8211; MegaMenu &#8211;  Shop","type":"page","content":[{"id":"2db4c249","settings":{"structure":"40"},"elements":[{"id":"560bbc2f","settings":{"_column_size":25,"_inline_size":null,"_inline_size_tablet":50,"margin_tablet":{"unit":"px","top":"0","right":"0","bottom":"20","left":"0","isLinked":false}},"elements":[{"id":"2481aed3","settings":{"align":"left","heading_title":"Shop with sidebar","heading_title_size":{"unit":"px","size":14,"sizes":[]}},"elements":[],"isInner":false,"widgetType":"tbay-nav-menu","elType":"widget"}],"isInner":false,"elType":"column"},{"id":"77dd8fc3","settings":{"_column_size":25,"_inline_size":null,"_inline_size_tablet":50,"margin_tablet":{"unit":"px","top":"0","right":"0","bottom":"20","left":"0","isLinked":false}},"elements":[{"id":"604bada6","settings":{"align":"left","heading_title":"Shop style 01","heading_title_size":{"unit":"px","size":14,"sizes":[]}},"elements":[],"isInner":false,"widgetType":"tbay-nav-menu","elType":"widget"}],"isInner":false,"elType":"column"},{"id":"6242955d","settings":{"_column_size":25,"_inline_size":null,"_inline_size_tablet":50},"elements":[{"id":"1e016d69","settings":{"align":"left","heading_title":"Shop style 02","heading_title_size":{"unit":"px","size":14,"sizes":[]}},"elements":[],"isInner":false,"widgetType":"tbay-nav-menu","elType":"widget"}],"isInner":false,"elType":"column"},{"id":"923cb58","settings":{"_column_size":25,"_inline_size":null,"_inline_size_tablet":50},"elements":[{"id":"35739e24","settings":{"align":"left","heading_title":"Shop pages","heading_title_size":{"unit":"px","size":14,"sizes":[]}},"elements":[],"isInner":false,"widgetType":"tbay-nav-menu","elType":"widget"}],"isInner":false,"elType":"column"}],"isInner":false,"elType":"section"}]}