{"version":"0.4","title":"Template &#8211; MegaMenu &#8211; Featured","type":"page","content":[{"id":"c7671c9","settings":{"structure":"20"},"elements":[{"id":"1a2922da","settings":{"_column_size":50,"_inline_size":null,"_inline_size_tablet":100,"margin_tablet":{"unit":"px","top":"20","right":"0","bottom":"20","left":"0","isLinked":false}},"elements":[{"id":"6a0ed67","settings":{"align":"left","heading_title":"Elements","heading_title_size":{"unit":"px","size":14,"sizes":[]}},"elements":[],"isInner":false,"widgetType":"tbay-nav-menu","elType":"widget"}],"isInner":false,"elType":"column"},{"id":"16601b58","settings":{"_column_size":50,"_inline_size":null,"_inline_size_tablet":100},"elements":[{"id":"be7ee35","settings":{"align":"left","heading_title":"Add to cart","heading_title_size":{"unit":"px","size":14,"sizes":[]}},"elements":[],"isInner":false,"widgetType":"tbay-nav-menu","elType":"widget"}],"isInner":false,"elType":"column"}],"isInner":false,"elType":"section"}]}