{"version":"0.4","title":"Template &#8211; MegaMenu &#8211; Page","type":"page","content":[{"id":"36c525d9","settings":{"structure":"40"},"elements":[{"id":"22c50cd7","settings":{"_column_size":25,"_inline_size":null},"elements":[{"id":"6d0ca161","settings":{"align":"left","heading_title":"About Pages 01","heading_title_size":{"unit":"px","size":14,"sizes":[]}},"elements":[],"isInner":false,"widgetType":"tbay-nav-menu","elType":"widget"}],"isInner":false,"elType":"column"},{"id":"4fe421da","settings":{"_column_size":25,"_inline_size":null},"elements":[{"id":"1bda0386","settings":{"align":"left","heading_title":"About Pages 02","heading_title_size":{"unit":"px","size":14,"sizes":[]}},"elements":[],"isInner":false,"widgetType":"tbay-nav-menu","elType":"widget"}],"isInner":false,"elType":"column"},{"id":"f2ee3a6","settings":{"_column_size":25,"_inline_size":null},"elements":[{"id":"83f1ca3","settings":{"align":"left","heading_title":"Contact Pages","heading_title_size":{"unit":"px","size":14,"sizes":[]}},"elements":[],"isInner":false,"widgetType":"tbay-nav-menu","elType":"widget"}],"isInner":false,"elType":"column"},{"id":"61df9e6","settings":{"_column_size":25,"_inline_size":null},"elements":[{"id":"23d75157","settings":{"align":"left","heading_title":"Other Pages","heading_title_size":{"unit":"px","size":14,"sizes":[]}},"elements":[],"isInner":false,"widgetType":"tbay-nav-menu","elType":"widget"}],"isInner":false,"elType":"column"}],"isInner":false,"elType":"section"}]}