{"version":"0.4","title":"Template &#8211; MegaMenu &#8211; Portfolio","type":"page","content":[{"id":"4be4249a","settings":{"structure":"20"},"elements":[{"id":"3b0d9df3","settings":{"_column_size":50,"_inline_size":null},"elements":[{"id":"3c4a0aee","settings":{"align":"left","heading_title":"Portfolio category","heading_title_size":{"unit":"px","size":14,"sizes":[]}},"elements":[],"isInner":false,"widgetType":"tbay-nav-menu","elType":"widget"}],"isInner":false,"elType":"column"},{"id":"27db9413","settings":{"_column_size":50,"_inline_size":null},"elements":[{"id":"4e1eaec5","settings":{"align":"left","heading_title":"Portfolio single","heading_title_size":{"unit":"px","size":14,"sizes":[]}},"elements":[],"isInner":false,"widgetType":"tbay-nav-menu","elType":"widget"}],"isInner":false,"elType":"column"}],"isInner":false,"elType":"section"}]}