{"version":"0.4","title":"Template &#8211; MegaMenu &#8211; Products","type":"page","content":[{"id":"62e5f04a","settings":{"structure":"40"},"elements":[{"id":"36438485","settings":{"_column_size":25,"_inline_size":null},"elements":[{"id":"420e8256","settings":{"align":"left","heading_title":"Product Layout 01","heading_title_size":{"unit":"px","size":14,"sizes":[]}},"elements":[],"isInner":false,"widgetType":"tbay-nav-menu","elType":"widget"}],"isInner":false,"elType":"column"},{"id":"1f10564e","settings":{"_column_size":25,"_inline_size":null},"elements":[{"id":"10bba0d9","settings":{"align":"left","heading_title":"Product Layout 02","heading_title_size":{"unit":"px","size":14,"sizes":[]}},"elements":[],"isInner":false,"widgetType":"tbay-nav-menu","elType":"widget"}],"isInner":false,"elType":"column"},{"id":"735468ed","settings":{"_column_size":25,"_inline_size":null},"elements":[{"id":"bace107","settings":{"align":"left","heading_title":"Product tabs style","heading_title_size":{"unit":"px","size":14,"sizes":[]}},"elements":[],"isInner":false,"widgetType":"tbay-nav-menu","elType":"widget"}],"isInner":false,"elType":"column"},{"id":"432cd762","settings":{"_column_size":25,"_inline_size":null},"elements":[{"id":"627fd99c","settings":{"align":"left","heading_title":"Product Types","heading_title_size":{"unit":"px","size":14,"sizes":[]}},"elements":[],"isInner":false,"widgetType":"tbay-nav-menu","elType":"widget"}],"isInner":false,"elType":"column"}],"isInner":false,"elType":"section"}]}