{"version":"0.4","title":"Template &#8211; MegaMenu &#8211; Shop","type":"page","content":[{"id":"6beb5dda","settings":{"structure":"40"},"elements":[{"id":"2b9f50e5","settings":{"_column_size":25,"_inline_size":null},"elements":[{"id":"7ab15d3","settings":{"align":"left","heading_title":"Shop with sidebar","heading_title_size":{"unit":"px","size":14,"sizes":[]},"layout":"treeview"},"elements":[],"isInner":false,"widgetType":"tbay-nav-menu","elType":"widget"}],"isInner":false,"elType":"column"},{"id":"2dbdcfcd","settings":{"_column_size":25,"_inline_size":null},"elements":[{"id":"560e4402","settings":{"align":"left","heading_title":"Shop style 01","heading_title_size":{"unit":"px","size":14,"sizes":[]},"layout":"treeview"},"elements":[],"isInner":false,"widgetType":"tbay-nav-menu","elType":"widget"}],"isInner":false,"elType":"column"},{"id":"7f439d06","settings":{"_column_size":25,"_inline_size":null},"elements":[{"id":"6523a0ff","settings":{"align":"left","heading_title":"Shop style 02","heading_title_size":{"unit":"px","size":14,"sizes":[]},"layout":"treeview"},"elements":[],"isInner":false,"widgetType":"tbay-nav-menu","elType":"widget"}],"isInner":false,"elType":"column"},{"id":"128ada8a","settings":{"_column_size":25,"_inline_size":null},"elements":[{"id":"2647df8e","settings":{"align":"left","heading_title":"Shop pages","heading_title_size":{"unit":"px","size":14,"sizes":[]},"layout":"treeview"},"elements":[],"isInner":false,"widgetType":"tbay-nav-menu","elType":"widget"}],"isInner":false,"elType":"column"}],"isInner":false,"elType":"section"}]}