{"version":"0.4","title":"Template &#8211; MegaMenu &#8211; Men","type":"page","content":[{"id":"109a9b9a","settings":{"structure":"22"},"elements":[{"id":"400101ff","settings":{"_column_size":66,"_inline_size":null},"elements":[{"id":"3d9d41f9","settings":{"structure":"40","css_classes":"has-border"},"elements":[{"id":"c97b936","settings":{"_column_size":25,"_inline_size":null},"elements":[{"id":"3e3e250b","settings":{"align":"left","heading_title":"What's new in?","heading_title_size":{"unit":"px","size":14,"sizes":[]},"heading_title_typography_typography":"custom"},"elements":[],"isInner":false,"widgetType":"tbay-nav-menu","elType":"widget"}],"isInner":true,"elType":"column"},{"id":"3175e876","settings":{"_column_size":25,"_inline_size":null},"elements":[{"id":"6d4dab60","settings":{"align":"left","heading_title":"Clothing","heading_title_size":{"unit":"px","size":14,"sizes":[]}},"elements":[],"isInner":false,"widgetType":"tbay-nav-menu","elType":"widget"}],"isInner":true,"elType":"column"},{"id":"39074e8c","settings":{"_column_size":25,"_inline_size":null},"elements":[{"id":"7d821490","settings":{"align":"left","heading_title":"Shoes","heading_title_size":{"unit":"px","size":14,"sizes":[]}},"elements":[],"isInner":false,"widgetType":"tbay-nav-menu","elType":"widget"}],"isInner":true,"elType":"column"},{"id":"1c1ac6fd","settings":{"_column_size":25,"_inline_size":null},"elements":[{"id":"3e028b35","settings":{"align":"left","heading_title":"Bags","heading_title_size":{"unit":"px","size":14,"sizes":[]}},"elements":[],"isInner":false,"widgetType":"tbay-nav-menu","elType":"widget"}],"isInner":true,"elType":"column"}],"isInner":true,"elType":"section"},{"id":"7261f842","settings":{"structure":"40"},"elements":[{"id":"37540b42","settings":{"_column_size":25,"_inline_size":null},"elements":[{"id":"1863b712","settings":{"align":"left","heading_title":"Accessories","heading_title_size":{"unit":"px","size":14,"sizes":[]}},"elements":[],"isInner":false,"widgetType":"tbay-nav-menu","elType":"widget"}],"isInner":true,"elType":"column"},{"id":"7a053042","settings":{"_column_size":25,"_inline_size":null},"elements":[{"id":"746f2677","settings":{"align":"left","heading_title":"Jewelry","heading_title_size":{"unit":"px","size":14,"sizes":[]}},"elements":[],"isInner":false,"widgetType":"tbay-nav-menu","elType":"widget"}],"isInner":true,"elType":"column"},{"id":"63fff626","settings":{"_column_size":25,"_inline_size":null},"elements":[{"id":"62063833","settings":{"align":"left","heading_title":"Sale","heading_title_size":{"unit":"px","size":14,"sizes":[]}},"elements":[],"isInner":false,"widgetType":"tbay-nav-menu","elType":"widget"}],"isInner":true,"elType":"column"},{"id":"3293dd65","settings":{"_column_size":25,"_inline_size":null},"elements":[{"id":"4fe8ef46","settings":{"align":"left","heading_title":"Vintage","heading_title_size":{"unit":"px","size":14,"sizes":[]}},"elements":[],"isInner":false,"widgetType":"tbay-nav-menu","elType":"widget"}],"isInner":true,"elType":"column"}],"isInner":true,"elType":"section"}],"isInner":false,"elType":"column"},{"id":"2e2c4ab3","settings":{"_column_size":33,"_inline_size":null,"css_classes":"navigation-top","hide_tablet":"hidden-tablet","hide_mobile":"hidden-phone"},"elements":[{"id":"51b61774","settings":{"align":"left","heading_title":"Recommended for you","heading_title_size":{"unit":"px","size":14,"sizes":[]},"limit":4,"layout_type":"carousel","categories":["accessories","clothing"],"product_type":"random_product","column":"2","col_desktop":"2","text_button":"show more"},"elements":[],"isInner":false,"widgetType":"tbay-products","elType":"widget"},{"id":"25a8ab75","settings":{"image":{"url":"https:\/\/elementor.thembay.com\/puca\/wp-content\/uploads\/2017\/10\/banner-mega.png","id":3334},"image_size":"full","link_to":"custom","link":{"url":"#","is_external":"","nofollow":""}},"elements":[],"isInner":false,"widgetType":"image","elType":"widget"}],"isInner":false,"elType":"column"}],"isInner":false,"elType":"section"}]}