{"version":"0.4","title":"Template &#8211; MegaMenu &#8211; Featured","type":"page","content":[{"id":"3615fb79","settings":{"structure":"30"},"elements":[{"id":"5d8a606b","settings":{"_column_size":33,"_inline_size":null},"elements":[{"id":"3c463fcb","settings":{"align":"left","heading_title":"Font Icons","heading_title_size":{"unit":"px","size":14,"sizes":[]}},"elements":[],"isInner":false,"widgetType":"tbay-nav-menu","elType":"widget"}],"isInner":false,"elType":"column"},{"id":"60e84be8","settings":{"_column_size":33,"_inline_size":null},"elements":[{"id":"1b4b0db0","settings":{"align":"left","heading_title":"Elements","heading_title_size":{"unit":"px","size":14,"sizes":[]}},"elements":[],"isInner":false,"widgetType":"tbay-nav-menu","elType":"widget"}],"isInner":false,"elType":"column"},{"id":"baee9cb","settings":{"_column_size":33,"_inline_size":null},"elements":[{"id":"581eada0","settings":{"align":"left","heading_title":"Add to cart","heading_title_size":{"unit":"px","size":14,"sizes":[]}},"elements":[],"isInner":false,"widgetType":"tbay-nav-menu","elType":"widget"}],"isInner":false,"elType":"column"}],"isInner":false,"elType":"section"}]}