{"version":"0.4","title":"Template &#8211; MegaMenu &#8211; Home Menu","type":"page","content":[{"id":"49f90bf5","settings":{"structure":"60"},"elements":[{"id":"7d44387d","settings":{"_column_size":16,"_inline_size":null},"elements":[{"id":"4816d35d","settings":[],"elements":[],"isInner":false,"widgetType":"tbay-nav-menu","elType":"widget"}],"isInner":false,"elType":"column"},{"id":"135d7308","settings":{"_column_size":16,"_inline_size":null},"elements":[{"id":"3ee346d1","settings":[],"elements":[],"isInner":false,"widgetType":"tbay-nav-menu","elType":"widget"}],"isInner":false,"elType":"column"},{"id":"17a4610c","settings":{"_column_size":16,"_inline_size":null},"elements":[{"id":"756f97d7","settings":[],"elements":[],"isInner":false,"widgetType":"tbay-nav-menu","elType":"widget"}],"isInner":false,"elType":"column"},{"id":"66ce8ea4","settings":{"_column_size":16,"_inline_size":null},"elements":[{"id":"7c50cad0","settings":[],"elements":[],"isInner":false,"widgetType":"tbay-nav-menu","elType":"widget"}],"isInner":false,"elType":"column"},{"id":"4281d845","settings":{"_column_size":16,"_inline_size":null},"elements":[{"id":"57bfa947","settings":[],"elements":[],"isInner":false,"widgetType":"tbay-nav-menu","elType":"widget"}],"isInner":false,"elType":"column"},{"id":"66bd8a9b","settings":{"_column_size":16,"_inline_size":null},"elements":[{"id":"340641d4","settings":[],"elements":[],"isInner":false,"widgetType":"tbay-nav-menu","elType":"widget"}],"isInner":false,"elType":"column"}],"isInner":false,"elType":"section"}]}