{"version":"0.4","title":"Template &#8211; MegaMenu &#8211; Blog","type":"page","content":[{"id":"22291b1b","settings":{"structure":"40"},"elements":[{"id":"60d526fb","settings":{"_column_size":25,"_inline_size":null},"elements":[{"id":"544d4e79","settings":{"align":"left","heading_title":"Blog archive 01","heading_title_size":{"unit":"px","size":14,"sizes":[]}},"elements":[],"isInner":false,"widgetType":"tbay-nav-menu","elType":"widget"}],"isInner":false,"elType":"column"},{"id":"5600b402","settings":{"_column_size":25,"_inline_size":null},"elements":[{"id":"638514f2","settings":{"align":"left","heading_title":"Blog archive 02","heading_title_size":{"unit":"px","size":14,"sizes":[]}},"elements":[],"isInner":false,"widgetType":"tbay-nav-menu","elType":"widget"}],"isInner":false,"elType":"column"},{"id":"27bd98f","settings":{"_column_size":25,"_inline_size":null},"elements":[{"id":"46dc824e","settings":{"align":"left","heading_title":"Blog Single Layout","heading_title_size":{"unit":"px","size":14,"sizes":[]}},"elements":[],"isInner":false,"widgetType":"tbay-nav-menu","elType":"widget"}],"isInner":false,"elType":"column"},{"id":"71d56a73","settings":{"_column_size":25,"_inline_size":null},"elements":[{"id":"394dec47","settings":{"align":"left","heading_title":"Blog Post Format","heading_title_size":{"unit":"px","size":14,"sizes":[]}},"elements":[],"isInner":false,"widgetType":"tbay-nav-menu","elType":"widget"}],"isInner":false,"elType":"column"}],"isInner":false,"elType":"section"}]}