{"version":"0.4","title":"Template &#8211; MegaMenu &#8211; Products","type":"page","content":[{"id":"3a8ae8cb","settings":{"structure":"40"},"elements":[{"id":"764fad9a","settings":{"_column_size":25,"_inline_size":null},"elements":[{"id":"4d7e3e82","settings":{"align":"left","heading_title":"Product Layout 01","heading_title_size":{"unit":"px","size":14,"sizes":[]}},"elements":[],"isInner":false,"widgetType":"tbay-nav-menu","elType":"widget"}],"isInner":false,"elType":"column"},{"id":"a4e398a","settings":{"_column_size":25,"_inline_size":null},"elements":[{"id":"2f1f9fbf","settings":{"align":"left","heading_title":"Product Layout 02","heading_title_size":{"unit":"px","size":14,"sizes":[]}},"elements":[],"isInner":false,"widgetType":"tbay-nav-menu","elType":"widget"}],"isInner":false,"elType":"column"},{"id":"2a63702","settings":{"_column_size":25,"_inline_size":null},"elements":[{"id":"53f80697","settings":{"align":"left","heading_title":"Product tabs style","heading_title_size":{"unit":"px","size":14,"sizes":[]}},"elements":[],"isInner":false,"widgetType":"tbay-nav-menu","elType":"widget"}],"isInner":false,"elType":"column"},{"id":"5a250f28","settings":{"_column_size":25,"_inline_size":null},"elements":[{"id":"271c2533","settings":{"align":"left","heading_title":"Product Types","heading_title_size":{"unit":"px","size":14,"sizes":[]}},"elements":[],"isInner":false,"widgetType":"tbay-nav-menu","elType":"widget"}],"isInner":false,"elType":"column"}],"isInner":false,"elType":"section"}]}