{"version":"0.4","title":"Template &#8211; MegaMenu &#8211; Women","type":"page","content":[{"id":"5224ea20","settings":{"structure":"22"},"elements":[{"id":"172408b1","settings":{"_column_size":66,"_inline_size":null},"elements":[{"id":"4c6a5c51","settings":{"structure":"40","css_classes":"has-border"},"elements":[{"id":"691f69a","settings":{"_column_size":25,"_inline_size":null},"elements":[{"id":"7fd87619","settings":{"align":"left","heading_title":"What's new in?","heading_title_size":{"unit":"px","size":14,"sizes":[]}},"elements":[],"isInner":false,"widgetType":"tbay-nav-menu","elType":"widget"}],"isInner":true,"elType":"column"},{"id":"2c1640","settings":{"_column_size":25,"_inline_size":null},"elements":[{"id":"1a509a2","settings":{"align":"left","heading_title":"Clothing","heading_title_size":{"unit":"px","size":14,"sizes":[]}},"elements":[],"isInner":false,"widgetType":"tbay-nav-menu","elType":"widget"}],"isInner":true,"elType":"column"},{"id":"54983af2","settings":{"_column_size":25,"_inline_size":null},"elements":[{"id":"3d84511e","settings":{"align":"left","heading_title":"Shoes","heading_title_size":{"unit":"px","size":14,"sizes":[]}},"elements":[],"isInner":false,"widgetType":"tbay-nav-menu","elType":"widget"}],"isInner":true,"elType":"column"},{"id":"5dfd931","settings":{"_column_size":25,"_inline_size":null},"elements":[{"id":"34af1230","settings":{"align":"left","heading_title":"Bags","heading_title_size":{"unit":"px","size":14,"sizes":[]}},"elements":[],"isInner":false,"widgetType":"tbay-nav-menu","elType":"widget"}],"isInner":true,"elType":"column"}],"isInner":true,"elType":"section"},{"id":"241f9f36","settings":{"structure":"40"},"elements":[{"id":"26c68edf","settings":{"_column_size":25,"_inline_size":null},"elements":[{"id":"20e1756e","settings":{"align":"left","heading_title":"Accessories","heading_title_size":{"unit":"px","size":14,"sizes":[]}},"elements":[],"isInner":false,"widgetType":"tbay-nav-menu","elType":"widget"}],"isInner":true,"elType":"column"},{"id":"4816c682","settings":{"_column_size":25,"_inline_size":null},"elements":[{"id":"7c56032d","settings":{"align":"left","heading_title":"Jewelry","heading_title_size":{"unit":"px","size":14,"sizes":[]}},"elements":[],"isInner":false,"widgetType":"tbay-nav-menu","elType":"widget"}],"isInner":true,"elType":"column"},{"id":"777ba5cc","settings":{"_column_size":25,"_inline_size":null},"elements":[{"id":"3985ab02","settings":{"align":"left","heading_title":"Sale","heading_title_size":{"unit":"px","size":14,"sizes":[]}},"elements":[],"isInner":false,"widgetType":"tbay-nav-menu","elType":"widget"}],"isInner":true,"elType":"column"},{"id":"36b601a0","settings":{"_column_size":25,"_inline_size":null},"elements":[{"id":"7f63567c","settings":{"align":"left","heading_title":"Vintage","heading_title_size":{"unit":"px","size":14,"sizes":[]}},"elements":[],"isInner":false,"widgetType":"tbay-nav-menu","elType":"widget"}],"isInner":true,"elType":"column"}],"isInner":true,"elType":"section"}],"isInner":false,"elType":"column"},{"id":"37f1d7ba","settings":{"_column_size":33,"_inline_size":null,"css_classes":"navigation-top","hide_tablet":"hidden-tablet","hide_mobile":"hidden-phone"},"elements":[{"id":"5bdb1b73","settings":{"align":"left","heading_title":"Recommended for you","heading_title_size":{"unit":"px","size":14,"sizes":[]},"limit":4,"layout_type":"carousel","categories":["computer-office","health-beauty","home-furniture"],"product_type":"random_product","column":"2","col_desktop":"2","text_button":"show more"},"elements":[],"isInner":false,"widgetType":"tbay-products","elType":"widget"},{"id":"759923b9","settings":{"image":{"id":4921,"url":"https:\/\/elementor.thembay.com\/puca_smarket2\/wp-content\/uploads\/2020\/01\/banner-mega.png"},"image_size":"full","link_to":"custom","link":{"url":"#","is_external":"","nofollow":""}},"elements":[],"isInner":false,"widgetType":"image","elType":"widget"}],"isInner":false,"elType":"column"}],"isInner":false,"elType":"section"},{"id":"16b46010","settings":[],"elements":[{"id":"4875a290","settings":{"_column_size":100,"_inline_size":null},"elements":[],"isInner":false,"elType":"column"}],"isInner":false,"elType":"section"}]}