{"version":"0.4","title":"Template &#8211; MegaMenu &#8211; Shop","type":"page","content":[{"id":"57a7aa2f","settings":{"structure":"40"},"elements":[{"id":"68bf6c49","settings":{"_column_size":25,"_inline_size":null},"elements":[{"id":"7c436905","settings":{"align":"left","heading_title":"Shop with sidebar","heading_title_size":{"unit":"px","size":14,"sizes":[]}},"elements":[],"isInner":false,"widgetType":"tbay-nav-menu","elType":"widget"}],"isInner":false,"elType":"column"},{"id":"6273a5d6","settings":{"_column_size":25,"_inline_size":null},"elements":[{"id":"4636c76c","settings":{"align":"left","heading_title":"Shop style 01","heading_title_size":{"unit":"px","size":14,"sizes":[]}},"elements":[],"isInner":false,"widgetType":"tbay-nav-menu","elType":"widget"}],"isInner":false,"elType":"column"},{"id":"7645cc3f","settings":{"_column_size":25,"_inline_size":null},"elements":[{"id":"67c0eb98","settings":{"align":"left","heading_title":"Shop style 02","heading_title_size":{"unit":"px","size":14,"sizes":[]}},"elements":[],"isInner":false,"widgetType":"tbay-nav-menu","elType":"widget"}],"isInner":false,"elType":"column"},{"id":"50ce757","settings":{"_column_size":25,"_inline_size":null},"elements":[{"id":"c0d9fcd","settings":{"align":"left","heading_title":"Shop pages","heading_title_size":{"unit":"px","size":14,"sizes":[]}},"elements":[],"isInner":false,"widgetType":"tbay-nav-menu","elType":"widget"}],"isInner":false,"elType":"column"}],"isInner":false,"elType":"section"}]}