{"version":"0.4","title":"Template &#8211; MegaMenu &#8211; Blog","type":"page","content":[{"id":"62faaadb","settings":{"structure":"40"},"elements":[{"id":"12b0ea95","settings":{"_column_size":25,"_inline_size":null},"elements":[{"id":"21714862","settings":{"align":"left","heading_title":"Blog archive 01","heading_title_size":{"unit":"px","size":14,"sizes":[]}},"elements":[],"isInner":false,"widgetType":"tbay-nav-menu","elType":"widget"}],"isInner":false,"elType":"column"},{"id":"18fd50bb","settings":{"_column_size":25,"_inline_size":null},"elements":[{"id":"351f84a4","settings":{"align":"left","heading_title":"Blog archive 02","heading_title_size":{"unit":"px","size":14,"sizes":[]}},"elements":[],"isInner":false,"widgetType":"tbay-nav-menu","elType":"widget"}],"isInner":false,"elType":"column"},{"id":"426f33fa","settings":{"_column_size":25,"_inline_size":null},"elements":[{"id":"69bb7163","settings":{"align":"left","heading_title":"Blog Single Layout","heading_title_size":{"unit":"px","size":14,"sizes":[]}},"elements":[],"isInner":false,"widgetType":"tbay-nav-menu","elType":"widget"}],"isInner":false,"elType":"column"},{"id":"6ed271f6","settings":{"_column_size":25,"_inline_size":null},"elements":[{"id":"41babab9","settings":{"align":"left","heading_title":"Blog Post Format","heading_title_size":{"unit":"px","size":14,"sizes":[]}},"elements":[],"isInner":false,"widgetType":"tbay-nav-menu","elType":"widget"}],"isInner":false,"elType":"column"}],"isInner":false,"elType":"section"}]}