{"version":"0.4","title":"Template &#8211; MegaMenu &#8211; Featured","type":"page","content":[{"id":"3e6bb3b3","settings":{"structure":"20"},"elements":[{"id":"3db2a6c","settings":{"_column_size":50,"_inline_size":null},"elements":[{"id":"369d574d","settings":{"align":"left","heading_title":"Elements","heading_title_size":{"unit":"px","size":14,"sizes":[]}},"elements":[],"isInner":false,"widgetType":"tbay-nav-menu","elType":"widget"}],"isInner":false,"elType":"column"},{"id":"218c2417","settings":{"_column_size":50,"_inline_size":null},"elements":[{"id":"217ca08d","settings":{"align":"left","heading_title":"Add to cart","heading_title_size":{"unit":"px","size":14,"sizes":[]}},"elements":[],"isInner":false,"widgetType":"tbay-nav-menu","elType":"widget"}],"isInner":false,"elType":"column"}],"isInner":false,"elType":"section"}]}