{"content":[{"id":"29997872","settings":{"stretch_section":"section-stretched","margin":{"unit":"px","top":"42","right":0,"bottom":"0","left":0,"isLinked":false}},"elements":[{"id":"c8d751e","settings":{"_column_size":100,"_inline_size":null},"elements":[{"id":"7405e0fa","settings":{"heading_title":"Product Recently View","heading_title_color":"#000000","heading_title_typography_typography":"custom","heading_title_typography_font_size":{"unit":"px","size":20,"sizes":[]},"heading_title_typography_font_weight":"600","heading_title_typography_text_transform":"uppercase","empty":"You have no recently viewed item.","limit":6,"layout_type":"carousel","column":"6","column_tablet":"4","col_desktop":"6","col_desktopsmall":"4","col_landscape":"3","readmore_text":"Read More","readmore_page":"6021","column_mobile":"3","disable_mobile":""},"elements":[],"isInner":false,"widgetType":"tbay-fashion3-product-recently-viewed","elType":"widget"}],"isInner":false,"elType":"column"}],"isInner":false,"elType":"section"}],"page_settings":[],"version":"0.4","title":"recently","type":"page"}