{"content":[{"id":"bc98111","settings":{"gap":"no","border_border":"solid","border_width":{"unit":"px","top":"1","right":"0","bottom":"0","left":"0","isLinked":false},"border_color":"#E9E9E9","margin":{"unit":"px","top":"24","right":0,"bottom":"0","left":0,"isLinked":false}},"elements":[{"id":"7fd3230d","settings":{"_column_size":100,"_inline_size":null},"elements":[{"id":"43328262","settings":{"space":{"unit":"px","size":36,"sizes":[]}},"elements":[],"isInner":false,"widgetType":"spacer","elType":"widget"}],"isInner":false,"elType":"column"}],"isInner":false,"elType":"section"},{"id":"7f1ea4ad","settings":{"gap":"no","border_border":"solid","border_width":{"unit":"px","top":"1","right":"1","bottom":"1","left":"1","isLinked":true},"border_color":"#006397","border_radius":{"unit":"px","top":"5","right":"5","bottom":"5","left":"5","isLinked":true},"margin":{"unit":"px","top":"","right":0,"bottom":"","left":0,"isLinked":true}},"elements":[{"id":"2d659b9b","settings":{"_column_size":100,"_inline_size":null},"elements":[{"id":"3b5b9340","settings":{"text":"Guaranteed SAFE Checkout","link":{"url":"","is_external":"","nofollow":"","custom_attributes":""},"align":"center","typography_typography":"custom","typography_font_size":{"unit":"px","size":14,"sizes":[]},"typography_line_height":{"unit":"px","size":21,"sizes":[]},"background_color":"#006397","border_radius":{"unit":"px","top":"3","right":"3","bottom":"3","left":"3","isLinked":true},"text_padding":{"unit":"px","top":"3","right":"8","bottom":"3","left":"8","isLinked":false},"_margin":{"unit":"px","top":"-14","right":"0","bottom":"0","left":"0","isLinked":false}},"elements":[],"isInner":false,"widgetType":"button","elType":"widget"},{"id":"84a7b5b","settings":{"image":{"id":6040,"url":"https:\/\/elementor3.thembay.com\/puca\/wp-content\/uploads\/2022\/09\/safe-checkout.png","alt":"","source":"library"},"image_size":"full","align":"center","_margin":{"unit":"px","top":"18","right":"0","bottom":"24","left":"0","isLinked":false}},"elements":[],"isInner":false,"widgetType":"image","elType":"widget"},{"id":"2871cd35","settings":{"gap":"no","structure":"30","background_background":"classic","background_color":"#006397","padding":{"unit":"px","top":"8","right":"0","bottom":"8","left":"0","isLinked":false}},"elements":[{"id":"402565a3","settings":{"_column_size":33,"_inline_size":null,"padding":{"unit":"px","top":"0","right":"24","bottom":"0","left":"24","isLinked":false},"padding_tablet":{"unit":"px","top":"0","right":"15","bottom":"0","left":"15","isLinked":false},"padding_mobile":{"unit":"px","top":"15","right":"15","bottom":"15","left":"15","isLinked":false}},"elements":[{"id":"1c0728a0","settings":{"selected_icon":{"value":"","library":""},"title_text":"Free","description_text":"Worldwide Shopping","text_align":"center","title_color":"#FFFFFF","title_typography_typography":"custom","title_typography_font_size":{"unit":"px","size":14,"sizes":[]},"title_typography_font_weight":"700","title_typography_line_height":{"unit":"px","size":21,"sizes":[]},"description_color":"#FFFFFF","description_typography_typography":"custom","description_typography_font_size":{"unit":"px","size":12,"sizes":[]},"description_typography_line_height":{"unit":"px","size":18,"sizes":[]},"title_bottom_space":{"unit":"px","size":0,"sizes":[]}},"elements":[],"isInner":false,"widgetType":"icon-box","elType":"widget"}],"isInner":true,"elType":"column"},{"id":"6c781724","settings":{"_column_size":33,"_inline_size":null,"margin_mobile":{"unit":"px","top":"0","right":"0","bottom":"15","left":"0","isLinked":false},"padding":{"unit":"px","top":"0","right":"30","bottom":"0","left":"0","isLinked":false},"padding_tablet":{"unit":"px","top":"0","right":"15","bottom":"0","left":"15","isLinked":false}},"elements":[{"id":"20e21a7a","settings":{"selected_icon":{"value":"","library":""},"title_text":"100%","description_text":"Guaranteed Satisfaction\n","title_color":"#FFFFFF","title_typography_typography":"custom","title_typography_font_size":{"unit":"px","size":14,"sizes":[]},"title_typography_font_weight":"700","title_typography_line_height":{"unit":"px","size":21,"sizes":[]},"description_color":"#FFFFFF","description_typography_typography":"custom","description_typography_font_size":{"unit":"px","size":12,"sizes":[]},"description_typography_line_height":{"unit":"px","size":18,"sizes":[]},"text_align":"center","title_bottom_space":{"unit":"px","size":0,"sizes":[]}},"elements":[],"isInner":false,"widgetType":"icon-box","elType":"widget"}],"isInner":true,"elType":"column"},{"id":"5eea61b7","settings":{"_column_size":33,"_inline_size":null,"padding":{"unit":"px","top":"0","right":"27","bottom":"0","left":"0","isLinked":false},"padding_tablet":{"unit":"px","top":"0","right":"15","bottom":"0","left":"15","isLinked":false},"padding_mobile":{"unit":"px","top":"0","right":"15","bottom":"15","left":"15","isLinked":false}},"elements":[{"id":"208050ac","settings":{"selected_icon":{"value":"","library":""},"title_text":"30 Day","description_text":"Guaranteed Money Back","title_color":"#FFFFFF","title_typography_typography":"custom","title_typography_font_size":{"unit":"px","size":14,"sizes":[]},"title_typography_font_weight":"700","title_typography_line_height":{"unit":"px","size":21,"sizes":[]},"description_color":"#FFFFFF","description_typography_typography":"custom","description_typography_font_size":{"unit":"px","size":12,"sizes":[]},"description_typography_line_height":{"unit":"px","size":18,"sizes":[]},"text_align":"center","title_bottom_space":{"unit":"px","size":0,"sizes":[]}},"elements":[],"isInner":false,"widgetType":"icon-box","elType":"widget"}],"isInner":true,"elType":"column"}],"isInner":true,"elType":"section"}],"isInner":false,"elType":"column"}],"isInner":false,"elType":"section"}],"page_settings":[],"version":"0.4","title":"safe","type":"page"}